--------------------------------------------------------
--  File created - Friday-May-03-2019   
--------------------------------------------------------
--------------------------------------------------------
--  DDL for Table BATCH
--------------------------------------------------------

  CREATE TABLE "CRG222"."BATCH" 
   (	"BATCHID" NUMBER, 
	"SUPPLIERID" NUMBER, 
	"PROCESSINGDATE" DATE
   ) SEGMENT CREATION IMMEDIATE 
  PCTFREE 10 PCTUSED 40 INITRANS 1 MAXTRANS 255 
 NOCOMPRESS LOGGING
  STORAGE(INITIAL 65536 NEXT 1048576 MINEXTENTS 1 MAXEXTENTS 2147483645
  PCTINCREASE 0 FREELISTS 1 FREELIST GROUPS 1
  BUFFER_POOL DEFAULT FLASH_CACHE DEFAULT CELL_FLASH_CACHE DEFAULT)
  TABLESPACE "USERS" ;
--------------------------------------------------------
--  DDL for Table CONTAINS
--------------------------------------------------------

  CREATE TABLE "CRG222"."CONTAINS" 
   (	"SHIPMENTID" NUMBER, 
	"BATCHID" NUMBER
   ) SEGMENT CREATION IMMEDIATE 
  PCTFREE 10 PCTUSED 40 INITRANS 1 MAXTRANS 255 
 NOCOMPRESS LOGGING
  STORAGE(INITIAL 65536 NEXT 1048576 MINEXTENTS 1 MAXEXTENTS 2147483645
  PCTINCREASE 0 FREELISTS 1 FREELIST GROUPS 1
  BUFFER_POOL DEFAULT FLASH_CACHE DEFAULT CELL_FLASH_CACHE DEFAULT)
  TABLESPACE "USERS" ;
--------------------------------------------------------
--  DDL for Table INGREDIENTS
--------------------------------------------------------

  CREATE TABLE "CRG222"."INGREDIENTS" 
   (	"PRODUCTID" NUMBER, 
	"COMPONENTID" NUMBER
   ) SEGMENT CREATION IMMEDIATE 
  PCTFREE 10 PCTUSED 40 INITRANS 1 MAXTRANS 255 
 NOCOMPRESS LOGGING
  STORAGE(INITIAL 65536 NEXT 1048576 MINEXTENTS 1 MAXEXTENTS 2147483645
  PCTINCREASE 0 FREELISTS 1 FREELIST GROUPS 1
  BUFFER_POOL DEFAULT FLASH_CACHE DEFAULT CELL_FLASH_CACHE DEFAULT)
  TABLESPACE "USERS" ;
--------------------------------------------------------
--  DDL for Table MADEFROM
--------------------------------------------------------

  CREATE TABLE "CRG222"."MADEFROM" 
   (	"PRODUCTLINEID" NUMBER, 
	"BATCHID" NUMBER
   ) SEGMENT CREATION IMMEDIATE 
  PCTFREE 10 PCTUSED 40 INITRANS 1 MAXTRANS 255 
 NOCOMPRESS LOGGING
  STORAGE(INITIAL 65536 NEXT 1048576 MINEXTENTS 1 MAXEXTENTS 2147483645
  PCTINCREASE 0 FREELISTS 1 FREELIST GROUPS 1
  BUFFER_POOL DEFAULT FLASH_CACHE DEFAULT CELL_FLASH_CACHE DEFAULT)
  TABLESPACE "USERS" ;
--------------------------------------------------------
--  DDL for Table MANUFACTURES
--------------------------------------------------------

  CREATE TABLE "CRG222"."MANUFACTURES" 
   (	"BATCHID" NUMBER, 
	"SUPPLIERID" NUMBER
   ) SEGMENT CREATION IMMEDIATE 
  PCTFREE 10 PCTUSED 40 INITRANS 1 MAXTRANS 255 
 NOCOMPRESS LOGGING
  STORAGE(INITIAL 65536 NEXT 1048576 MINEXTENTS 1 MAXEXTENTS 2147483645
  PCTINCREASE 0 FREELISTS 1 FREELIST GROUPS 1
  BUFFER_POOL DEFAULT FLASH_CACHE DEFAULT CELL_FLASH_CACHE DEFAULT)
  TABLESPACE "USERS" ;
--------------------------------------------------------
--  DDL for Table OFFERS
--------------------------------------------------------

  CREATE TABLE "CRG222"."OFFERS" 
   (	"SUPPLIERID" NUMBER, 
	"PRODUCTLINEID" NUMBER, 
	"SALEPRICE" NUMBER(10,4)
   ) SEGMENT CREATION IMMEDIATE 
  PCTFREE 10 PCTUSED 40 INITRANS 1 MAXTRANS 255 
 NOCOMPRESS LOGGING
  STORAGE(INITIAL 65536 NEXT 1048576 MINEXTENTS 1 MAXEXTENTS 2147483645
  PCTINCREASE 0 FREELISTS 1 FREELIST GROUPS 1
  BUFFER_POOL DEFAULT FLASH_CACHE DEFAULT CELL_FLASH_CACHE DEFAULT)
  TABLESPACE "USERS" ;
--------------------------------------------------------
--  DDL for Table PRODUCTLINE
--------------------------------------------------------

  CREATE TABLE "CRG222"."PRODUCTLINE" 
   (	"PRODUCTNAME" VARCHAR2(50 BYTE), 
	"PRICE" NUMBER(10,4), 
	"PRODUCTLINEID" NUMBER GENERATED ALWAYS AS IDENTITY MINVALUE 1 MAXVALUE 9999999999999999999999999999 INCREMENT BY 1 START WITH 1 CACHE 20 NOORDER  NOCYCLE  NOKEEP  NOSCALE 
   ) SEGMENT CREATION IMMEDIATE 
  PCTFREE 10 PCTUSED 40 INITRANS 1 MAXTRANS 255 
 NOCOMPRESS LOGGING
  STORAGE(INITIAL 65536 NEXT 1048576 MINEXTENTS 1 MAXEXTENTS 2147483645
  PCTINCREASE 0 FREELISTS 1 FREELIST GROUPS 1
  BUFFER_POOL DEFAULT FLASH_CACHE DEFAULT CELL_FLASH_CACHE DEFAULT)
  TABLESPACE "USERS" ;
--------------------------------------------------------
--  DDL for Table RECEIVES
--------------------------------------------------------

  CREATE TABLE "CRG222"."RECEIVES" 
   (	"SHIPMENTID" NUMBER, 
	"SUPPLIERID" NUMBER, 
	"QUANTITY" NUMBER
   ) SEGMENT CREATION IMMEDIATE 
  PCTFREE 10 PCTUSED 40 INITRANS 1 MAXTRANS 255 
 NOCOMPRESS LOGGING
  STORAGE(INITIAL 65536 NEXT 1048576 MINEXTENTS 1 MAXEXTENTS 2147483645
  PCTINCREASE 0 FREELISTS 1 FREELIST GROUPS 1
  BUFFER_POOL DEFAULT FLASH_CACHE DEFAULT CELL_FLASH_CACHE DEFAULT)
  TABLESPACE "USERS" ;
--------------------------------------------------------
--  DDL for Table SHIPMENT
--------------------------------------------------------

  CREATE TABLE "CRG222"."SHIPMENT" 
   (	"SHIPMENTID" NUMBER, 
	"UNITPRICE" NUMBER(10,4), 
	"QUANTITY" NUMBER, 
	"SHIPMENTDATE" DATE
   ) SEGMENT CREATION IMMEDIATE 
  PCTFREE 10 PCTUSED 40 INITRANS 1 MAXTRANS 255 
 NOCOMPRESS LOGGING
  STORAGE(INITIAL 65536 NEXT 1048576 MINEXTENTS 1 MAXEXTENTS 2147483645
  PCTINCREASE 0 FREELISTS 1 FREELIST GROUPS 1
  BUFFER_POOL DEFAULT FLASH_CACHE DEFAULT CELL_FLASH_CACHE DEFAULT)
  TABLESPACE "USERS" ;
--------------------------------------------------------
--  DDL for Table SHIPS
--------------------------------------------------------

  CREATE TABLE "CRG222"."SHIPS" 
   (	"SHIPMENTID" NUMBER, 
	"SUPPLIERID" NUMBER
   ) SEGMENT CREATION IMMEDIATE 
  PCTFREE 10 PCTUSED 40 INITRANS 1 MAXTRANS 255 
 NOCOMPRESS LOGGING
  STORAGE(INITIAL 65536 NEXT 1048576 MINEXTENTS 1 MAXEXTENTS 2147483645
  PCTINCREASE 0 FREELISTS 1 FREELIST GROUPS 1
  BUFFER_POOL DEFAULT FLASH_CACHE DEFAULT CELL_FLASH_CACHE DEFAULT)
  TABLESPACE "USERS" ;
--------------------------------------------------------
--  DDL for Table SUPPLIER
--------------------------------------------------------

  CREATE TABLE "CRG222"."SUPPLIER" 
   (	"SUPPLIERID" NUMBER, 
	"SUPPLIERNAME" VARCHAR2(50 BYTE), 
	"STREETNUMBER" NUMBER, 
	"STREETNAME" VARCHAR2(80 BYTE), 
	"CITY" VARCHAR2(50 BYTE), 
	"STATE" VARCHAR2(20 BYTE), 
	"ZIPCODE" NUMBER
   ) SEGMENT CREATION IMMEDIATE 
  PCTFREE 10 PCTUSED 40 INITRANS 1 MAXTRANS 255 
 NOCOMPRESS LOGGING
  STORAGE(INITIAL 65536 NEXT 1048576 MINEXTENTS 1 MAXEXTENTS 2147483645
  PCTINCREASE 0 FREELISTS 1 FREELIST GROUPS 1
  BUFFER_POOL DEFAULT FLASH_CACHE DEFAULT CELL_FLASH_CACHE DEFAULT)
  TABLESPACE "USERS" ;
--------------------------------------------------------
--  DDL for Table SUPPLIERPHONE
--------------------------------------------------------

  CREATE TABLE "CRG222"."SUPPLIERPHONE" 
   (	"SUPPLIERID" NUMBER, 
	"PHONENUMBER" VARCHAR2(20 BYTE)
   ) SEGMENT CREATION IMMEDIATE 
  PCTFREE 10 PCTUSED 40 INITRANS 1 MAXTRANS 255 
 NOCOMPRESS LOGGING
  STORAGE(INITIAL 65536 NEXT 1048576 MINEXTENTS 1 MAXEXTENTS 2147483645
  PCTINCREASE 0 FREELISTS 1 FREELIST GROUPS 1
  BUFFER_POOL DEFAULT FLASH_CACHE DEFAULT CELL_FLASH_CACHE DEFAULT)
  TABLESPACE "USERS" ;
--------------------------------------------------------
--  DDL for Table SUPPLIES
--------------------------------------------------------

  CREATE TABLE "CRG222"."SUPPLIES" 
   (	"SUPPLIERID" NUMBER, 
	"RECEIVERID" NUMBER
   ) SEGMENT CREATION IMMEDIATE 
  PCTFREE 10 PCTUSED 40 INITRANS 1 MAXTRANS 255 
 NOCOMPRESS LOGGING
  STORAGE(INITIAL 65536 NEXT 1048576 MINEXTENTS 1 MAXEXTENTS 2147483645
  PCTINCREASE 0 FREELISTS 1 FREELIST GROUPS 1
  BUFFER_POOL DEFAULT FLASH_CACHE DEFAULT CELL_FLASH_CACHE DEFAULT)
  TABLESPACE "USERS" ;
REM INSERTING into CRG222.BATCH
SET DEFINE OFF;
Insert into CRG222.BATCH (BATCHID,SUPPLIERID,PROCESSINGDATE) values (875,null,to_date('04-NOV-15','DD-MON-RR'));
Insert into CRG222.BATCH (BATCHID,SUPPLIERID,PROCESSINGDATE) values (877,null,to_date('25-MAR-15','DD-MON-RR'));
Insert into CRG222.BATCH (BATCHID,SUPPLIERID,PROCESSINGDATE) values (888,null,to_date('01-DEC-10','DD-MON-RR'));
Insert into CRG222.BATCH (BATCHID,SUPPLIERID,PROCESSINGDATE) values (889,null,to_date('26-JAN-10','DD-MON-RR'));
Insert into CRG222.BATCH (BATCHID,SUPPLIERID,PROCESSINGDATE) values (890,null,to_date('26-DEC-06','DD-MON-RR'));
Insert into CRG222.BATCH (BATCHID,SUPPLIERID,PROCESSINGDATE) values (907,null,to_date('21-OCT-13','DD-MON-RR'));
Insert into CRG222.BATCH (BATCHID,SUPPLIERID,PROCESSINGDATE) values (921,null,to_date('23-OCT-10','DD-MON-RR'));
Insert into CRG222.BATCH (BATCHID,SUPPLIERID,PROCESSINGDATE) values (928,null,to_date('07-NOV-12','DD-MON-RR'));
Insert into CRG222.BATCH (BATCHID,SUPPLIERID,PROCESSINGDATE) values (932,null,to_date('03-OCT-09','DD-MON-RR'));
Insert into CRG222.BATCH (BATCHID,SUPPLIERID,PROCESSINGDATE) values (933,null,to_date('05-FEB-15','DD-MON-RR'));
Insert into CRG222.BATCH (BATCHID,SUPPLIERID,PROCESSINGDATE) values (934,null,to_date('12-APR-14','DD-MON-RR'));
Insert into CRG222.BATCH (BATCHID,SUPPLIERID,PROCESSINGDATE) values (935,null,to_date('09-APR-15','DD-MON-RR'));
Insert into CRG222.BATCH (BATCHID,SUPPLIERID,PROCESSINGDATE) values (936,null,to_date('29-OCT-07','DD-MON-RR'));
Insert into CRG222.BATCH (BATCHID,SUPPLIERID,PROCESSINGDATE) values (945,null,to_date('29-OCT-05','DD-MON-RR'));
Insert into CRG222.BATCH (BATCHID,SUPPLIERID,PROCESSINGDATE) values (957,null,to_date('26-AUG-18','DD-MON-RR'));
Insert into CRG222.BATCH (BATCHID,SUPPLIERID,PROCESSINGDATE) values (958,null,to_date('26-FEB-12','DD-MON-RR'));
Insert into CRG222.BATCH (BATCHID,SUPPLIERID,PROCESSINGDATE) values (960,null,to_date('18-APR-15','DD-MON-RR'));
Insert into CRG222.BATCH (BATCHID,SUPPLIERID,PROCESSINGDATE) values (961,null,to_date('08-SEP-10','DD-MON-RR'));
Insert into CRG222.BATCH (BATCHID,SUPPLIERID,PROCESSINGDATE) values (964,null,to_date('06-SEP-09','DD-MON-RR'));
Insert into CRG222.BATCH (BATCHID,SUPPLIERID,PROCESSINGDATE) values (967,null,to_date('30-JAN-15','DD-MON-RR'));
Insert into CRG222.BATCH (BATCHID,SUPPLIERID,PROCESSINGDATE) values (980,null,to_date('15-OCT-06','DD-MON-RR'));
Insert into CRG222.BATCH (BATCHID,SUPPLIERID,PROCESSINGDATE) values (985,null,to_date('18-FEB-19','DD-MON-RR'));
Insert into CRG222.BATCH (BATCHID,SUPPLIERID,PROCESSINGDATE) values (987,null,to_date('15-MAY-16','DD-MON-RR'));
Insert into CRG222.BATCH (BATCHID,SUPPLIERID,PROCESSINGDATE) values (990,null,to_date('11-FEB-19','DD-MON-RR'));
Insert into CRG222.BATCH (BATCHID,SUPPLIERID,PROCESSINGDATE) values (995,null,to_date('28-SEP-15','DD-MON-RR'));
Insert into CRG222.BATCH (BATCHID,SUPPLIERID,PROCESSINGDATE) values (998,null,to_date('06-DEC-13','DD-MON-RR'));
Insert into CRG222.BATCH (BATCHID,SUPPLIERID,PROCESSINGDATE) values (728,null,to_date('21-FEB-19','DD-MON-RR'));
Insert into CRG222.BATCH (BATCHID,SUPPLIERID,PROCESSINGDATE) values (729,null,to_date('04-JUN-12','DD-MON-RR'));
Insert into CRG222.BATCH (BATCHID,SUPPLIERID,PROCESSINGDATE) values (731,null,to_date('12-OCT-12','DD-MON-RR'));
Insert into CRG222.BATCH (BATCHID,SUPPLIERID,PROCESSINGDATE) values (741,null,to_date('13-MAR-05','DD-MON-RR'));
Insert into CRG222.BATCH (BATCHID,SUPPLIERID,PROCESSINGDATE) values (745,null,to_date('20-NOV-18','DD-MON-RR'));
Insert into CRG222.BATCH (BATCHID,SUPPLIERID,PROCESSINGDATE) values (763,null,to_date('23-APR-07','DD-MON-RR'));
Insert into CRG222.BATCH (BATCHID,SUPPLIERID,PROCESSINGDATE) values (765,null,to_date('19-OCT-13','DD-MON-RR'));
Insert into CRG222.BATCH (BATCHID,SUPPLIERID,PROCESSINGDATE) values (771,null,to_date('29-AUG-12','DD-MON-RR'));
Insert into CRG222.BATCH (BATCHID,SUPPLIERID,PROCESSINGDATE) values (775,null,to_date('30-NOV-14','DD-MON-RR'));
Insert into CRG222.BATCH (BATCHID,SUPPLIERID,PROCESSINGDATE) values (780,null,to_date('28-MAY-10','DD-MON-RR'));
Insert into CRG222.BATCH (BATCHID,SUPPLIERID,PROCESSINGDATE) values (799,null,to_date('07-SEP-18','DD-MON-RR'));
Insert into CRG222.BATCH (BATCHID,SUPPLIERID,PROCESSINGDATE) values (802,null,to_date('23-AUG-18','DD-MON-RR'));
Insert into CRG222.BATCH (BATCHID,SUPPLIERID,PROCESSINGDATE) values (803,null,to_date('26-JUN-15','DD-MON-RR'));
Insert into CRG222.BATCH (BATCHID,SUPPLIERID,PROCESSINGDATE) values (808,null,to_date('21-MAY-13','DD-MON-RR'));
Insert into CRG222.BATCH (BATCHID,SUPPLIERID,PROCESSINGDATE) values (809,null,to_date('25-JAN-06','DD-MON-RR'));
Insert into CRG222.BATCH (BATCHID,SUPPLIERID,PROCESSINGDATE) values (821,null,to_date('20-MAR-16','DD-MON-RR'));
Insert into CRG222.BATCH (BATCHID,SUPPLIERID,PROCESSINGDATE) values (824,null,to_date('25-APR-05','DD-MON-RR'));
Insert into CRG222.BATCH (BATCHID,SUPPLIERID,PROCESSINGDATE) values (827,null,to_date('18-AUG-09','DD-MON-RR'));
Insert into CRG222.BATCH (BATCHID,SUPPLIERID,PROCESSINGDATE) values (843,null,to_date('05-SEP-13','DD-MON-RR'));
Insert into CRG222.BATCH (BATCHID,SUPPLIERID,PROCESSINGDATE) values (860,null,to_date('30-NOV-05','DD-MON-RR'));
Insert into CRG222.BATCH (BATCHID,SUPPLIERID,PROCESSINGDATE) values (869,null,to_date('15-NOV-11','DD-MON-RR'));
Insert into CRG222.BATCH (BATCHID,SUPPLIERID,PROCESSINGDATE) values (283,null,to_date('21-FEB-14','DD-MON-RR'));
Insert into CRG222.BATCH (BATCHID,SUPPLIERID,PROCESSINGDATE) values (289,null,to_date('13-FEB-12','DD-MON-RR'));
Insert into CRG222.BATCH (BATCHID,SUPPLIERID,PROCESSINGDATE) values (296,null,to_date('20-NOV-18','DD-MON-RR'));
Insert into CRG222.BATCH (BATCHID,SUPPLIERID,PROCESSINGDATE) values (298,null,to_date('17-OCT-12','DD-MON-RR'));
Insert into CRG222.BATCH (BATCHID,SUPPLIERID,PROCESSINGDATE) values (308,null,to_date('30-DEC-15','DD-MON-RR'));
Insert into CRG222.BATCH (BATCHID,SUPPLIERID,PROCESSINGDATE) values (309,null,to_date('10-APR-10','DD-MON-RR'));
Insert into CRG222.BATCH (BATCHID,SUPPLIERID,PROCESSINGDATE) values (313,null,to_date('27-AUG-07','DD-MON-RR'));
Insert into CRG222.BATCH (BATCHID,SUPPLIERID,PROCESSINGDATE) values (314,null,to_date('05-OCT-15','DD-MON-RR'));
Insert into CRG222.BATCH (BATCHID,SUPPLIERID,PROCESSINGDATE) values (323,null,to_date('08-MAY-12','DD-MON-RR'));
Insert into CRG222.BATCH (BATCHID,SUPPLIERID,PROCESSINGDATE) values (324,null,to_date('21-MAY-17','DD-MON-RR'));
Insert into CRG222.BATCH (BATCHID,SUPPLIERID,PROCESSINGDATE) values (327,null,to_date('20-NOV-07','DD-MON-RR'));
Insert into CRG222.BATCH (BATCHID,SUPPLIERID,PROCESSINGDATE) values (330,null,to_date('20-DEC-08','DD-MON-RR'));
Insert into CRG222.BATCH (BATCHID,SUPPLIERID,PROCESSINGDATE) values (337,null,to_date('26-NOV-05','DD-MON-RR'));
Insert into CRG222.BATCH (BATCHID,SUPPLIERID,PROCESSINGDATE) values (343,null,to_date('07-NOV-14','DD-MON-RR'));
Insert into CRG222.BATCH (BATCHID,SUPPLIERID,PROCESSINGDATE) values (344,null,to_date('09-OCT-14','DD-MON-RR'));
Insert into CRG222.BATCH (BATCHID,SUPPLIERID,PROCESSINGDATE) values (346,null,to_date('06-OCT-06','DD-MON-RR'));
Insert into CRG222.BATCH (BATCHID,SUPPLIERID,PROCESSINGDATE) values (348,null,to_date('18-FEB-08','DD-MON-RR'));
Insert into CRG222.BATCH (BATCHID,SUPPLIERID,PROCESSINGDATE) values (366,null,to_date('02-APR-14','DD-MON-RR'));
Insert into CRG222.BATCH (BATCHID,SUPPLIERID,PROCESSINGDATE) values (373,null,to_date('11-MAR-14','DD-MON-RR'));
Insert into CRG222.BATCH (BATCHID,SUPPLIERID,PROCESSINGDATE) values (378,null,to_date('14-SEP-07','DD-MON-RR'));
Insert into CRG222.BATCH (BATCHID,SUPPLIERID,PROCESSINGDATE) values (382,null,to_date('17-JAN-12','DD-MON-RR'));
Insert into CRG222.BATCH (BATCHID,SUPPLIERID,PROCESSINGDATE) values (384,null,to_date('11-OCT-14','DD-MON-RR'));
Insert into CRG222.BATCH (BATCHID,SUPPLIERID,PROCESSINGDATE) values (385,null,to_date('05-FEB-12','DD-MON-RR'));
Insert into CRG222.BATCH (BATCHID,SUPPLIERID,PROCESSINGDATE) values (389,null,to_date('28-JAN-06','DD-MON-RR'));
Insert into CRG222.BATCH (BATCHID,SUPPLIERID,PROCESSINGDATE) values (392,null,to_date('27-MAY-13','DD-MON-RR'));
Insert into CRG222.BATCH (BATCHID,SUPPLIERID,PROCESSINGDATE) values (417,null,to_date('20-JUN-12','DD-MON-RR'));
Insert into CRG222.BATCH (BATCHID,SUPPLIERID,PROCESSINGDATE) values (418,null,to_date('21-OCT-09','DD-MON-RR'));
Insert into CRG222.BATCH (BATCHID,SUPPLIERID,PROCESSINGDATE) values (429,null,to_date('11-MAR-10','DD-MON-RR'));
Insert into CRG222.BATCH (BATCHID,SUPPLIERID,PROCESSINGDATE) values (430,null,to_date('17-MAY-18','DD-MON-RR'));
Insert into CRG222.BATCH (BATCHID,SUPPLIERID,PROCESSINGDATE) values (431,null,to_date('30-JAN-19','DD-MON-RR'));
Insert into CRG222.BATCH (BATCHID,SUPPLIERID,PROCESSINGDATE) values (724,null,to_date('29-DEC-15','DD-MON-RR'));
Insert into CRG222.BATCH (BATCHID,SUPPLIERID,PROCESSINGDATE) values (3,null,to_date('02-MAY-09','DD-MON-RR'));
Insert into CRG222.BATCH (BATCHID,SUPPLIERID,PROCESSINGDATE) values (9,null,to_date('13-OCT-18','DD-MON-RR'));
Insert into CRG222.BATCH (BATCHID,SUPPLIERID,PROCESSINGDATE) values (12,null,to_date('28-MAY-12','DD-MON-RR'));
Insert into CRG222.BATCH (BATCHID,SUPPLIERID,PROCESSINGDATE) values (13,null,to_date('10-JUL-09','DD-MON-RR'));
Insert into CRG222.BATCH (BATCHID,SUPPLIERID,PROCESSINGDATE) values (16,null,to_date('01-JUL-10','DD-MON-RR'));
Insert into CRG222.BATCH (BATCHID,SUPPLIERID,PROCESSINGDATE) values (18,null,to_date('05-APR-08','DD-MON-RR'));
Insert into CRG222.BATCH (BATCHID,SUPPLIERID,PROCESSINGDATE) values (30,null,to_date('17-DEC-07','DD-MON-RR'));
Insert into CRG222.BATCH (BATCHID,SUPPLIERID,PROCESSINGDATE) values (34,null,to_date('18-AUG-10','DD-MON-RR'));
Insert into CRG222.BATCH (BATCHID,SUPPLIERID,PROCESSINGDATE) values (36,null,to_date('07-JUL-15','DD-MON-RR'));
Insert into CRG222.BATCH (BATCHID,SUPPLIERID,PROCESSINGDATE) values (43,null,to_date('07-JUL-07','DD-MON-RR'));
Insert into CRG222.BATCH (BATCHID,SUPPLIERID,PROCESSINGDATE) values (47,null,to_date('27-MAR-17','DD-MON-RR'));
Insert into CRG222.BATCH (BATCHID,SUPPLIERID,PROCESSINGDATE) values (49,null,to_date('08-DEC-12','DD-MON-RR'));
Insert into CRG222.BATCH (BATCHID,SUPPLIERID,PROCESSINGDATE) values (50,null,to_date('12-JUL-15','DD-MON-RR'));
Insert into CRG222.BATCH (BATCHID,SUPPLIERID,PROCESSINGDATE) values (63,null,to_date('25-APR-13','DD-MON-RR'));
Insert into CRG222.BATCH (BATCHID,SUPPLIERID,PROCESSINGDATE) values (65,null,to_date('18-MAY-13','DD-MON-RR'));
Insert into CRG222.BATCH (BATCHID,SUPPLIERID,PROCESSINGDATE) values (66,null,to_date('11-MAY-06','DD-MON-RR'));
Insert into CRG222.BATCH (BATCHID,SUPPLIERID,PROCESSINGDATE) values (72,null,to_date('10-SEP-11','DD-MON-RR'));
Insert into CRG222.BATCH (BATCHID,SUPPLIERID,PROCESSINGDATE) values (75,null,to_date('26-JAN-05','DD-MON-RR'));
Insert into CRG222.BATCH (BATCHID,SUPPLIERID,PROCESSINGDATE) values (81,null,to_date('18-MAY-18','DD-MON-RR'));
Insert into CRG222.BATCH (BATCHID,SUPPLIERID,PROCESSINGDATE) values (84,null,to_date('03-SEP-07','DD-MON-RR'));
Insert into CRG222.BATCH (BATCHID,SUPPLIERID,PROCESSINGDATE) values (85,null,to_date('12-DEC-15','DD-MON-RR'));
Insert into CRG222.BATCH (BATCHID,SUPPLIERID,PROCESSINGDATE) values (90,null,to_date('17-JUL-17','DD-MON-RR'));
Insert into CRG222.BATCH (BATCHID,SUPPLIERID,PROCESSINGDATE) values (102,null,to_date('08-SEP-07','DD-MON-RR'));
Insert into CRG222.BATCH (BATCHID,SUPPLIERID,PROCESSINGDATE) values (111,null,to_date('14-OCT-14','DD-MON-RR'));
Insert into CRG222.BATCH (BATCHID,SUPPLIERID,PROCESSINGDATE) values (113,null,to_date('24-NOV-13','DD-MON-RR'));
Insert into CRG222.BATCH (BATCHID,SUPPLIERID,PROCESSINGDATE) values (115,null,to_date('16-APR-09','DD-MON-RR'));
Insert into CRG222.BATCH (BATCHID,SUPPLIERID,PROCESSINGDATE) values (122,null,to_date('31-MAY-06','DD-MON-RR'));
Insert into CRG222.BATCH (BATCHID,SUPPLIERID,PROCESSINGDATE) values (127,null,to_date('12-MAY-07','DD-MON-RR'));
Insert into CRG222.BATCH (BATCHID,SUPPLIERID,PROCESSINGDATE) values (130,null,to_date('30-JUL-11','DD-MON-RR'));
Insert into CRG222.BATCH (BATCHID,SUPPLIERID,PROCESSINGDATE) values (132,null,to_date('13-OCT-05','DD-MON-RR'));
Insert into CRG222.BATCH (BATCHID,SUPPLIERID,PROCESSINGDATE) values (137,null,to_date('26-FEB-15','DD-MON-RR'));
Insert into CRG222.BATCH (BATCHID,SUPPLIERID,PROCESSINGDATE) values (143,null,to_date('23-AUG-09','DD-MON-RR'));
Insert into CRG222.BATCH (BATCHID,SUPPLIERID,PROCESSINGDATE) values (148,null,to_date('22-DEC-14','DD-MON-RR'));
Insert into CRG222.BATCH (BATCHID,SUPPLIERID,PROCESSINGDATE) values (149,null,to_date('04-JUL-07','DD-MON-RR'));
Insert into CRG222.BATCH (BATCHID,SUPPLIERID,PROCESSINGDATE) values (154,null,to_date('04-SEP-07','DD-MON-RR'));
Insert into CRG222.BATCH (BATCHID,SUPPLIERID,PROCESSINGDATE) values (159,null,to_date('07-JUL-08','DD-MON-RR'));
Insert into CRG222.BATCH (BATCHID,SUPPLIERID,PROCESSINGDATE) values (165,null,to_date('18-SEP-06','DD-MON-RR'));
Insert into CRG222.BATCH (BATCHID,SUPPLIERID,PROCESSINGDATE) values (168,null,to_date('24-SEP-09','DD-MON-RR'));
Insert into CRG222.BATCH (BATCHID,SUPPLIERID,PROCESSINGDATE) values (175,null,to_date('03-DEC-12','DD-MON-RR'));
Insert into CRG222.BATCH (BATCHID,SUPPLIERID,PROCESSINGDATE) values (197,null,to_date('23-AUG-05','DD-MON-RR'));
Insert into CRG222.BATCH (BATCHID,SUPPLIERID,PROCESSINGDATE) values (198,null,to_date('01-OCT-18','DD-MON-RR'));
Insert into CRG222.BATCH (BATCHID,SUPPLIERID,PROCESSINGDATE) values (199,null,to_date('14-DEC-13','DD-MON-RR'));
Insert into CRG222.BATCH (BATCHID,SUPPLIERID,PROCESSINGDATE) values (208,null,to_date('13-JAN-16','DD-MON-RR'));
Insert into CRG222.BATCH (BATCHID,SUPPLIERID,PROCESSINGDATE) values (210,null,to_date('16-DEC-14','DD-MON-RR'));
Insert into CRG222.BATCH (BATCHID,SUPPLIERID,PROCESSINGDATE) values (219,null,to_date('09-MAY-16','DD-MON-RR'));
Insert into CRG222.BATCH (BATCHID,SUPPLIERID,PROCESSINGDATE) values (221,null,to_date('19-JUN-06','DD-MON-RR'));
Insert into CRG222.BATCH (BATCHID,SUPPLIERID,PROCESSINGDATE) values (226,null,to_date('04-OCT-08','DD-MON-RR'));
Insert into CRG222.BATCH (BATCHID,SUPPLIERID,PROCESSINGDATE) values (247,null,to_date('19-FEB-05','DD-MON-RR'));
Insert into CRG222.BATCH (BATCHID,SUPPLIERID,PROCESSINGDATE) values (250,null,to_date('12-MAR-14','DD-MON-RR'));
Insert into CRG222.BATCH (BATCHID,SUPPLIERID,PROCESSINGDATE) values (255,null,to_date('20-DEC-17','DD-MON-RR'));
Insert into CRG222.BATCH (BATCHID,SUPPLIERID,PROCESSINGDATE) values (267,null,to_date('21-MAR-10','DD-MON-RR'));
Insert into CRG222.BATCH (BATCHID,SUPPLIERID,PROCESSINGDATE) values (268,null,to_date('22-OCT-07','DD-MON-RR'));
Insert into CRG222.BATCH (BATCHID,SUPPLIERID,PROCESSINGDATE) values (274,null,to_date('06-DEC-18','DD-MON-RR'));
Insert into CRG222.BATCH (BATCHID,SUPPLIERID,PROCESSINGDATE) values (275,null,to_date('11-MAR-13','DD-MON-RR'));
Insert into CRG222.BATCH (BATCHID,SUPPLIERID,PROCESSINGDATE) values (278,null,to_date('19-JUL-17','DD-MON-RR'));
Insert into CRG222.BATCH (BATCHID,SUPPLIERID,PROCESSINGDATE) values (305,null,to_date('21-OCT-13','DD-MON-RR'));
Insert into CRG222.BATCH (BATCHID,SUPPLIERID,PROCESSINGDATE) values (334,null,to_date('25-SEP-05','DD-MON-RR'));
Insert into CRG222.BATCH (BATCHID,SUPPLIERID,PROCESSINGDATE) values (357,null,to_date('03-FEB-07','DD-MON-RR'));
Insert into CRG222.BATCH (BATCHID,SUPPLIERID,PROCESSINGDATE) values (362,null,to_date('12-MAY-05','DD-MON-RR'));
Insert into CRG222.BATCH (BATCHID,SUPPLIERID,PROCESSINGDATE) values (391,null,to_date('29-APR-14','DD-MON-RR'));
Insert into CRG222.BATCH (BATCHID,SUPPLIERID,PROCESSINGDATE) values (397,null,to_date('09-MAR-10','DD-MON-RR'));
Insert into CRG222.BATCH (BATCHID,SUPPLIERID,PROCESSINGDATE) values (403,null,to_date('26-JAN-17','DD-MON-RR'));
Insert into CRG222.BATCH (BATCHID,SUPPLIERID,PROCESSINGDATE) values (409,null,to_date('30-OCT-10','DD-MON-RR'));
Insert into CRG222.BATCH (BATCHID,SUPPLIERID,PROCESSINGDATE) values (439,null,to_date('27-JUN-13','DD-MON-RR'));
Insert into CRG222.BATCH (BATCHID,SUPPLIERID,PROCESSINGDATE) values (444,null,to_date('19-JUN-13','DD-MON-RR'));
Insert into CRG222.BATCH (BATCHID,SUPPLIERID,PROCESSINGDATE) values (445,null,to_date('14-DEC-14','DD-MON-RR'));
Insert into CRG222.BATCH (BATCHID,SUPPLIERID,PROCESSINGDATE) values (449,null,to_date('12-APR-11','DD-MON-RR'));
Insert into CRG222.BATCH (BATCHID,SUPPLIERID,PROCESSINGDATE) values (456,null,to_date('02-DEC-06','DD-MON-RR'));
Insert into CRG222.BATCH (BATCHID,SUPPLIERID,PROCESSINGDATE) values (458,null,to_date('21-DEC-05','DD-MON-RR'));
Insert into CRG222.BATCH (BATCHID,SUPPLIERID,PROCESSINGDATE) values (460,null,to_date('28-JUL-13','DD-MON-RR'));
Insert into CRG222.BATCH (BATCHID,SUPPLIERID,PROCESSINGDATE) values (465,null,to_date('25-OCT-09','DD-MON-RR'));
Insert into CRG222.BATCH (BATCHID,SUPPLIERID,PROCESSINGDATE) values (469,null,to_date('14-JAN-19','DD-MON-RR'));
Insert into CRG222.BATCH (BATCHID,SUPPLIERID,PROCESSINGDATE) values (471,null,to_date('14-MAR-18','DD-MON-RR'));
Insert into CRG222.BATCH (BATCHID,SUPPLIERID,PROCESSINGDATE) values (474,null,to_date('02-OCT-05','DD-MON-RR'));
Insert into CRG222.BATCH (BATCHID,SUPPLIERID,PROCESSINGDATE) values (475,null,to_date('10-MAR-17','DD-MON-RR'));
Insert into CRG222.BATCH (BATCHID,SUPPLIERID,PROCESSINGDATE) values (476,null,to_date('16-FEB-12','DD-MON-RR'));
Insert into CRG222.BATCH (BATCHID,SUPPLIERID,PROCESSINGDATE) values (477,null,to_date('13-APR-16','DD-MON-RR'));
Insert into CRG222.BATCH (BATCHID,SUPPLIERID,PROCESSINGDATE) values (478,null,to_date('26-APR-11','DD-MON-RR'));
Insert into CRG222.BATCH (BATCHID,SUPPLIERID,PROCESSINGDATE) values (480,null,to_date('03-FEB-12','DD-MON-RR'));
Insert into CRG222.BATCH (BATCHID,SUPPLIERID,PROCESSINGDATE) values (481,null,to_date('16-FEB-15','DD-MON-RR'));
Insert into CRG222.BATCH (BATCHID,SUPPLIERID,PROCESSINGDATE) values (500,null,to_date('01-SEP-14','DD-MON-RR'));
Insert into CRG222.BATCH (BATCHID,SUPPLIERID,PROCESSINGDATE) values (501,null,to_date('02-JUL-17','DD-MON-RR'));
Insert into CRG222.BATCH (BATCHID,SUPPLIERID,PROCESSINGDATE) values (508,null,to_date('17-SEP-11','DD-MON-RR'));
Insert into CRG222.BATCH (BATCHID,SUPPLIERID,PROCESSINGDATE) values (523,null,to_date('05-JUL-09','DD-MON-RR'));
Insert into CRG222.BATCH (BATCHID,SUPPLIERID,PROCESSINGDATE) values (528,null,to_date('23-APR-08','DD-MON-RR'));
Insert into CRG222.BATCH (BATCHID,SUPPLIERID,PROCESSINGDATE) values (531,null,to_date('22-JUN-07','DD-MON-RR'));
Insert into CRG222.BATCH (BATCHID,SUPPLIERID,PROCESSINGDATE) values (533,null,to_date('15-NOV-18','DD-MON-RR'));
Insert into CRG222.BATCH (BATCHID,SUPPLIERID,PROCESSINGDATE) values (535,null,to_date('06-NOV-11','DD-MON-RR'));
Insert into CRG222.BATCH (BATCHID,SUPPLIERID,PROCESSINGDATE) values (553,null,to_date('18-JUN-18','DD-MON-RR'));
Insert into CRG222.BATCH (BATCHID,SUPPLIERID,PROCESSINGDATE) values (554,null,to_date('21-DEC-07','DD-MON-RR'));
Insert into CRG222.BATCH (BATCHID,SUPPLIERID,PROCESSINGDATE) values (558,null,to_date('26-DEC-06','DD-MON-RR'));
Insert into CRG222.BATCH (BATCHID,SUPPLIERID,PROCESSINGDATE) values (560,null,to_date('29-SEP-18','DD-MON-RR'));
Insert into CRG222.BATCH (BATCHID,SUPPLIERID,PROCESSINGDATE) values (562,null,to_date('15-DEC-16','DD-MON-RR'));
Insert into CRG222.BATCH (BATCHID,SUPPLIERID,PROCESSINGDATE) values (577,null,to_date('08-JUN-15','DD-MON-RR'));
Insert into CRG222.BATCH (BATCHID,SUPPLIERID,PROCESSINGDATE) values (580,null,to_date('17-AUG-15','DD-MON-RR'));
Insert into CRG222.BATCH (BATCHID,SUPPLIERID,PROCESSINGDATE) values (583,null,to_date('15-NOV-15','DD-MON-RR'));
Insert into CRG222.BATCH (BATCHID,SUPPLIERID,PROCESSINGDATE) values (588,null,to_date('25-FEB-19','DD-MON-RR'));
Insert into CRG222.BATCH (BATCHID,SUPPLIERID,PROCESSINGDATE) values (593,null,to_date('14-JUL-14','DD-MON-RR'));
Insert into CRG222.BATCH (BATCHID,SUPPLIERID,PROCESSINGDATE) values (607,null,to_date('24-SEP-14','DD-MON-RR'));
Insert into CRG222.BATCH (BATCHID,SUPPLIERID,PROCESSINGDATE) values (609,null,to_date('18-AUG-11','DD-MON-RR'));
Insert into CRG222.BATCH (BATCHID,SUPPLIERID,PROCESSINGDATE) values (611,null,to_date('16-DEC-09','DD-MON-RR'));
Insert into CRG222.BATCH (BATCHID,SUPPLIERID,PROCESSINGDATE) values (613,null,to_date('20-JUN-10','DD-MON-RR'));
Insert into CRG222.BATCH (BATCHID,SUPPLIERID,PROCESSINGDATE) values (618,null,to_date('26-AUG-10','DD-MON-RR'));
Insert into CRG222.BATCH (BATCHID,SUPPLIERID,PROCESSINGDATE) values (632,null,to_date('03-SEP-06','DD-MON-RR'));
Insert into CRG222.BATCH (BATCHID,SUPPLIERID,PROCESSINGDATE) values (646,null,to_date('16-JUL-12','DD-MON-RR'));
Insert into CRG222.BATCH (BATCHID,SUPPLIERID,PROCESSINGDATE) values (647,null,to_date('11-JUN-14','DD-MON-RR'));
Insert into CRG222.BATCH (BATCHID,SUPPLIERID,PROCESSINGDATE) values (649,null,to_date('06-JUL-05','DD-MON-RR'));
Insert into CRG222.BATCH (BATCHID,SUPPLIERID,PROCESSINGDATE) values (664,null,to_date('22-JAN-12','DD-MON-RR'));
Insert into CRG222.BATCH (BATCHID,SUPPLIERID,PROCESSINGDATE) values (674,null,to_date('15-AUG-12','DD-MON-RR'));
Insert into CRG222.BATCH (BATCHID,SUPPLIERID,PROCESSINGDATE) values (678,null,to_date('05-MAY-17','DD-MON-RR'));
Insert into CRG222.BATCH (BATCHID,SUPPLIERID,PROCESSINGDATE) values (692,null,to_date('26-FEB-18','DD-MON-RR'));
Insert into CRG222.BATCH (BATCHID,SUPPLIERID,PROCESSINGDATE) values (694,null,to_date('15-OCT-17','DD-MON-RR'));
Insert into CRG222.BATCH (BATCHID,SUPPLIERID,PROCESSINGDATE) values (697,null,to_date('22-JAN-19','DD-MON-RR'));
Insert into CRG222.BATCH (BATCHID,SUPPLIERID,PROCESSINGDATE) values (708,null,to_date('08-APR-08','DD-MON-RR'));
Insert into CRG222.BATCH (BATCHID,SUPPLIERID,PROCESSINGDATE) values (709,null,to_date('25-APR-07','DD-MON-RR'));
Insert into CRG222.BATCH (BATCHID,SUPPLIERID,PROCESSINGDATE) values (714,null,to_date('09-JAN-15','DD-MON-RR'));
Insert into CRG222.BATCH (BATCHID,SUPPLIERID,PROCESSINGDATE) values (721,null,to_date('04-MAR-14','DD-MON-RR'));
Insert into CRG222.BATCH (BATCHID,SUPPLIERID,PROCESSINGDATE) values (732,null,to_date('11-MAY-18','DD-MON-RR'));
Insert into CRG222.BATCH (BATCHID,SUPPLIERID,PROCESSINGDATE) values (743,null,to_date('22-MAR-13','DD-MON-RR'));
Insert into CRG222.BATCH (BATCHID,SUPPLIERID,PROCESSINGDATE) values (760,null,to_date('02-APR-09','DD-MON-RR'));
Insert into CRG222.BATCH (BATCHID,SUPPLIERID,PROCESSINGDATE) values (772,null,to_date('15-DEC-14','DD-MON-RR'));
Insert into CRG222.BATCH (BATCHID,SUPPLIERID,PROCESSINGDATE) values (817,null,to_date('21-SEP-17','DD-MON-RR'));
Insert into CRG222.BATCH (BATCHID,SUPPLIERID,PROCESSINGDATE) values (834,null,to_date('05-SEP-12','DD-MON-RR'));
Insert into CRG222.BATCH (BATCHID,SUPPLIERID,PROCESSINGDATE) values (857,null,to_date('21-MAY-05','DD-MON-RR'));
REM INSERTING into CRG222.CONTAINS
SET DEFINE OFF;
Insert into CRG222.CONTAINS (SHIPMENTID,BATCHID) values (900,65);
Insert into CRG222.CONTAINS (SHIPMENTID,BATCHID) values (646,729);
Insert into CRG222.CONTAINS (SHIPMENTID,BATCHID) values (977,255);
Insert into CRG222.CONTAINS (SHIPMENTID,BATCHID) values (219,745);
Insert into CRG222.CONTAINS (SHIPMENTID,BATCHID) values (455,385);
Insert into CRG222.CONTAINS (SHIPMENTID,BATCHID) values (738,857);
Insert into CRG222.CONTAINS (SHIPMENTID,BATCHID) values (836,646);
Insert into CRG222.CONTAINS (SHIPMENTID,BATCHID) values (942,346);
Insert into CRG222.CONTAINS (SHIPMENTID,BATCHID) values (298,697);
Insert into CRG222.CONTAINS (SHIPMENTID,BATCHID) values (154,583);
Insert into CRG222.CONTAINS (SHIPMENTID,BATCHID) values (628,936);
Insert into CRG222.CONTAINS (SHIPMENTID,BATCHID) values (575,694);
Insert into CRG222.CONTAINS (SHIPMENTID,BATCHID) values (708,305);
Insert into CRG222.CONTAINS (SHIPMENTID,BATCHID) values (884,775);
Insert into CRG222.CONTAINS (SHIPMENTID,BATCHID) values (781,143);
Insert into CRG222.CONTAINS (SHIPMENTID,BATCHID) values (246,348);
Insert into CRG222.CONTAINS (SHIPMENTID,BATCHID) values (172,964);
Insert into CRG222.CONTAINS (SHIPMENTID,BATCHID) values (613,646);
Insert into CRG222.CONTAINS (SHIPMENTID,BATCHID) values (425,199);
Insert into CRG222.CONTAINS (SHIPMENTID,BATCHID) values (618,554);
Insert into CRG222.CONTAINS (SHIPMENTID,BATCHID) values (303,43);
Insert into CRG222.CONTAINS (SHIPMENTID,BATCHID) values (908,16);
Insert into CRG222.CONTAINS (SHIPMENTID,BATCHID) values (340,843);
Insert into CRG222.CONTAINS (SHIPMENTID,BATCHID) values (803,843);
Insert into CRG222.CONTAINS (SHIPMENTID,BATCHID) values (717,66);
Insert into CRG222.CONTAINS (SHIPMENTID,BATCHID) values (72,664);
Insert into CRG222.CONTAINS (SHIPMENTID,BATCHID) values (903,664);
Insert into CRG222.CONTAINS (SHIPMENTID,BATCHID) values (538,255);
Insert into CRG222.CONTAINS (SHIPMENTID,BATCHID) values (287,199);
Insert into CRG222.CONTAINS (SHIPMENTID,BATCHID) values (715,593);
Insert into CRG222.CONTAINS (SHIPMENTID,BATCHID) values (558,221);
Insert into CRG222.CONTAINS (SHIPMENTID,BATCHID) values (418,168);
Insert into CRG222.CONTAINS (SHIPMENTID,BATCHID) values (768,389);
Insert into CRG222.CONTAINS (SHIPMENTID,BATCHID) values (496,378);
Insert into CRG222.CONTAINS (SHIPMENTID,BATCHID) values (350,817);
Insert into CRG222.CONTAINS (SHIPMENTID,BATCHID) values (576,580);
Insert into CRG222.CONTAINS (SHIPMENTID,BATCHID) values (961,298);
Insert into CRG222.CONTAINS (SHIPMENTID,BATCHID) values (25,378);
Insert into CRG222.CONTAINS (SHIPMENTID,BATCHID) values (678,221);
Insert into CRG222.CONTAINS (SHIPMENTID,BATCHID) values (842,43);
Insert into CRG222.CONTAINS (SHIPMENTID,BATCHID) values (242,403);
Insert into CRG222.CONTAINS (SHIPMENTID,BATCHID) values (473,554);
Insert into CRG222.CONTAINS (SHIPMENTID,BATCHID) values (681,743);
Insert into CRG222.CONTAINS (SHIPMENTID,BATCHID) values (792,50);
Insert into CRG222.CONTAINS (SHIPMENTID,BATCHID) values (649,860);
Insert into CRG222.CONTAINS (SHIPMENTID,BATCHID) values (836,309);
Insert into CRG222.CONTAINS (SHIPMENTID,BATCHID) values (324,708);
Insert into CRG222.CONTAINS (SHIPMENTID,BATCHID) values (401,964);
Insert into CRG222.CONTAINS (SHIPMENTID,BATCHID) values (759,148);
Insert into CRG222.CONTAINS (SHIPMENTID,BATCHID) values (681,36);
Insert into CRG222.CONTAINS (SHIPMENTID,BATCHID) values (514,208);
Insert into CRG222.CONTAINS (SHIPMENTID,BATCHID) values (463,66);
Insert into CRG222.CONTAINS (SHIPMENTID,BATCHID) values (334,987);
Insert into CRG222.CONTAINS (SHIPMENTID,BATCHID) values (204,63);
Insert into CRG222.CONTAINS (SHIPMENTID,BATCHID) values (546,460);
Insert into CRG222.CONTAINS (SHIPMENTID,BATCHID) values (33,449);
Insert into CRG222.CONTAINS (SHIPMENTID,BATCHID) values (84,649);
Insert into CRG222.CONTAINS (SHIPMENTID,BATCHID) values (635,649);
Insert into CRG222.CONTAINS (SHIPMENTID,BATCHID) values (973,533);
Insert into CRG222.CONTAINS (SHIPMENTID,BATCHID) values (528,827);
Insert into CRG222.CONTAINS (SHIPMENTID,BATCHID) values (749,729);
Insert into CRG222.CONTAINS (SHIPMENTID,BATCHID) values (141,255);
Insert into CRG222.CONTAINS (SHIPMENTID,BATCHID) values (417,958);
Insert into CRG222.CONTAINS (SHIPMENTID,BATCHID) values (987,221);
Insert into CRG222.CONTAINS (SHIPMENTID,BATCHID) values (723,964);
Insert into CRG222.CONTAINS (SHIPMENTID,BATCHID) values (293,378);
Insert into CRG222.CONTAINS (SHIPMENTID,BATCHID) values (909,165);
Insert into CRG222.CONTAINS (SHIPMENTID,BATCHID) values (574,18);
Insert into CRG222.CONTAINS (SHIPMENTID,BATCHID) values (418,803);
Insert into CRG222.CONTAINS (SHIPMENTID,BATCHID) values (737,366);
Insert into CRG222.CONTAINS (SHIPMENTID,BATCHID) values (887,314);
Insert into CRG222.CONTAINS (SHIPMENTID,BATCHID) values (666,330);
Insert into CRG222.CONTAINS (SHIPMENTID,BATCHID) values (335,967);
Insert into CRG222.CONTAINS (SHIPMENTID,BATCHID) values (255,327);
Insert into CRG222.CONTAINS (SHIPMENTID,BATCHID) values (338,250);
Insert into CRG222.CONTAINS (SHIPMENTID,BATCHID) values (100,392);
Insert into CRG222.CONTAINS (SHIPMENTID,BATCHID) values (556,618);
Insert into CRG222.CONTAINS (SHIPMENTID,BATCHID) values (212,85);
Insert into CRG222.CONTAINS (SHIPMENTID,BATCHID) values (483,72);
Insert into CRG222.CONTAINS (SHIPMENTID,BATCHID) values (295,337);
Insert into CRG222.CONTAINS (SHIPMENTID,BATCHID) values (319,357);
Insert into CRG222.CONTAINS (SHIPMENTID,BATCHID) values (397,857);
Insert into CRG222.CONTAINS (SHIPMENTID,BATCHID) values (898,3);
Insert into CRG222.CONTAINS (SHIPMENTID,BATCHID) values (175,308);
Insert into CRG222.CONTAINS (SHIPMENTID,BATCHID) values (730,987);
Insert into CRG222.CONTAINS (SHIPMENTID,BATCHID) values (841,445);
Insert into CRG222.CONTAINS (SHIPMENTID,BATCHID) values (616,632);
Insert into CRG222.CONTAINS (SHIPMENTID,BATCHID) values (997,772);
Insert into CRG222.CONTAINS (SHIPMENTID,BATCHID) values (635,305);
Insert into CRG222.CONTAINS (SHIPMENTID,BATCHID) values (833,382);
Insert into CRG222.CONTAINS (SHIPMENTID,BATCHID) values (469,444);
Insert into CRG222.CONTAINS (SHIPMENTID,BATCHID) values (408,533);
Insert into CRG222.CONTAINS (SHIPMENTID,BATCHID) values (381,763);
Insert into CRG222.CONTAINS (SHIPMENTID,BATCHID) values (684,148);
Insert into CRG222.CONTAINS (SHIPMENTID,BATCHID) values (942,18);
Insert into CRG222.CONTAINS (SHIPMENTID,BATCHID) values (382,75);
Insert into CRG222.CONTAINS (SHIPMENTID,BATCHID) values (1000,12);
Insert into CRG222.CONTAINS (SHIPMENTID,BATCHID) values (832,439);
Insert into CRG222.CONTAINS (SHIPMENTID,BATCHID) values (861,745);
Insert into CRG222.CONTAINS (SHIPMENTID,BATCHID) values (176,535);
Insert into CRG222.CONTAINS (SHIPMENTID,BATCHID) values (521,197);
Insert into CRG222.CONTAINS (SHIPMENTID,BATCHID) values (118,932);
Insert into CRG222.CONTAINS (SHIPMENTID,BATCHID) values (195,409);
Insert into CRG222.CONTAINS (SHIPMENTID,BATCHID) values (257,834);
Insert into CRG222.CONTAINS (SHIPMENTID,BATCHID) values (35,990);
Insert into CRG222.CONTAINS (SHIPMENTID,BATCHID) values (740,9);
Insert into CRG222.CONTAINS (SHIPMENTID,BATCHID) values (32,132);
Insert into CRG222.CONTAINS (SHIPMENTID,BATCHID) values (531,431);
Insert into CRG222.CONTAINS (SHIPMENTID,BATCHID) values (7,995);
Insert into CRG222.CONTAINS (SHIPMENTID,BATCHID) values (114,481);
Insert into CRG222.CONTAINS (SHIPMENTID,BATCHID) values (971,409);
Insert into CRG222.CONTAINS (SHIPMENTID,BATCHID) values (435,255);
Insert into CRG222.CONTAINS (SHIPMENTID,BATCHID) values (799,724);
Insert into CRG222.CONTAINS (SHIPMENTID,BATCHID) values (817,337);
Insert into CRG222.CONTAINS (SHIPMENTID,BATCHID) values (437,199);
Insert into CRG222.CONTAINS (SHIPMENTID,BATCHID) values (990,558);
Insert into CRG222.CONTAINS (SHIPMENTID,BATCHID) values (334,674);
Insert into CRG222.CONTAINS (SHIPMENTID,BATCHID) values (327,560);
Insert into CRG222.CONTAINS (SHIPMENTID,BATCHID) values (393,198);
Insert into CRG222.CONTAINS (SHIPMENTID,BATCHID) values (984,344);
Insert into CRG222.CONTAINS (SHIPMENTID,BATCHID) values (70,417);
Insert into CRG222.CONTAINS (SHIPMENTID,BATCHID) values (557,308);
Insert into CRG222.CONTAINS (SHIPMENTID,BATCHID) values (332,43);
Insert into CRG222.CONTAINS (SHIPMENTID,BATCHID) values (6,732);
Insert into CRG222.CONTAINS (SHIPMENTID,BATCHID) values (460,618);
Insert into CRG222.CONTAINS (SHIPMENTID,BATCHID) values (653,664);
Insert into CRG222.CONTAINS (SHIPMENTID,BATCHID) values (98,75);
Insert into CRG222.CONTAINS (SHIPMENTID,BATCHID) values (878,296);
Insert into CRG222.CONTAINS (SHIPMENTID,BATCHID) values (571,647);
Insert into CRG222.CONTAINS (SHIPMENTID,BATCHID) values (763,36);
Insert into CRG222.CONTAINS (SHIPMENTID,BATCHID) values (945,397);
Insert into CRG222.CONTAINS (SHIPMENTID,BATCHID) values (573,113);
Insert into CRG222.CONTAINS (SHIPMENTID,BATCHID) values (427,469);
Insert into CRG222.CONTAINS (SHIPMENTID,BATCHID) values (222,827);
Insert into CRG222.CONTAINS (SHIPMENTID,BATCHID) values (190,314);
Insert into CRG222.CONTAINS (SHIPMENTID,BATCHID) values (452,945);
Insert into CRG222.CONTAINS (SHIPMENTID,BATCHID) values (800,43);
Insert into CRG222.CONTAINS (SHIPMENTID,BATCHID) values (912,554);
Insert into CRG222.CONTAINS (SHIPMENTID,BATCHID) values (309,85);
Insert into CRG222.CONTAINS (SHIPMENTID,BATCHID) values (616,66);
Insert into CRG222.CONTAINS (SHIPMENTID,BATCHID) values (253,935);
Insert into CRG222.CONTAINS (SHIPMENTID,BATCHID) values (835,697);
Insert into CRG222.CONTAINS (SHIPMENTID,BATCHID) values (660,508);
Insert into CRG222.CONTAINS (SHIPMENTID,BATCHID) values (587,646);
Insert into CRG222.CONTAINS (SHIPMENTID,BATCHID) values (319,618);
Insert into CRG222.CONTAINS (SHIPMENTID,BATCHID) values (499,714);
Insert into CRG222.CONTAINS (SHIPMENTID,BATCHID) values (474,373);
Insert into CRG222.CONTAINS (SHIPMENTID,BATCHID) values (648,728);
Insert into CRG222.CONTAINS (SHIPMENTID,BATCHID) values (323,817);
Insert into CRG222.CONTAINS (SHIPMENTID,BATCHID) values (66,309);
Insert into CRG222.CONTAINS (SHIPMENTID,BATCHID) values (273,593);
Insert into CRG222.CONTAINS (SHIPMENTID,BATCHID) values (837,834);
Insert into CRG222.CONTAINS (SHIPMENTID,BATCHID) values (184,460);
Insert into CRG222.CONTAINS (SHIPMENTID,BATCHID) values (173,721);
Insert into CRG222.CONTAINS (SHIPMENTID,BATCHID) values (992,888);
Insert into CRG222.CONTAINS (SHIPMENTID,BATCHID) values (613,765);
Insert into CRG222.CONTAINS (SHIPMENTID,BATCHID) values (221,36);
Insert into CRG222.CONTAINS (SHIPMENTID,BATCHID) values (504,255);
Insert into CRG222.CONTAINS (SHIPMENTID,BATCHID) values (767,501);
Insert into CRG222.CONTAINS (SHIPMENTID,BATCHID) values (600,577);
Insert into CRG222.CONTAINS (SHIPMENTID,BATCHID) values (893,337);
Insert into CRG222.CONTAINS (SHIPMENTID,BATCHID) values (47,111);
Insert into CRG222.CONTAINS (SHIPMENTID,BATCHID) values (445,945);
Insert into CRG222.CONTAINS (SHIPMENTID,BATCHID) values (155,344);
Insert into CRG222.CONTAINS (SHIPMENTID,BATCHID) values (262,154);
Insert into CRG222.CONTAINS (SHIPMENTID,BATCHID) values (637,469);
Insert into CRG222.CONTAINS (SHIPMENTID,BATCHID) values (370,343);
Insert into CRG222.CONTAINS (SHIPMENTID,BATCHID) values (178,313);
Insert into CRG222.CONTAINS (SHIPMENTID,BATCHID) values (684,821);
Insert into CRG222.CONTAINS (SHIPMENTID,BATCHID) values (911,477);
Insert into CRG222.CONTAINS (SHIPMENTID,BATCHID) values (562,580);
Insert into CRG222.CONTAINS (SHIPMENTID,BATCHID) values (205,649);
Insert into CRG222.CONTAINS (SHIPMENTID,BATCHID) values (767,709);
Insert into CRG222.CONTAINS (SHIPMENTID,BATCHID) values (196,476);
Insert into CRG222.CONTAINS (SHIPMENTID,BATCHID) values (156,132);
Insert into CRG222.CONTAINS (SHIPMENTID,BATCHID) values (858,85);
Insert into CRG222.CONTAINS (SHIPMENTID,BATCHID) values (882,175);
Insert into CRG222.CONTAINS (SHIPMENTID,BATCHID) values (836,219);
Insert into CRG222.CONTAINS (SHIPMENTID,BATCHID) values (242,385);
Insert into CRG222.CONTAINS (SHIPMENTID,BATCHID) values (430,366);
Insert into CRG222.CONTAINS (SHIPMENTID,BATCHID) values (452,409);
Insert into CRG222.CONTAINS (SHIPMENTID,BATCHID) values (947,843);
Insert into CRG222.CONTAINS (SHIPMENTID,BATCHID) values (587,964);
Insert into CRG222.CONTAINS (SHIPMENTID,BATCHID) values (137,296);
Insert into CRG222.CONTAINS (SHIPMENTID,BATCHID) values (664,132);
Insert into CRG222.CONTAINS (SHIPMENTID,BATCHID) values (975,72);
Insert into CRG222.CONTAINS (SHIPMENTID,BATCHID) values (587,714);
Insert into CRG222.CONTAINS (SHIPMENTID,BATCHID) values (225,613);
Insert into CRG222.CONTAINS (SHIPMENTID,BATCHID) values (736,678);
Insert into CRG222.CONTAINS (SHIPMENTID,BATCHID) values (538,694);
Insert into CRG222.CONTAINS (SHIPMENTID,BATCHID) values (405,198);
Insert into CRG222.CONTAINS (SHIPMENTID,BATCHID) values (623,417);
Insert into CRG222.CONTAINS (SHIPMENTID,BATCHID) values (691,149);
Insert into CRG222.CONTAINS (SHIPMENTID,BATCHID) values (613,535);
Insert into CRG222.CONTAINS (SHIPMENTID,BATCHID) values (654,533);
Insert into CRG222.CONTAINS (SHIPMENTID,BATCHID) values (820,348);
Insert into CRG222.CONTAINS (SHIPMENTID,BATCHID) values (94,159);
Insert into CRG222.CONTAINS (SHIPMENTID,BATCHID) values (47,760);
Insert into CRG222.CONTAINS (SHIPMENTID,BATCHID) values (932,255);
Insert into CRG222.CONTAINS (SHIPMENTID,BATCHID) values (862,85);
Insert into CRG222.CONTAINS (SHIPMENTID,BATCHID) values (525,334);
Insert into CRG222.CONTAINS (SHIPMENTID,BATCHID) values (490,772);
Insert into CRG222.CONTAINS (SHIPMENTID,BATCHID) values (287,834);
Insert into CRG222.CONTAINS (SHIPMENTID,BATCHID) values (712,346);
REM INSERTING into CRG222.INGREDIENTS
SET DEFINE OFF;
Insert into CRG222.INGREDIENTS (PRODUCTID,COMPONENTID) values (3,37);
Insert into CRG222.INGREDIENTS (PRODUCTID,COMPONENTID) values (7,226);
Insert into CRG222.INGREDIENTS (PRODUCTID,COMPONENTID) values (10,22);
Insert into CRG222.INGREDIENTS (PRODUCTID,COMPONENTID) values (10,836);
Insert into CRG222.INGREDIENTS (PRODUCTID,COMPONENTID) values (11,153);
Insert into CRG222.INGREDIENTS (PRODUCTID,COMPONENTID) values (12,718);
Insert into CRG222.INGREDIENTS (PRODUCTID,COMPONENTID) values (13,718);
Insert into CRG222.INGREDIENTS (PRODUCTID,COMPONENTID) values (13,914);
Insert into CRG222.INGREDIENTS (PRODUCTID,COMPONENTID) values (14,333);
Insert into CRG222.INGREDIENTS (PRODUCTID,COMPONENTID) values (14,762);
Insert into CRG222.INGREDIENTS (PRODUCTID,COMPONENTID) values (15,103);
Insert into CRG222.INGREDIENTS (PRODUCTID,COMPONENTID) values (16,537);
Insert into CRG222.INGREDIENTS (PRODUCTID,COMPONENTID) values (17,406);
Insert into CRG222.INGREDIENTS (PRODUCTID,COMPONENTID) values (17,420);
Insert into CRG222.INGREDIENTS (PRODUCTID,COMPONENTID) values (18,819);
Insert into CRG222.INGREDIENTS (PRODUCTID,COMPONENTID) values (20,8);
Insert into CRG222.INGREDIENTS (PRODUCTID,COMPONENTID) values (21,825);
Insert into CRG222.INGREDIENTS (PRODUCTID,COMPONENTID) values (21,942);
Insert into CRG222.INGREDIENTS (PRODUCTID,COMPONENTID) values (23,167);
Insert into CRG222.INGREDIENTS (PRODUCTID,COMPONENTID) values (23,399);
Insert into CRG222.INGREDIENTS (PRODUCTID,COMPONENTID) values (25,521);
Insert into CRG222.INGREDIENTS (PRODUCTID,COMPONENTID) values (26,60);
Insert into CRG222.INGREDIENTS (PRODUCTID,COMPONENTID) values (26,432);
Insert into CRG222.INGREDIENTS (PRODUCTID,COMPONENTID) values (29,199);
Insert into CRG222.INGREDIENTS (PRODUCTID,COMPONENTID) values (30,256);
Insert into CRG222.INGREDIENTS (PRODUCTID,COMPONENTID) values (32,170);
Insert into CRG222.INGREDIENTS (PRODUCTID,COMPONENTID) values (32,458);
Insert into CRG222.INGREDIENTS (PRODUCTID,COMPONENTID) values (32,877);
Insert into CRG222.INGREDIENTS (PRODUCTID,COMPONENTID) values (33,319);
Insert into CRG222.INGREDIENTS (PRODUCTID,COMPONENTID) values (35,525);
Insert into CRG222.INGREDIENTS (PRODUCTID,COMPONENTID) values (36,816);
Insert into CRG222.INGREDIENTS (PRODUCTID,COMPONENTID) values (37,428);
Insert into CRG222.INGREDIENTS (PRODUCTID,COMPONENTID) values (37,604);
Insert into CRG222.INGREDIENTS (PRODUCTID,COMPONENTID) values (39,192);
Insert into CRG222.INGREDIENTS (PRODUCTID,COMPONENTID) values (39,799);
Insert into CRG222.INGREDIENTS (PRODUCTID,COMPONENTID) values (42,891);
Insert into CRG222.INGREDIENTS (PRODUCTID,COMPONENTID) values (42,925);
Insert into CRG222.INGREDIENTS (PRODUCTID,COMPONENTID) values (44,412);
Insert into CRG222.INGREDIENTS (PRODUCTID,COMPONENTID) values (46,230);
Insert into CRG222.INGREDIENTS (PRODUCTID,COMPONENTID) values (46,549);
Insert into CRG222.INGREDIENTS (PRODUCTID,COMPONENTID) values (46,745);
Insert into CRG222.INGREDIENTS (PRODUCTID,COMPONENTID) values (46,758);
Insert into CRG222.INGREDIENTS (PRODUCTID,COMPONENTID) values (48,288);
Insert into CRG222.INGREDIENTS (PRODUCTID,COMPONENTID) values (48,538);
Insert into CRG222.INGREDIENTS (PRODUCTID,COMPONENTID) values (49,522);
Insert into CRG222.INGREDIENTS (PRODUCTID,COMPONENTID) values (49,947);
Insert into CRG222.INGREDIENTS (PRODUCTID,COMPONENTID) values (49,998);
Insert into CRG222.INGREDIENTS (PRODUCTID,COMPONENTID) values (51,572);
Insert into CRG222.INGREDIENTS (PRODUCTID,COMPONENTID) values (51,868);
Insert into CRG222.INGREDIENTS (PRODUCTID,COMPONENTID) values (52,477);
Insert into CRG222.INGREDIENTS (PRODUCTID,COMPONENTID) values (52,853);
Insert into CRG222.INGREDIENTS (PRODUCTID,COMPONENTID) values (53,214);
Insert into CRG222.INGREDIENTS (PRODUCTID,COMPONENTID) values (54,546);
Insert into CRG222.INGREDIENTS (PRODUCTID,COMPONENTID) values (56,216);
Insert into CRG222.INGREDIENTS (PRODUCTID,COMPONENTID) values (57,322);
Insert into CRG222.INGREDIENTS (PRODUCTID,COMPONENTID) values (58,234);
Insert into CRG222.INGREDIENTS (PRODUCTID,COMPONENTID) values (58,835);
Insert into CRG222.INGREDIENTS (PRODUCTID,COMPONENTID) values (59,363);
Insert into CRG222.INGREDIENTS (PRODUCTID,COMPONENTID) values (60,301);
Insert into CRG222.INGREDIENTS (PRODUCTID,COMPONENTID) values (60,902);
Insert into CRG222.INGREDIENTS (PRODUCTID,COMPONENTID) values (63,320);
Insert into CRG222.INGREDIENTS (PRODUCTID,COMPONENTID) values (64,182);
Insert into CRG222.INGREDIENTS (PRODUCTID,COMPONENTID) values (64,289);
Insert into CRG222.INGREDIENTS (PRODUCTID,COMPONENTID) values (64,748);
Insert into CRG222.INGREDIENTS (PRODUCTID,COMPONENTID) values (64,821);
Insert into CRG222.INGREDIENTS (PRODUCTID,COMPONENTID) values (65,419);
Insert into CRG222.INGREDIENTS (PRODUCTID,COMPONENTID) values (66,73);
Insert into CRG222.INGREDIENTS (PRODUCTID,COMPONENTID) values (69,204);
Insert into CRG222.INGREDIENTS (PRODUCTID,COMPONENTID) values (70,210);
Insert into CRG222.INGREDIENTS (PRODUCTID,COMPONENTID) values (72,547);
Insert into CRG222.INGREDIENTS (PRODUCTID,COMPONENTID) values (76,153);
Insert into CRG222.INGREDIENTS (PRODUCTID,COMPONENTID) values (76,209);
Insert into CRG222.INGREDIENTS (PRODUCTID,COMPONENTID) values (76,349);
Insert into CRG222.INGREDIENTS (PRODUCTID,COMPONENTID) values (76,682);
Insert into CRG222.INGREDIENTS (PRODUCTID,COMPONENTID) values (76,771);
Insert into CRG222.INGREDIENTS (PRODUCTID,COMPONENTID) values (77,496);
Insert into CRG222.INGREDIENTS (PRODUCTID,COMPONENTID) values (78,336);
Insert into CRG222.INGREDIENTS (PRODUCTID,COMPONENTID) values (79,43);
Insert into CRG222.INGREDIENTS (PRODUCTID,COMPONENTID) values (79,717);
Insert into CRG222.INGREDIENTS (PRODUCTID,COMPONENTID) values (80,881);
Insert into CRG222.INGREDIENTS (PRODUCTID,COMPONENTID) values (82,264);
Insert into CRG222.INGREDIENTS (PRODUCTID,COMPONENTID) values (82,875);
Insert into CRG222.INGREDIENTS (PRODUCTID,COMPONENTID) values (83,246);
Insert into CRG222.INGREDIENTS (PRODUCTID,COMPONENTID) values (84,571);
Insert into CRG222.INGREDIENTS (PRODUCTID,COMPONENTID) values (85,726);
Insert into CRG222.INGREDIENTS (PRODUCTID,COMPONENTID) values (86,246);
Insert into CRG222.INGREDIENTS (PRODUCTID,COMPONENTID) values (86,406);
Insert into CRG222.INGREDIENTS (PRODUCTID,COMPONENTID) values (86,753);
Insert into CRG222.INGREDIENTS (PRODUCTID,COMPONENTID) values (86,848);
Insert into CRG222.INGREDIENTS (PRODUCTID,COMPONENTID) values (87,46);
Insert into CRG222.INGREDIENTS (PRODUCTID,COMPONENTID) values (91,633);
Insert into CRG222.INGREDIENTS (PRODUCTID,COMPONENTID) values (93,464);
Insert into CRG222.INGREDIENTS (PRODUCTID,COMPONENTID) values (95,781);
Insert into CRG222.INGREDIENTS (PRODUCTID,COMPONENTID) values (96,606);
Insert into CRG222.INGREDIENTS (PRODUCTID,COMPONENTID) values (97,643);
Insert into CRG222.INGREDIENTS (PRODUCTID,COMPONENTID) values (98,546);
Insert into CRG222.INGREDIENTS (PRODUCTID,COMPONENTID) values (98,882);
Insert into CRG222.INGREDIENTS (PRODUCTID,COMPONENTID) values (99,148);
Insert into CRG222.INGREDIENTS (PRODUCTID,COMPONENTID) values (100,235);
Insert into CRG222.INGREDIENTS (PRODUCTID,COMPONENTID) values (101,278);
Insert into CRG222.INGREDIENTS (PRODUCTID,COMPONENTID) values (101,416);
Insert into CRG222.INGREDIENTS (PRODUCTID,COMPONENTID) values (101,464);
Insert into CRG222.INGREDIENTS (PRODUCTID,COMPONENTID) values (102,646);
Insert into CRG222.INGREDIENTS (PRODUCTID,COMPONENTID) values (103,775);
Insert into CRG222.INGREDIENTS (PRODUCTID,COMPONENTID) values (106,655);
Insert into CRG222.INGREDIENTS (PRODUCTID,COMPONENTID) values (108,982);
Insert into CRG222.INGREDIENTS (PRODUCTID,COMPONENTID) values (111,531);
Insert into CRG222.INGREDIENTS (PRODUCTID,COMPONENTID) values (112,762);
Insert into CRG222.INGREDIENTS (PRODUCTID,COMPONENTID) values (113,755);
Insert into CRG222.INGREDIENTS (PRODUCTID,COMPONENTID) values (114,531);
Insert into CRG222.INGREDIENTS (PRODUCTID,COMPONENTID) values (115,665);
Insert into CRG222.INGREDIENTS (PRODUCTID,COMPONENTID) values (117,155);
Insert into CRG222.INGREDIENTS (PRODUCTID,COMPONENTID) values (117,237);
Insert into CRG222.INGREDIENTS (PRODUCTID,COMPONENTID) values (117,902);
Insert into CRG222.INGREDIENTS (PRODUCTID,COMPONENTID) values (118,361);
Insert into CRG222.INGREDIENTS (PRODUCTID,COMPONENTID) values (119,573);
Insert into CRG222.INGREDIENTS (PRODUCTID,COMPONENTID) values (121,349);
Insert into CRG222.INGREDIENTS (PRODUCTID,COMPONENTID) values (121,527);
Insert into CRG222.INGREDIENTS (PRODUCTID,COMPONENTID) values (122,433);
Insert into CRG222.INGREDIENTS (PRODUCTID,COMPONENTID) values (122,967);
Insert into CRG222.INGREDIENTS (PRODUCTID,COMPONENTID) values (123,414);
Insert into CRG222.INGREDIENTS (PRODUCTID,COMPONENTID) values (123,765);
Insert into CRG222.INGREDIENTS (PRODUCTID,COMPONENTID) values (126,926);
Insert into CRG222.INGREDIENTS (PRODUCTID,COMPONENTID) values (128,637);
Insert into CRG222.INGREDIENTS (PRODUCTID,COMPONENTID) values (129,72);
Insert into CRG222.INGREDIENTS (PRODUCTID,COMPONENTID) values (129,330);
Insert into CRG222.INGREDIENTS (PRODUCTID,COMPONENTID) values (129,626);
Insert into CRG222.INGREDIENTS (PRODUCTID,COMPONENTID) values (129,695);
Insert into CRG222.INGREDIENTS (PRODUCTID,COMPONENTID) values (131,98);
Insert into CRG222.INGREDIENTS (PRODUCTID,COMPONENTID) values (131,707);
Insert into CRG222.INGREDIENTS (PRODUCTID,COMPONENTID) values (132,411);
Insert into CRG222.INGREDIENTS (PRODUCTID,COMPONENTID) values (132,960);
Insert into CRG222.INGREDIENTS (PRODUCTID,COMPONENTID) values (134,48);
Insert into CRG222.INGREDIENTS (PRODUCTID,COMPONENTID) values (135,143);
Insert into CRG222.INGREDIENTS (PRODUCTID,COMPONENTID) values (136,678);
Insert into CRG222.INGREDIENTS (PRODUCTID,COMPONENTID) values (137,296);
Insert into CRG222.INGREDIENTS (PRODUCTID,COMPONENTID) values (138,122);
Insert into CRG222.INGREDIENTS (PRODUCTID,COMPONENTID) values (138,450);
Insert into CRG222.INGREDIENTS (PRODUCTID,COMPONENTID) values (139,88);
Insert into CRG222.INGREDIENTS (PRODUCTID,COMPONENTID) values (142,226);
Insert into CRG222.INGREDIENTS (PRODUCTID,COMPONENTID) values (142,496);
Insert into CRG222.INGREDIENTS (PRODUCTID,COMPONENTID) values (143,753);
Insert into CRG222.INGREDIENTS (PRODUCTID,COMPONENTID) values (143,893);
Insert into CRG222.INGREDIENTS (PRODUCTID,COMPONENTID) values (146,120);
Insert into CRG222.INGREDIENTS (PRODUCTID,COMPONENTID) values (146,135);
Insert into CRG222.INGREDIENTS (PRODUCTID,COMPONENTID) values (146,373);
Insert into CRG222.INGREDIENTS (PRODUCTID,COMPONENTID) values (146,993);
Insert into CRG222.INGREDIENTS (PRODUCTID,COMPONENTID) values (147,620);
Insert into CRG222.INGREDIENTS (PRODUCTID,COMPONENTID) values (148,857);
Insert into CRG222.INGREDIENTS (PRODUCTID,COMPONENTID) values (149,187);
Insert into CRG222.INGREDIENTS (PRODUCTID,COMPONENTID) values (149,845);
Insert into CRG222.INGREDIENTS (PRODUCTID,COMPONENTID) values (152,229);
Insert into CRG222.INGREDIENTS (PRODUCTID,COMPONENTID) values (152,531);
Insert into CRG222.INGREDIENTS (PRODUCTID,COMPONENTID) values (153,155);
Insert into CRG222.INGREDIENTS (PRODUCTID,COMPONENTID) values (154,219);
Insert into CRG222.INGREDIENTS (PRODUCTID,COMPONENTID) values (154,433);
Insert into CRG222.INGREDIENTS (PRODUCTID,COMPONENTID) values (155,877);
Insert into CRG222.INGREDIENTS (PRODUCTID,COMPONENTID) values (156,71);
Insert into CRG222.INGREDIENTS (PRODUCTID,COMPONENTID) values (159,824);
Insert into CRG222.INGREDIENTS (PRODUCTID,COMPONENTID) values (160,2);
Insert into CRG222.INGREDIENTS (PRODUCTID,COMPONENTID) values (161,626);
Insert into CRG222.INGREDIENTS (PRODUCTID,COMPONENTID) values (161,700);
Insert into CRG222.INGREDIENTS (PRODUCTID,COMPONENTID) values (164,935);
Insert into CRG222.INGREDIENTS (PRODUCTID,COMPONENTID) values (166,109);
Insert into CRG222.INGREDIENTS (PRODUCTID,COMPONENTID) values (166,373);
Insert into CRG222.INGREDIENTS (PRODUCTID,COMPONENTID) values (167,872);
Insert into CRG222.INGREDIENTS (PRODUCTID,COMPONENTID) values (168,816);
Insert into CRG222.INGREDIENTS (PRODUCTID,COMPONENTID) values (169,31);
Insert into CRG222.INGREDIENTS (PRODUCTID,COMPONENTID) values (169,774);
Insert into CRG222.INGREDIENTS (PRODUCTID,COMPONENTID) values (171,109);
Insert into CRG222.INGREDIENTS (PRODUCTID,COMPONENTID) values (172,237);
Insert into CRG222.INGREDIENTS (PRODUCTID,COMPONENTID) values (172,765);
Insert into CRG222.INGREDIENTS (PRODUCTID,COMPONENTID) values (173,779);
Insert into CRG222.INGREDIENTS (PRODUCTID,COMPONENTID) values (174,443);
Insert into CRG222.INGREDIENTS (PRODUCTID,COMPONENTID) values (175,530);
Insert into CRG222.INGREDIENTS (PRODUCTID,COMPONENTID) values (176,436);
Insert into CRG222.INGREDIENTS (PRODUCTID,COMPONENTID) values (177,877);
Insert into CRG222.INGREDIENTS (PRODUCTID,COMPONENTID) values (178,86);
Insert into CRG222.INGREDIENTS (PRODUCTID,COMPONENTID) values (178,644);
Insert into CRG222.INGREDIENTS (PRODUCTID,COMPONENTID) values (178,883);
Insert into CRG222.INGREDIENTS (PRODUCTID,COMPONENTID) values (180,425);
Insert into CRG222.INGREDIENTS (PRODUCTID,COMPONENTID) values (182,821);
Insert into CRG222.INGREDIENTS (PRODUCTID,COMPONENTID) values (183,159);
Insert into CRG222.INGREDIENTS (PRODUCTID,COMPONENTID) values (183,758);
Insert into CRG222.INGREDIENTS (PRODUCTID,COMPONENTID) values (185,562);
Insert into CRG222.INGREDIENTS (PRODUCTID,COMPONENTID) values (186,233);
Insert into CRG222.INGREDIENTS (PRODUCTID,COMPONENTID) values (186,246);
Insert into CRG222.INGREDIENTS (PRODUCTID,COMPONENTID) values (186,769);
Insert into CRG222.INGREDIENTS (PRODUCTID,COMPONENTID) values (187,646);
Insert into CRG222.INGREDIENTS (PRODUCTID,COMPONENTID) values (188,45);
Insert into CRG222.INGREDIENTS (PRODUCTID,COMPONENTID) values (188,481);
Insert into CRG222.INGREDIENTS (PRODUCTID,COMPONENTID) values (188,855);
Insert into CRG222.INGREDIENTS (PRODUCTID,COMPONENTID) values (190,33);
Insert into CRG222.INGREDIENTS (PRODUCTID,COMPONENTID) values (191,675);
Insert into CRG222.INGREDIENTS (PRODUCTID,COMPONENTID) values (192,36);
Insert into CRG222.INGREDIENTS (PRODUCTID,COMPONENTID) values (193,412);
Insert into CRG222.INGREDIENTS (PRODUCTID,COMPONENTID) values (194,416);
Insert into CRG222.INGREDIENTS (PRODUCTID,COMPONENTID) values (195,652);
Insert into CRG222.INGREDIENTS (PRODUCTID,COMPONENTID) values (196,123);
Insert into CRG222.INGREDIENTS (PRODUCTID,COMPONENTID) values (196,499);
Insert into CRG222.INGREDIENTS (PRODUCTID,COMPONENTID) values (196,500);
Insert into CRG222.INGREDIENTS (PRODUCTID,COMPONENTID) values (201,504);
Insert into CRG222.INGREDIENTS (PRODUCTID,COMPONENTID) values (204,199);
Insert into CRG222.INGREDIENTS (PRODUCTID,COMPONENTID) values (205,149);
Insert into CRG222.INGREDIENTS (PRODUCTID,COMPONENTID) values (207,829);
Insert into CRG222.INGREDIENTS (PRODUCTID,COMPONENTID) values (208,710);
Insert into CRG222.INGREDIENTS (PRODUCTID,COMPONENTID) values (211,3);
Insert into CRG222.INGREDIENTS (PRODUCTID,COMPONENTID) values (211,37);
Insert into CRG222.INGREDIENTS (PRODUCTID,COMPONENTID) values (213,897);
Insert into CRG222.INGREDIENTS (PRODUCTID,COMPONENTID) values (214,609);
Insert into CRG222.INGREDIENTS (PRODUCTID,COMPONENTID) values (215,192);
Insert into CRG222.INGREDIENTS (PRODUCTID,COMPONENTID) values (215,193);
Insert into CRG222.INGREDIENTS (PRODUCTID,COMPONENTID) values (219,876);
Insert into CRG222.INGREDIENTS (PRODUCTID,COMPONENTID) values (220,126);
Insert into CRG222.INGREDIENTS (PRODUCTID,COMPONENTID) values (221,164);
Insert into CRG222.INGREDIENTS (PRODUCTID,COMPONENTID) values (221,595);
Insert into CRG222.INGREDIENTS (PRODUCTID,COMPONENTID) values (226,223);
Insert into CRG222.INGREDIENTS (PRODUCTID,COMPONENTID) values (226,264);
Insert into CRG222.INGREDIENTS (PRODUCTID,COMPONENTID) values (229,859);
Insert into CRG222.INGREDIENTS (PRODUCTID,COMPONENTID) values (230,434);
Insert into CRG222.INGREDIENTS (PRODUCTID,COMPONENTID) values (230,539);
Insert into CRG222.INGREDIENTS (PRODUCTID,COMPONENTID) values (232,348);
Insert into CRG222.INGREDIENTS (PRODUCTID,COMPONENTID) values (234,282);
Insert into CRG222.INGREDIENTS (PRODUCTID,COMPONENTID) values (234,574);
Insert into CRG222.INGREDIENTS (PRODUCTID,COMPONENTID) values (234,757);
Insert into CRG222.INGREDIENTS (PRODUCTID,COMPONENTID) values (234,1000);
Insert into CRG222.INGREDIENTS (PRODUCTID,COMPONENTID) values (235,289);
Insert into CRG222.INGREDIENTS (PRODUCTID,COMPONENTID) values (235,635);
Insert into CRG222.INGREDIENTS (PRODUCTID,COMPONENTID) values (236,329);
Insert into CRG222.INGREDIENTS (PRODUCTID,COMPONENTID) values (238,331);
Insert into CRG222.INGREDIENTS (PRODUCTID,COMPONENTID) values (239,184);
Insert into CRG222.INGREDIENTS (PRODUCTID,COMPONENTID) values (239,263);
Insert into CRG222.INGREDIENTS (PRODUCTID,COMPONENTID) values (242,6);
Insert into CRG222.INGREDIENTS (PRODUCTID,COMPONENTID) values (242,875);
Insert into CRG222.INGREDIENTS (PRODUCTID,COMPONENTID) values (243,284);
Insert into CRG222.INGREDIENTS (PRODUCTID,COMPONENTID) values (243,738);
Insert into CRG222.INGREDIENTS (PRODUCTID,COMPONENTID) values (244,808);
Insert into CRG222.INGREDIENTS (PRODUCTID,COMPONENTID) values (245,311);
Insert into CRG222.INGREDIENTS (PRODUCTID,COMPONENTID) values (245,791);
Insert into CRG222.INGREDIENTS (PRODUCTID,COMPONENTID) values (246,979);
Insert into CRG222.INGREDIENTS (PRODUCTID,COMPONENTID) values (248,573);
Insert into CRG222.INGREDIENTS (PRODUCTID,COMPONENTID) values (249,64);
Insert into CRG222.INGREDIENTS (PRODUCTID,COMPONENTID) values (249,792);
Insert into CRG222.INGREDIENTS (PRODUCTID,COMPONENTID) values (250,258);
Insert into CRG222.INGREDIENTS (PRODUCTID,COMPONENTID) values (251,544);
Insert into CRG222.INGREDIENTS (PRODUCTID,COMPONENTID) values (251,838);
Insert into CRG222.INGREDIENTS (PRODUCTID,COMPONENTID) values (253,732);
Insert into CRG222.INGREDIENTS (PRODUCTID,COMPONENTID) values (254,730);
Insert into CRG222.INGREDIENTS (PRODUCTID,COMPONENTID) values (256,333);
Insert into CRG222.INGREDIENTS (PRODUCTID,COMPONENTID) values (257,310);
Insert into CRG222.INGREDIENTS (PRODUCTID,COMPONENTID) values (257,332);
Insert into CRG222.INGREDIENTS (PRODUCTID,COMPONENTID) values (258,980);
Insert into CRG222.INGREDIENTS (PRODUCTID,COMPONENTID) values (259,754);
Insert into CRG222.INGREDIENTS (PRODUCTID,COMPONENTID) values (260,588);
Insert into CRG222.INGREDIENTS (PRODUCTID,COMPONENTID) values (260,902);
Insert into CRG222.INGREDIENTS (PRODUCTID,COMPONENTID) values (262,199);
Insert into CRG222.INGREDIENTS (PRODUCTID,COMPONENTID) values (262,829);
Insert into CRG222.INGREDIENTS (PRODUCTID,COMPONENTID) values (263,549);
Insert into CRG222.INGREDIENTS (PRODUCTID,COMPONENTID) values (265,965);
Insert into CRG222.INGREDIENTS (PRODUCTID,COMPONENTID) values (266,275);
Insert into CRG222.INGREDIENTS (PRODUCTID,COMPONENTID) values (266,295);
Insert into CRG222.INGREDIENTS (PRODUCTID,COMPONENTID) values (266,981);
Insert into CRG222.INGREDIENTS (PRODUCTID,COMPONENTID) values (270,837);
Insert into CRG222.INGREDIENTS (PRODUCTID,COMPONENTID) values (271,74);
Insert into CRG222.INGREDIENTS (PRODUCTID,COMPONENTID) values (271,122);
Insert into CRG222.INGREDIENTS (PRODUCTID,COMPONENTID) values (272,170);
Insert into CRG222.INGREDIENTS (PRODUCTID,COMPONENTID) values (272,762);
Insert into CRG222.INGREDIENTS (PRODUCTID,COMPONENTID) values (524,653);
Insert into CRG222.INGREDIENTS (PRODUCTID,COMPONENTID) values (524,654);
Insert into CRG222.INGREDIENTS (PRODUCTID,COMPONENTID) values (524,704);
Insert into CRG222.INGREDIENTS (PRODUCTID,COMPONENTID) values (525,877);
Insert into CRG222.INGREDIENTS (PRODUCTID,COMPONENTID) values (526,937);
Insert into CRG222.INGREDIENTS (PRODUCTID,COMPONENTID) values (528,501);
Insert into CRG222.INGREDIENTS (PRODUCTID,COMPONENTID) values (529,687);
Insert into CRG222.INGREDIENTS (PRODUCTID,COMPONENTID) values (533,785);
Insert into CRG222.INGREDIENTS (PRODUCTID,COMPONENTID) values (535,792);
Insert into CRG222.INGREDIENTS (PRODUCTID,COMPONENTID) values (536,454);
Insert into CRG222.INGREDIENTS (PRODUCTID,COMPONENTID) values (538,703);
Insert into CRG222.INGREDIENTS (PRODUCTID,COMPONENTID) values (539,925);
Insert into CRG222.INGREDIENTS (PRODUCTID,COMPONENTID) values (540,882);
Insert into CRG222.INGREDIENTS (PRODUCTID,COMPONENTID) values (542,64);
Insert into CRG222.INGREDIENTS (PRODUCTID,COMPONENTID) values (542,964);
Insert into CRG222.INGREDIENTS (PRODUCTID,COMPONENTID) values (543,995);
Insert into CRG222.INGREDIENTS (PRODUCTID,COMPONENTID) values (544,175);
Insert into CRG222.INGREDIENTS (PRODUCTID,COMPONENTID) values (545,750);
Insert into CRG222.INGREDIENTS (PRODUCTID,COMPONENTID) values (547,737);
Insert into CRG222.INGREDIENTS (PRODUCTID,COMPONENTID) values (551,708);
Insert into CRG222.INGREDIENTS (PRODUCTID,COMPONENTID) values (553,637);
Insert into CRG222.INGREDIENTS (PRODUCTID,COMPONENTID) values (555,72);
Insert into CRG222.INGREDIENTS (PRODUCTID,COMPONENTID) values (555,615);
Insert into CRG222.INGREDIENTS (PRODUCTID,COMPONENTID) values (556,910);
Insert into CRG222.INGREDIENTS (PRODUCTID,COMPONENTID) values (556,945);
Insert into CRG222.INGREDIENTS (PRODUCTID,COMPONENTID) values (557,373);
Insert into CRG222.INGREDIENTS (PRODUCTID,COMPONENTID) values (558,490);
Insert into CRG222.INGREDIENTS (PRODUCTID,COMPONENTID) values (560,214);
Insert into CRG222.INGREDIENTS (PRODUCTID,COMPONENTID) values (561,527);
Insert into CRG222.INGREDIENTS (PRODUCTID,COMPONENTID) values (562,110);
Insert into CRG222.INGREDIENTS (PRODUCTID,COMPONENTID) values (562,123);
Insert into CRG222.INGREDIENTS (PRODUCTID,COMPONENTID) values (562,218);
Insert into CRG222.INGREDIENTS (PRODUCTID,COMPONENTID) values (562,621);
Insert into CRG222.INGREDIENTS (PRODUCTID,COMPONENTID) values (563,361);
Insert into CRG222.INGREDIENTS (PRODUCTID,COMPONENTID) values (564,972);
Insert into CRG222.INGREDIENTS (PRODUCTID,COMPONENTID) values (566,84);
Insert into CRG222.INGREDIENTS (PRODUCTID,COMPONENTID) values (566,987);
Insert into CRG222.INGREDIENTS (PRODUCTID,COMPONENTID) values (567,147);
Insert into CRG222.INGREDIENTS (PRODUCTID,COMPONENTID) values (567,620);
Insert into CRG222.INGREDIENTS (PRODUCTID,COMPONENTID) values (567,968);
Insert into CRG222.INGREDIENTS (PRODUCTID,COMPONENTID) values (568,373);
Insert into CRG222.INGREDIENTS (PRODUCTID,COMPONENTID) values (568,456);
Insert into CRG222.INGREDIENTS (PRODUCTID,COMPONENTID) values (571,275);
Insert into CRG222.INGREDIENTS (PRODUCTID,COMPONENTID) values (573,382);
Insert into CRG222.INGREDIENTS (PRODUCTID,COMPONENTID) values (574,500);
Insert into CRG222.INGREDIENTS (PRODUCTID,COMPONENTID) values (575,110);
Insert into CRG222.INGREDIENTS (PRODUCTID,COMPONENTID) values (575,488);
Insert into CRG222.INGREDIENTS (PRODUCTID,COMPONENTID) values (577,587);
Insert into CRG222.INGREDIENTS (PRODUCTID,COMPONENTID) values (577,871);
Insert into CRG222.INGREDIENTS (PRODUCTID,COMPONENTID) values (579,209);
Insert into CRG222.INGREDIENTS (PRODUCTID,COMPONENTID) values (579,704);
Insert into CRG222.INGREDIENTS (PRODUCTID,COMPONENTID) values (580,788);
Insert into CRG222.INGREDIENTS (PRODUCTID,COMPONENTID) values (580,988);
Insert into CRG222.INGREDIENTS (PRODUCTID,COMPONENTID) values (581,221);
Insert into CRG222.INGREDIENTS (PRODUCTID,COMPONENTID) values (581,759);
Insert into CRG222.INGREDIENTS (PRODUCTID,COMPONENTID) values (581,901);
Insert into CRG222.INGREDIENTS (PRODUCTID,COMPONENTID) values (582,530);
Insert into CRG222.INGREDIENTS (PRODUCTID,COMPONENTID) values (583,129);
Insert into CRG222.INGREDIENTS (PRODUCTID,COMPONENTID) values (584,116);
Insert into CRG222.INGREDIENTS (PRODUCTID,COMPONENTID) values (584,155);
Insert into CRG222.INGREDIENTS (PRODUCTID,COMPONENTID) values (584,262);
Insert into CRG222.INGREDIENTS (PRODUCTID,COMPONENTID) values (584,379);
Insert into CRG222.INGREDIENTS (PRODUCTID,COMPONENTID) values (585,849);
Insert into CRG222.INGREDIENTS (PRODUCTID,COMPONENTID) values (586,697);
Insert into CRG222.INGREDIENTS (PRODUCTID,COMPONENTID) values (586,912);
Insert into CRG222.INGREDIENTS (PRODUCTID,COMPONENTID) values (587,961);
Insert into CRG222.INGREDIENTS (PRODUCTID,COMPONENTID) values (590,672);
Insert into CRG222.INGREDIENTS (PRODUCTID,COMPONENTID) values (591,402);
Insert into CRG222.INGREDIENTS (PRODUCTID,COMPONENTID) values (591,977);
Insert into CRG222.INGREDIENTS (PRODUCTID,COMPONENTID) values (592,988);
Insert into CRG222.INGREDIENTS (PRODUCTID,COMPONENTID) values (593,206);
Insert into CRG222.INGREDIENTS (PRODUCTID,COMPONENTID) values (593,724);
Insert into CRG222.INGREDIENTS (PRODUCTID,COMPONENTID) values (594,243);
Insert into CRG222.INGREDIENTS (PRODUCTID,COMPONENTID) values (595,578);
Insert into CRG222.INGREDIENTS (PRODUCTID,COMPONENTID) values (597,326);
Insert into CRG222.INGREDIENTS (PRODUCTID,COMPONENTID) values (598,58);
Insert into CRG222.INGREDIENTS (PRODUCTID,COMPONENTID) values (599,833);
Insert into CRG222.INGREDIENTS (PRODUCTID,COMPONENTID) values (600,29);
Insert into CRG222.INGREDIENTS (PRODUCTID,COMPONENTID) values (600,686);
Insert into CRG222.INGREDIENTS (PRODUCTID,COMPONENTID) values (602,421);
Insert into CRG222.INGREDIENTS (PRODUCTID,COMPONENTID) values (602,455);
Insert into CRG222.INGREDIENTS (PRODUCTID,COMPONENTID) values (602,541);
Insert into CRG222.INGREDIENTS (PRODUCTID,COMPONENTID) values (602,839);
Insert into CRG222.INGREDIENTS (PRODUCTID,COMPONENTID) values (603,995);
Insert into CRG222.INGREDIENTS (PRODUCTID,COMPONENTID) values (604,594);
Insert into CRG222.INGREDIENTS (PRODUCTID,COMPONENTID) values (606,256);
Insert into CRG222.INGREDIENTS (PRODUCTID,COMPONENTID) values (609,16);
Insert into CRG222.INGREDIENTS (PRODUCTID,COMPONENTID) values (609,763);
Insert into CRG222.INGREDIENTS (PRODUCTID,COMPONENTID) values (611,62);
Insert into CRG222.INGREDIENTS (PRODUCTID,COMPONENTID) values (614,765);
Insert into CRG222.INGREDIENTS (PRODUCTID,COMPONENTID) values (617,338);
Insert into CRG222.INGREDIENTS (PRODUCTID,COMPONENTID) values (619,123);
Insert into CRG222.INGREDIENTS (PRODUCTID,COMPONENTID) values (619,892);
Insert into CRG222.INGREDIENTS (PRODUCTID,COMPONENTID) values (620,17);
Insert into CRG222.INGREDIENTS (PRODUCTID,COMPONENTID) values (620,266);
Insert into CRG222.INGREDIENTS (PRODUCTID,COMPONENTID) values (620,853);
Insert into CRG222.INGREDIENTS (PRODUCTID,COMPONENTID) values (622,162);
Insert into CRG222.INGREDIENTS (PRODUCTID,COMPONENTID) values (622,378);
Insert into CRG222.INGREDIENTS (PRODUCTID,COMPONENTID) values (622,986);
Insert into CRG222.INGREDIENTS (PRODUCTID,COMPONENTID) values (625,209);
Insert into CRG222.INGREDIENTS (PRODUCTID,COMPONENTID) values (626,311);
Insert into CRG222.INGREDIENTS (PRODUCTID,COMPONENTID) values (627,408);
Insert into CRG222.INGREDIENTS (PRODUCTID,COMPONENTID) values (628,70);
Insert into CRG222.INGREDIENTS (PRODUCTID,COMPONENTID) values (628,224);
Insert into CRG222.INGREDIENTS (PRODUCTID,COMPONENTID) values (628,525);
Insert into CRG222.INGREDIENTS (PRODUCTID,COMPONENTID) values (629,292);
Insert into CRG222.INGREDIENTS (PRODUCTID,COMPONENTID) values (629,611);
Insert into CRG222.INGREDIENTS (PRODUCTID,COMPONENTID) values (630,175);
Insert into CRG222.INGREDIENTS (PRODUCTID,COMPONENTID) values (631,661);
Insert into CRG222.INGREDIENTS (PRODUCTID,COMPONENTID) values (632,14);
Insert into CRG222.INGREDIENTS (PRODUCTID,COMPONENTID) values (632,642);
Insert into CRG222.INGREDIENTS (PRODUCTID,COMPONENTID) values (633,16);
Insert into CRG222.INGREDIENTS (PRODUCTID,COMPONENTID) values (633,84);
Insert into CRG222.INGREDIENTS (PRODUCTID,COMPONENTID) values (634,140);
Insert into CRG222.INGREDIENTS (PRODUCTID,COMPONENTID) values (636,72);
Insert into CRG222.INGREDIENTS (PRODUCTID,COMPONENTID) values (636,429);
Insert into CRG222.INGREDIENTS (PRODUCTID,COMPONENTID) values (637,127);
Insert into CRG222.INGREDIENTS (PRODUCTID,COMPONENTID) values (637,930);
Insert into CRG222.INGREDIENTS (PRODUCTID,COMPONENTID) values (638,639);
Insert into CRG222.INGREDIENTS (PRODUCTID,COMPONENTID) values (639,227);
Insert into CRG222.INGREDIENTS (PRODUCTID,COMPONENTID) values (640,334);
Insert into CRG222.INGREDIENTS (PRODUCTID,COMPONENTID) values (640,971);
Insert into CRG222.INGREDIENTS (PRODUCTID,COMPONENTID) values (641,721);
Insert into CRG222.INGREDIENTS (PRODUCTID,COMPONENTID) values (641,863);
Insert into CRG222.INGREDIENTS (PRODUCTID,COMPONENTID) values (641,894);
Insert into CRG222.INGREDIENTS (PRODUCTID,COMPONENTID) values (642,210);
Insert into CRG222.INGREDIENTS (PRODUCTID,COMPONENTID) values (643,107);
Insert into CRG222.INGREDIENTS (PRODUCTID,COMPONENTID) values (644,177);
Insert into CRG222.INGREDIENTS (PRODUCTID,COMPONENTID) values (644,581);
Insert into CRG222.INGREDIENTS (PRODUCTID,COMPONENTID) values (647,344);
Insert into CRG222.INGREDIENTS (PRODUCTID,COMPONENTID) values (647,523);
Insert into CRG222.INGREDIENTS (PRODUCTID,COMPONENTID) values (647,615);
Insert into CRG222.INGREDIENTS (PRODUCTID,COMPONENTID) values (648,868);
Insert into CRG222.INGREDIENTS (PRODUCTID,COMPONENTID) values (650,221);
Insert into CRG222.INGREDIENTS (PRODUCTID,COMPONENTID) values (650,755);
Insert into CRG222.INGREDIENTS (PRODUCTID,COMPONENTID) values (651,302);
Insert into CRG222.INGREDIENTS (PRODUCTID,COMPONENTID) values (652,843);
Insert into CRG222.INGREDIENTS (PRODUCTID,COMPONENTID) values (653,357);
Insert into CRG222.INGREDIENTS (PRODUCTID,COMPONENTID) values (656,694);
Insert into CRG222.INGREDIENTS (PRODUCTID,COMPONENTID) values (657,471);
Insert into CRG222.INGREDIENTS (PRODUCTID,COMPONENTID) values (657,983);
Insert into CRG222.INGREDIENTS (PRODUCTID,COMPONENTID) values (659,461);
Insert into CRG222.INGREDIENTS (PRODUCTID,COMPONENTID) values (662,91);
Insert into CRG222.INGREDIENTS (PRODUCTID,COMPONENTID) values (662,138);
Insert into CRG222.INGREDIENTS (PRODUCTID,COMPONENTID) values (666,250);
Insert into CRG222.INGREDIENTS (PRODUCTID,COMPONENTID) values (666,884);
Insert into CRG222.INGREDIENTS (PRODUCTID,COMPONENTID) values (666,885);
Insert into CRG222.INGREDIENTS (PRODUCTID,COMPONENTID) values (667,428);
Insert into CRG222.INGREDIENTS (PRODUCTID,COMPONENTID) values (668,31);
Insert into CRG222.INGREDIENTS (PRODUCTID,COMPONENTID) values (668,302);
Insert into CRG222.INGREDIENTS (PRODUCTID,COMPONENTID) values (669,238);
Insert into CRG222.INGREDIENTS (PRODUCTID,COMPONENTID) values (669,243);
Insert into CRG222.INGREDIENTS (PRODUCTID,COMPONENTID) values (670,422);
Insert into CRG222.INGREDIENTS (PRODUCTID,COMPONENTID) values (671,559);
Insert into CRG222.INGREDIENTS (PRODUCTID,COMPONENTID) values (672,610);
Insert into CRG222.INGREDIENTS (PRODUCTID,COMPONENTID) values (674,113);
Insert into CRG222.INGREDIENTS (PRODUCTID,COMPONENTID) values (675,658);
Insert into CRG222.INGREDIENTS (PRODUCTID,COMPONENTID) values (677,230);
Insert into CRG222.INGREDIENTS (PRODUCTID,COMPONENTID) values (678,254);
Insert into CRG222.INGREDIENTS (PRODUCTID,COMPONENTID) values (679,381);
Insert into CRG222.INGREDIENTS (PRODUCTID,COMPONENTID) values (679,893);
Insert into CRG222.INGREDIENTS (PRODUCTID,COMPONENTID) values (679,949);
Insert into CRG222.INGREDIENTS (PRODUCTID,COMPONENTID) values (679,994);
Insert into CRG222.INGREDIENTS (PRODUCTID,COMPONENTID) values (680,392);
Insert into CRG222.INGREDIENTS (PRODUCTID,COMPONENTID) values (680,966);
Insert into CRG222.INGREDIENTS (PRODUCTID,COMPONENTID) values (681,274);
Insert into CRG222.INGREDIENTS (PRODUCTID,COMPONENTID) values (683,414);
Insert into CRG222.INGREDIENTS (PRODUCTID,COMPONENTID) values (684,773);
Insert into CRG222.INGREDIENTS (PRODUCTID,COMPONENTID) values (684,879);
Insert into CRG222.INGREDIENTS (PRODUCTID,COMPONENTID) values (685,19);
Insert into CRG222.INGREDIENTS (PRODUCTID,COMPONENTID) values (686,224);
Insert into CRG222.INGREDIENTS (PRODUCTID,COMPONENTID) values (686,469);
Insert into CRG222.INGREDIENTS (PRODUCTID,COMPONENTID) values (687,755);
Insert into CRG222.INGREDIENTS (PRODUCTID,COMPONENTID) values (688,183);
Insert into CRG222.INGREDIENTS (PRODUCTID,COMPONENTID) values (688,713);
Insert into CRG222.INGREDIENTS (PRODUCTID,COMPONENTID) values (689,280);
Insert into CRG222.INGREDIENTS (PRODUCTID,COMPONENTID) values (690,607);
Insert into CRG222.INGREDIENTS (PRODUCTID,COMPONENTID) values (690,725);
Insert into CRG222.INGREDIENTS (PRODUCTID,COMPONENTID) values (691,710);
Insert into CRG222.INGREDIENTS (PRODUCTID,COMPONENTID) values (693,187);
Insert into CRG222.INGREDIENTS (PRODUCTID,COMPONENTID) values (693,509);
Insert into CRG222.INGREDIENTS (PRODUCTID,COMPONENTID) values (693,548);
Insert into CRG222.INGREDIENTS (PRODUCTID,COMPONENTID) values (693,922);
Insert into CRG222.INGREDIENTS (PRODUCTID,COMPONENTID) values (694,210);
Insert into CRG222.INGREDIENTS (PRODUCTID,COMPONENTID) values (696,521);
Insert into CRG222.INGREDIENTS (PRODUCTID,COMPONENTID) values (697,827);
Insert into CRG222.INGREDIENTS (PRODUCTID,COMPONENTID) values (698,55);
Insert into CRG222.INGREDIENTS (PRODUCTID,COMPONENTID) values (698,592);
Insert into CRG222.INGREDIENTS (PRODUCTID,COMPONENTID) values (701,212);
Insert into CRG222.INGREDIENTS (PRODUCTID,COMPONENTID) values (702,485);
Insert into CRG222.INGREDIENTS (PRODUCTID,COMPONENTID) values (706,178);
Insert into CRG222.INGREDIENTS (PRODUCTID,COMPONENTID) values (706,280);
Insert into CRG222.INGREDIENTS (PRODUCTID,COMPONENTID) values (706,781);
Insert into CRG222.INGREDIENTS (PRODUCTID,COMPONENTID) values (708,939);
Insert into CRG222.INGREDIENTS (PRODUCTID,COMPONENTID) values (709,158);
Insert into CRG222.INGREDIENTS (PRODUCTID,COMPONENTID) values (709,947);
Insert into CRG222.INGREDIENTS (PRODUCTID,COMPONENTID) values (710,389);
Insert into CRG222.INGREDIENTS (PRODUCTID,COMPONENTID) values (712,865);
Insert into CRG222.INGREDIENTS (PRODUCTID,COMPONENTID) values (714,494);
Insert into CRG222.INGREDIENTS (PRODUCTID,COMPONENTID) values (715,676);
Insert into CRG222.INGREDIENTS (PRODUCTID,COMPONENTID) values (717,138);
Insert into CRG222.INGREDIENTS (PRODUCTID,COMPONENTID) values (717,303);
Insert into CRG222.INGREDIENTS (PRODUCTID,COMPONENTID) values (719,141);
Insert into CRG222.INGREDIENTS (PRODUCTID,COMPONENTID) values (720,318);
Insert into CRG222.INGREDIENTS (PRODUCTID,COMPONENTID) values (722,718);
Insert into CRG222.INGREDIENTS (PRODUCTID,COMPONENTID) values (723,105);
Insert into CRG222.INGREDIENTS (PRODUCTID,COMPONENTID) values (724,858);
Insert into CRG222.INGREDIENTS (PRODUCTID,COMPONENTID) values (725,361);
Insert into CRG222.INGREDIENTS (PRODUCTID,COMPONENTID) values (725,438);
Insert into CRG222.INGREDIENTS (PRODUCTID,COMPONENTID) values (727,893);
Insert into CRG222.INGREDIENTS (PRODUCTID,COMPONENTID) values (729,16);
Insert into CRG222.INGREDIENTS (PRODUCTID,COMPONENTID) values (729,435);
Insert into CRG222.INGREDIENTS (PRODUCTID,COMPONENTID) values (730,328);
Insert into CRG222.INGREDIENTS (PRODUCTID,COMPONENTID) values (731,473);
Insert into CRG222.INGREDIENTS (PRODUCTID,COMPONENTID) values (732,636);
Insert into CRG222.INGREDIENTS (PRODUCTID,COMPONENTID) values (733,349);
Insert into CRG222.INGREDIENTS (PRODUCTID,COMPONENTID) values (733,550);
Insert into CRG222.INGREDIENTS (PRODUCTID,COMPONENTID) values (734,690);
Insert into CRG222.INGREDIENTS (PRODUCTID,COMPONENTID) values (735,591);
Insert into CRG222.INGREDIENTS (PRODUCTID,COMPONENTID) values (736,54);
Insert into CRG222.INGREDIENTS (PRODUCTID,COMPONENTID) values (737,40);
Insert into CRG222.INGREDIENTS (PRODUCTID,COMPONENTID) values (737,934);
Insert into CRG222.INGREDIENTS (PRODUCTID,COMPONENTID) values (739,633);
Insert into CRG222.INGREDIENTS (PRODUCTID,COMPONENTID) values (740,49);
Insert into CRG222.INGREDIENTS (PRODUCTID,COMPONENTID) values (740,553);
Insert into CRG222.INGREDIENTS (PRODUCTID,COMPONENTID) values (741,23);
Insert into CRG222.INGREDIENTS (PRODUCTID,COMPONENTID) values (743,1);
Insert into CRG222.INGREDIENTS (PRODUCTID,COMPONENTID) values (744,806);
Insert into CRG222.INGREDIENTS (PRODUCTID,COMPONENTID) values (745,751);
Insert into CRG222.INGREDIENTS (PRODUCTID,COMPONENTID) values (746,344);
Insert into CRG222.INGREDIENTS (PRODUCTID,COMPONENTID) values (746,690);
Insert into CRG222.INGREDIENTS (PRODUCTID,COMPONENTID) values (747,140);
Insert into CRG222.INGREDIENTS (PRODUCTID,COMPONENTID) values (749,412);
Insert into CRG222.INGREDIENTS (PRODUCTID,COMPONENTID) values (749,444);
Insert into CRG222.INGREDIENTS (PRODUCTID,COMPONENTID) values (750,171);
Insert into CRG222.INGREDIENTS (PRODUCTID,COMPONENTID) values (752,862);
Insert into CRG222.INGREDIENTS (PRODUCTID,COMPONENTID) values (756,103);
Insert into CRG222.INGREDIENTS (PRODUCTID,COMPONENTID) values (756,380);
Insert into CRG222.INGREDIENTS (PRODUCTID,COMPONENTID) values (763,587);
Insert into CRG222.INGREDIENTS (PRODUCTID,COMPONENTID) values (765,170);
Insert into CRG222.INGREDIENTS (PRODUCTID,COMPONENTID) values (765,440);
Insert into CRG222.INGREDIENTS (PRODUCTID,COMPONENTID) values (768,973);
Insert into CRG222.INGREDIENTS (PRODUCTID,COMPONENTID) values (769,351);
Insert into CRG222.INGREDIENTS (PRODUCTID,COMPONENTID) values (273,18);
Insert into CRG222.INGREDIENTS (PRODUCTID,COMPONENTID) values (273,76);
Insert into CRG222.INGREDIENTS (PRODUCTID,COMPONENTID) values (273,152);
Insert into CRG222.INGREDIENTS (PRODUCTID,COMPONENTID) values (277,498);
Insert into CRG222.INGREDIENTS (PRODUCTID,COMPONENTID) values (279,485);
Insert into CRG222.INGREDIENTS (PRODUCTID,COMPONENTID) values (279,899);
Insert into CRG222.INGREDIENTS (PRODUCTID,COMPONENTID) values (280,61);
Insert into CRG222.INGREDIENTS (PRODUCTID,COMPONENTID) values (281,236);
Insert into CRG222.INGREDIENTS (PRODUCTID,COMPONENTID) values (281,335);
Insert into CRG222.INGREDIENTS (PRODUCTID,COMPONENTID) values (281,624);
Insert into CRG222.INGREDIENTS (PRODUCTID,COMPONENTID) values (282,379);
Insert into CRG222.INGREDIENTS (PRODUCTID,COMPONENTID) values (283,149);
Insert into CRG222.INGREDIENTS (PRODUCTID,COMPONENTID) values (284,621);
Insert into CRG222.INGREDIENTS (PRODUCTID,COMPONENTID) values (286,161);
Insert into CRG222.INGREDIENTS (PRODUCTID,COMPONENTID) values (287,466);
Insert into CRG222.INGREDIENTS (PRODUCTID,COMPONENTID) values (288,211);
Insert into CRG222.INGREDIENTS (PRODUCTID,COMPONENTID) values (288,734);
Insert into CRG222.INGREDIENTS (PRODUCTID,COMPONENTID) values (290,405);
Insert into CRG222.INGREDIENTS (PRODUCTID,COMPONENTID) values (290,463);
Insert into CRG222.INGREDIENTS (PRODUCTID,COMPONENTID) values (292,378);
Insert into CRG222.INGREDIENTS (PRODUCTID,COMPONENTID) values (296,41);
Insert into CRG222.INGREDIENTS (PRODUCTID,COMPONENTID) values (296,108);
Insert into CRG222.INGREDIENTS (PRODUCTID,COMPONENTID) values (296,247);
Insert into CRG222.INGREDIENTS (PRODUCTID,COMPONENTID) values (297,612);
Insert into CRG222.INGREDIENTS (PRODUCTID,COMPONENTID) values (297,832);
Insert into CRG222.INGREDIENTS (PRODUCTID,COMPONENTID) values (298,117);
Insert into CRG222.INGREDIENTS (PRODUCTID,COMPONENTID) values (298,229);
Insert into CRG222.INGREDIENTS (PRODUCTID,COMPONENTID) values (298,512);
Insert into CRG222.INGREDIENTS (PRODUCTID,COMPONENTID) values (299,506);
Insert into CRG222.INGREDIENTS (PRODUCTID,COMPONENTID) values (300,270);
Insert into CRG222.INGREDIENTS (PRODUCTID,COMPONENTID) values (301,875);
Insert into CRG222.INGREDIENTS (PRODUCTID,COMPONENTID) values (303,923);
Insert into CRG222.INGREDIENTS (PRODUCTID,COMPONENTID) values (303,982);
Insert into CRG222.INGREDIENTS (PRODUCTID,COMPONENTID) values (305,685);
Insert into CRG222.INGREDIENTS (PRODUCTID,COMPONENTID) values (306,290);
Insert into CRG222.INGREDIENTS (PRODUCTID,COMPONENTID) values (307,204);
Insert into CRG222.INGREDIENTS (PRODUCTID,COMPONENTID) values (308,11);
Insert into CRG222.INGREDIENTS (PRODUCTID,COMPONENTID) values (308,503);
Insert into CRG222.INGREDIENTS (PRODUCTID,COMPONENTID) values (308,925);
Insert into CRG222.INGREDIENTS (PRODUCTID,COMPONENTID) values (310,188);
Insert into CRG222.INGREDIENTS (PRODUCTID,COMPONENTID) values (310,703);
Insert into CRG222.INGREDIENTS (PRODUCTID,COMPONENTID) values (311,285);
Insert into CRG222.INGREDIENTS (PRODUCTID,COMPONENTID) values (311,419);
Insert into CRG222.INGREDIENTS (PRODUCTID,COMPONENTID) values (315,48);
Insert into CRG222.INGREDIENTS (PRODUCTID,COMPONENTID) values (315,134);
Insert into CRG222.INGREDIENTS (PRODUCTID,COMPONENTID) values (315,295);
Insert into CRG222.INGREDIENTS (PRODUCTID,COMPONENTID) values (316,669);
Insert into CRG222.INGREDIENTS (PRODUCTID,COMPONENTID) values (319,53);
Insert into CRG222.INGREDIENTS (PRODUCTID,COMPONENTID) values (319,373);
Insert into CRG222.INGREDIENTS (PRODUCTID,COMPONENTID) values (320,216);
Insert into CRG222.INGREDIENTS (PRODUCTID,COMPONENTID) values (320,509);
Insert into CRG222.INGREDIENTS (PRODUCTID,COMPONENTID) values (324,948);
Insert into CRG222.INGREDIENTS (PRODUCTID,COMPONENTID) values (325,355);
Insert into CRG222.INGREDIENTS (PRODUCTID,COMPONENTID) values (325,423);
Insert into CRG222.INGREDIENTS (PRODUCTID,COMPONENTID) values (325,544);
Insert into CRG222.INGREDIENTS (PRODUCTID,COMPONENTID) values (326,271);
Insert into CRG222.INGREDIENTS (PRODUCTID,COMPONENTID) values (327,163);
Insert into CRG222.INGREDIENTS (PRODUCTID,COMPONENTID) values (327,176);
Insert into CRG222.INGREDIENTS (PRODUCTID,COMPONENTID) values (327,695);
Insert into CRG222.INGREDIENTS (PRODUCTID,COMPONENTID) values (329,486);
Insert into CRG222.INGREDIENTS (PRODUCTID,COMPONENTID) values (329,590);
Insert into CRG222.INGREDIENTS (PRODUCTID,COMPONENTID) values (329,647);
Insert into CRG222.INGREDIENTS (PRODUCTID,COMPONENTID) values (330,153);
Insert into CRG222.INGREDIENTS (PRODUCTID,COMPONENTID) values (334,61);
Insert into CRG222.INGREDIENTS (PRODUCTID,COMPONENTID) values (335,726);
Insert into CRG222.INGREDIENTS (PRODUCTID,COMPONENTID) values (336,78);
Insert into CRG222.INGREDIENTS (PRODUCTID,COMPONENTID) values (336,298);
Insert into CRG222.INGREDIENTS (PRODUCTID,COMPONENTID) values (336,319);
Insert into CRG222.INGREDIENTS (PRODUCTID,COMPONENTID) values (336,695);
Insert into CRG222.INGREDIENTS (PRODUCTID,COMPONENTID) values (337,406);
Insert into CRG222.INGREDIENTS (PRODUCTID,COMPONENTID) values (339,970);
Insert into CRG222.INGREDIENTS (PRODUCTID,COMPONENTID) values (340,288);
Insert into CRG222.INGREDIENTS (PRODUCTID,COMPONENTID) values (341,640);
Insert into CRG222.INGREDIENTS (PRODUCTID,COMPONENTID) values (342,342);
Insert into CRG222.INGREDIENTS (PRODUCTID,COMPONENTID) values (343,125);
Insert into CRG222.INGREDIENTS (PRODUCTID,COMPONENTID) values (343,714);
Insert into CRG222.INGREDIENTS (PRODUCTID,COMPONENTID) values (344,224);
Insert into CRG222.INGREDIENTS (PRODUCTID,COMPONENTID) values (344,302);
Insert into CRG222.INGREDIENTS (PRODUCTID,COMPONENTID) values (346,315);
Insert into CRG222.INGREDIENTS (PRODUCTID,COMPONENTID) values (347,35);
Insert into CRG222.INGREDIENTS (PRODUCTID,COMPONENTID) values (347,306);
Insert into CRG222.INGREDIENTS (PRODUCTID,COMPONENTID) values (349,66);
Insert into CRG222.INGREDIENTS (PRODUCTID,COMPONENTID) values (351,858);
Insert into CRG222.INGREDIENTS (PRODUCTID,COMPONENTID) values (352,441);
Insert into CRG222.INGREDIENTS (PRODUCTID,COMPONENTID) values (352,744);
Insert into CRG222.INGREDIENTS (PRODUCTID,COMPONENTID) values (354,82);
Insert into CRG222.INGREDIENTS (PRODUCTID,COMPONENTID) values (355,765);
Insert into CRG222.INGREDIENTS (PRODUCTID,COMPONENTID) values (356,98);
Insert into CRG222.INGREDIENTS (PRODUCTID,COMPONENTID) values (360,981);
Insert into CRG222.INGREDIENTS (PRODUCTID,COMPONENTID) values (361,101);
Insert into CRG222.INGREDIENTS (PRODUCTID,COMPONENTID) values (361,115);
Insert into CRG222.INGREDIENTS (PRODUCTID,COMPONENTID) values (361,555);
Insert into CRG222.INGREDIENTS (PRODUCTID,COMPONENTID) values (361,833);
Insert into CRG222.INGREDIENTS (PRODUCTID,COMPONENTID) values (362,176);
Insert into CRG222.INGREDIENTS (PRODUCTID,COMPONENTID) values (364,754);
Insert into CRG222.INGREDIENTS (PRODUCTID,COMPONENTID) values (364,889);
Insert into CRG222.INGREDIENTS (PRODUCTID,COMPONENTID) values (366,762);
Insert into CRG222.INGREDIENTS (PRODUCTID,COMPONENTID) values (367,624);
Insert into CRG222.INGREDIENTS (PRODUCTID,COMPONENTID) values (368,374);
Insert into CRG222.INGREDIENTS (PRODUCTID,COMPONENTID) values (371,510);
Insert into CRG222.INGREDIENTS (PRODUCTID,COMPONENTID) values (373,743);
Insert into CRG222.INGREDIENTS (PRODUCTID,COMPONENTID) values (373,916);
Insert into CRG222.INGREDIENTS (PRODUCTID,COMPONENTID) values (374,119);
Insert into CRG222.INGREDIENTS (PRODUCTID,COMPONENTID) values (377,227);
Insert into CRG222.INGREDIENTS (PRODUCTID,COMPONENTID) values (379,615);
Insert into CRG222.INGREDIENTS (PRODUCTID,COMPONENTID) values (379,735);
Insert into CRG222.INGREDIENTS (PRODUCTID,COMPONENTID) values (380,328);
Insert into CRG222.INGREDIENTS (PRODUCTID,COMPONENTID) values (380,812);
Insert into CRG222.INGREDIENTS (PRODUCTID,COMPONENTID) values (381,986);
Insert into CRG222.INGREDIENTS (PRODUCTID,COMPONENTID) values (383,375);
Insert into CRG222.INGREDIENTS (PRODUCTID,COMPONENTID) values (385,414);
Insert into CRG222.INGREDIENTS (PRODUCTID,COMPONENTID) values (387,750);
Insert into CRG222.INGREDIENTS (PRODUCTID,COMPONENTID) values (388,950);
Insert into CRG222.INGREDIENTS (PRODUCTID,COMPONENTID) values (389,26);
Insert into CRG222.INGREDIENTS (PRODUCTID,COMPONENTID) values (391,921);
Insert into CRG222.INGREDIENTS (PRODUCTID,COMPONENTID) values (392,98);
Insert into CRG222.INGREDIENTS (PRODUCTID,COMPONENTID) values (392,566);
Insert into CRG222.INGREDIENTS (PRODUCTID,COMPONENTID) values (396,115);
Insert into CRG222.INGREDIENTS (PRODUCTID,COMPONENTID) values (396,774);
Insert into CRG222.INGREDIENTS (PRODUCTID,COMPONENTID) values (398,552);
Insert into CRG222.INGREDIENTS (PRODUCTID,COMPONENTID) values (400,999);
Insert into CRG222.INGREDIENTS (PRODUCTID,COMPONENTID) values (401,822);
Insert into CRG222.INGREDIENTS (PRODUCTID,COMPONENTID) values (401,917);
Insert into CRG222.INGREDIENTS (PRODUCTID,COMPONENTID) values (402,168);
Insert into CRG222.INGREDIENTS (PRODUCTID,COMPONENTID) values (403,824);
Insert into CRG222.INGREDIENTS (PRODUCTID,COMPONENTID) values (404,193);
Insert into CRG222.INGREDIENTS (PRODUCTID,COMPONENTID) values (405,662);
Insert into CRG222.INGREDIENTS (PRODUCTID,COMPONENTID) values (406,440);
Insert into CRG222.INGREDIENTS (PRODUCTID,COMPONENTID) values (406,543);
Insert into CRG222.INGREDIENTS (PRODUCTID,COMPONENTID) values (406,971);
Insert into CRG222.INGREDIENTS (PRODUCTID,COMPONENTID) values (407,560);
Insert into CRG222.INGREDIENTS (PRODUCTID,COMPONENTID) values (409,688);
Insert into CRG222.INGREDIENTS (PRODUCTID,COMPONENTID) values (410,691);
Insert into CRG222.INGREDIENTS (PRODUCTID,COMPONENTID) values (411,899);
Insert into CRG222.INGREDIENTS (PRODUCTID,COMPONENTID) values (412,726);
Insert into CRG222.INGREDIENTS (PRODUCTID,COMPONENTID) values (413,662);
Insert into CRG222.INGREDIENTS (PRODUCTID,COMPONENTID) values (414,774);
Insert into CRG222.INGREDIENTS (PRODUCTID,COMPONENTID) values (416,2);
Insert into CRG222.INGREDIENTS (PRODUCTID,COMPONENTID) values (416,41);
Insert into CRG222.INGREDIENTS (PRODUCTID,COMPONENTID) values (416,447);
Insert into CRG222.INGREDIENTS (PRODUCTID,COMPONENTID) values (418,696);
Insert into CRG222.INGREDIENTS (PRODUCTID,COMPONENTID) values (420,195);
Insert into CRG222.INGREDIENTS (PRODUCTID,COMPONENTID) values (421,3);
Insert into CRG222.INGREDIENTS (PRODUCTID,COMPONENTID) values (421,254);
Insert into CRG222.INGREDIENTS (PRODUCTID,COMPONENTID) values (423,982);
Insert into CRG222.INGREDIENTS (PRODUCTID,COMPONENTID) values (424,436);
Insert into CRG222.INGREDIENTS (PRODUCTID,COMPONENTID) values (425,4);
Insert into CRG222.INGREDIENTS (PRODUCTID,COMPONENTID) values (425,975);
Insert into CRG222.INGREDIENTS (PRODUCTID,COMPONENTID) values (426,776);
Insert into CRG222.INGREDIENTS (PRODUCTID,COMPONENTID) values (429,564);
Insert into CRG222.INGREDIENTS (PRODUCTID,COMPONENTID) values (429,750);
Insert into CRG222.INGREDIENTS (PRODUCTID,COMPONENTID) values (430,291);
Insert into CRG222.INGREDIENTS (PRODUCTID,COMPONENTID) values (430,482);
Insert into CRG222.INGREDIENTS (PRODUCTID,COMPONENTID) values (430,843);
Insert into CRG222.INGREDIENTS (PRODUCTID,COMPONENTID) values (432,950);
Insert into CRG222.INGREDIENTS (PRODUCTID,COMPONENTID) values (433,95);
Insert into CRG222.INGREDIENTS (PRODUCTID,COMPONENTID) values (433,961);
Insert into CRG222.INGREDIENTS (PRODUCTID,COMPONENTID) values (434,82);
Insert into CRG222.INGREDIENTS (PRODUCTID,COMPONENTID) values (436,139);
Insert into CRG222.INGREDIENTS (PRODUCTID,COMPONENTID) values (436,206);
Insert into CRG222.INGREDIENTS (PRODUCTID,COMPONENTID) values (437,350);
Insert into CRG222.INGREDIENTS (PRODUCTID,COMPONENTID) values (437,913);
Insert into CRG222.INGREDIENTS (PRODUCTID,COMPONENTID) values (437,975);
Insert into CRG222.INGREDIENTS (PRODUCTID,COMPONENTID) values (438,136);
Insert into CRG222.INGREDIENTS (PRODUCTID,COMPONENTID) values (438,473);
Insert into CRG222.INGREDIENTS (PRODUCTID,COMPONENTID) values (439,103);
Insert into CRG222.INGREDIENTS (PRODUCTID,COMPONENTID) values (440,496);
Insert into CRG222.INGREDIENTS (PRODUCTID,COMPONENTID) values (440,512);
Insert into CRG222.INGREDIENTS (PRODUCTID,COMPONENTID) values (440,677);
Insert into CRG222.INGREDIENTS (PRODUCTID,COMPONENTID) values (440,821);
Insert into CRG222.INGREDIENTS (PRODUCTID,COMPONENTID) values (442,51);
Insert into CRG222.INGREDIENTS (PRODUCTID,COMPONENTID) values (443,100);
Insert into CRG222.INGREDIENTS (PRODUCTID,COMPONENTID) values (444,797);
Insert into CRG222.INGREDIENTS (PRODUCTID,COMPONENTID) values (445,811);
Insert into CRG222.INGREDIENTS (PRODUCTID,COMPONENTID) values (445,975);
Insert into CRG222.INGREDIENTS (PRODUCTID,COMPONENTID) values (446,265);
Insert into CRG222.INGREDIENTS (PRODUCTID,COMPONENTID) values (446,953);
Insert into CRG222.INGREDIENTS (PRODUCTID,COMPONENTID) values (448,272);
Insert into CRG222.INGREDIENTS (PRODUCTID,COMPONENTID) values (449,662);
Insert into CRG222.INGREDIENTS (PRODUCTID,COMPONENTID) values (450,648);
Insert into CRG222.INGREDIENTS (PRODUCTID,COMPONENTID) values (450,705);
Insert into CRG222.INGREDIENTS (PRODUCTID,COMPONENTID) values (450,932);
Insert into CRG222.INGREDIENTS (PRODUCTID,COMPONENTID) values (450,986);
Insert into CRG222.INGREDIENTS (PRODUCTID,COMPONENTID) values (451,714);
Insert into CRG222.INGREDIENTS (PRODUCTID,COMPONENTID) values (453,23);
Insert into CRG222.INGREDIENTS (PRODUCTID,COMPONENTID) values (454,88);
Insert into CRG222.INGREDIENTS (PRODUCTID,COMPONENTID) values (455,500);
Insert into CRG222.INGREDIENTS (PRODUCTID,COMPONENTID) values (456,850);
Insert into CRG222.INGREDIENTS (PRODUCTID,COMPONENTID) values (457,449);
Insert into CRG222.INGREDIENTS (PRODUCTID,COMPONENTID) values (461,277);
Insert into CRG222.INGREDIENTS (PRODUCTID,COMPONENTID) values (461,627);
Insert into CRG222.INGREDIENTS (PRODUCTID,COMPONENTID) values (462,71);
Insert into CRG222.INGREDIENTS (PRODUCTID,COMPONENTID) values (463,192);
Insert into CRG222.INGREDIENTS (PRODUCTID,COMPONENTID) values (464,71);
Insert into CRG222.INGREDIENTS (PRODUCTID,COMPONENTID) values (464,352);
Insert into CRG222.INGREDIENTS (PRODUCTID,COMPONENTID) values (466,610);
Insert into CRG222.INGREDIENTS (PRODUCTID,COMPONENTID) values (466,831);
Insert into CRG222.INGREDIENTS (PRODUCTID,COMPONENTID) values (467,24);
Insert into CRG222.INGREDIENTS (PRODUCTID,COMPONENTID) values (468,409);
Insert into CRG222.INGREDIENTS (PRODUCTID,COMPONENTID) values (469,120);
Insert into CRG222.INGREDIENTS (PRODUCTID,COMPONENTID) values (469,550);
Insert into CRG222.INGREDIENTS (PRODUCTID,COMPONENTID) values (470,269);
Insert into CRG222.INGREDIENTS (PRODUCTID,COMPONENTID) values (470,395);
Insert into CRG222.INGREDIENTS (PRODUCTID,COMPONENTID) values (471,464);
Insert into CRG222.INGREDIENTS (PRODUCTID,COMPONENTID) values (471,532);
Insert into CRG222.INGREDIENTS (PRODUCTID,COMPONENTID) values (473,927);
Insert into CRG222.INGREDIENTS (PRODUCTID,COMPONENTID) values (474,129);
Insert into CRG222.INGREDIENTS (PRODUCTID,COMPONENTID) values (474,546);
Insert into CRG222.INGREDIENTS (PRODUCTID,COMPONENTID) values (475,163);
Insert into CRG222.INGREDIENTS (PRODUCTID,COMPONENTID) values (476,437);
Insert into CRG222.INGREDIENTS (PRODUCTID,COMPONENTID) values (477,95);
Insert into CRG222.INGREDIENTS (PRODUCTID,COMPONENTID) values (477,471);
Insert into CRG222.INGREDIENTS (PRODUCTID,COMPONENTID) values (479,185);
Insert into CRG222.INGREDIENTS (PRODUCTID,COMPONENTID) values (481,855);
Insert into CRG222.INGREDIENTS (PRODUCTID,COMPONENTID) values (484,201);
Insert into CRG222.INGREDIENTS (PRODUCTID,COMPONENTID) values (484,283);
Insert into CRG222.INGREDIENTS (PRODUCTID,COMPONENTID) values (485,831);
Insert into CRG222.INGREDIENTS (PRODUCTID,COMPONENTID) values (486,682);
Insert into CRG222.INGREDIENTS (PRODUCTID,COMPONENTID) values (488,222);
Insert into CRG222.INGREDIENTS (PRODUCTID,COMPONENTID) values (488,226);
Insert into CRG222.INGREDIENTS (PRODUCTID,COMPONENTID) values (491,671);
Insert into CRG222.INGREDIENTS (PRODUCTID,COMPONENTID) values (491,922);
Insert into CRG222.INGREDIENTS (PRODUCTID,COMPONENTID) values (492,398);
Insert into CRG222.INGREDIENTS (PRODUCTID,COMPONENTID) values (495,18);
Insert into CRG222.INGREDIENTS (PRODUCTID,COMPONENTID) values (495,128);
Insert into CRG222.INGREDIENTS (PRODUCTID,COMPONENTID) values (495,478);
Insert into CRG222.INGREDIENTS (PRODUCTID,COMPONENTID) values (498,369);
Insert into CRG222.INGREDIENTS (PRODUCTID,COMPONENTID) values (499,681);
Insert into CRG222.INGREDIENTS (PRODUCTID,COMPONENTID) values (499,953);
Insert into CRG222.INGREDIENTS (PRODUCTID,COMPONENTID) values (500,331);
Insert into CRG222.INGREDIENTS (PRODUCTID,COMPONENTID) values (500,889);
Insert into CRG222.INGREDIENTS (PRODUCTID,COMPONENTID) values (501,186);
Insert into CRG222.INGREDIENTS (PRODUCTID,COMPONENTID) values (502,829);
Insert into CRG222.INGREDIENTS (PRODUCTID,COMPONENTID) values (506,528);
Insert into CRG222.INGREDIENTS (PRODUCTID,COMPONENTID) values (506,537);
Insert into CRG222.INGREDIENTS (PRODUCTID,COMPONENTID) values (506,888);
Insert into CRG222.INGREDIENTS (PRODUCTID,COMPONENTID) values (507,335);
Insert into CRG222.INGREDIENTS (PRODUCTID,COMPONENTID) values (507,947);
Insert into CRG222.INGREDIENTS (PRODUCTID,COMPONENTID) values (508,375);
Insert into CRG222.INGREDIENTS (PRODUCTID,COMPONENTID) values (508,974);
Insert into CRG222.INGREDIENTS (PRODUCTID,COMPONENTID) values (509,475);
Insert into CRG222.INGREDIENTS (PRODUCTID,COMPONENTID) values (511,307);
Insert into CRG222.INGREDIENTS (PRODUCTID,COMPONENTID) values (511,371);
Insert into CRG222.INGREDIENTS (PRODUCTID,COMPONENTID) values (511,809);
Insert into CRG222.INGREDIENTS (PRODUCTID,COMPONENTID) values (512,438);
Insert into CRG222.INGREDIENTS (PRODUCTID,COMPONENTID) values (515,720);
Insert into CRG222.INGREDIENTS (PRODUCTID,COMPONENTID) values (516,521);
Insert into CRG222.INGREDIENTS (PRODUCTID,COMPONENTID) values (518,325);
Insert into CRG222.INGREDIENTS (PRODUCTID,COMPONENTID) values (518,379);
Insert into CRG222.INGREDIENTS (PRODUCTID,COMPONENTID) values (519,680);
Insert into CRG222.INGREDIENTS (PRODUCTID,COMPONENTID) values (770,28);
Insert into CRG222.INGREDIENTS (PRODUCTID,COMPONENTID) values (770,65);
Insert into CRG222.INGREDIENTS (PRODUCTID,COMPONENTID) values (770,637);
Insert into CRG222.INGREDIENTS (PRODUCTID,COMPONENTID) values (770,898);
Insert into CRG222.INGREDIENTS (PRODUCTID,COMPONENTID) values (770,944);
Insert into CRG222.INGREDIENTS (PRODUCTID,COMPONENTID) values (770,992);
Insert into CRG222.INGREDIENTS (PRODUCTID,COMPONENTID) values (771,893);
Insert into CRG222.INGREDIENTS (PRODUCTID,COMPONENTID) values (772,471);
Insert into CRG222.INGREDIENTS (PRODUCTID,COMPONENTID) values (772,570);
Insert into CRG222.INGREDIENTS (PRODUCTID,COMPONENTID) values (772,601);
Insert into CRG222.INGREDIENTS (PRODUCTID,COMPONENTID) values (773,845);
Insert into CRG222.INGREDIENTS (PRODUCTID,COMPONENTID) values (774,375);
Insert into CRG222.INGREDIENTS (PRODUCTID,COMPONENTID) values (774,793);
Insert into CRG222.INGREDIENTS (PRODUCTID,COMPONENTID) values (776,94);
Insert into CRG222.INGREDIENTS (PRODUCTID,COMPONENTID) values (776,154);
Insert into CRG222.INGREDIENTS (PRODUCTID,COMPONENTID) values (776,720);
Insert into CRG222.INGREDIENTS (PRODUCTID,COMPONENTID) values (777,475);
Insert into CRG222.INGREDIENTS (PRODUCTID,COMPONENTID) values (778,51);
Insert into CRG222.INGREDIENTS (PRODUCTID,COMPONENTID) values (778,352);
Insert into CRG222.INGREDIENTS (PRODUCTID,COMPONENTID) values (778,794);
Insert into CRG222.INGREDIENTS (PRODUCTID,COMPONENTID) values (779,520);
Insert into CRG222.INGREDIENTS (PRODUCTID,COMPONENTID) values (779,722);
Insert into CRG222.INGREDIENTS (PRODUCTID,COMPONENTID) values (781,140);
Insert into CRG222.INGREDIENTS (PRODUCTID,COMPONENTID) values (781,377);
Insert into CRG222.INGREDIENTS (PRODUCTID,COMPONENTID) values (783,32);
Insert into CRG222.INGREDIENTS (PRODUCTID,COMPONENTID) values (783,302);
Insert into CRG222.INGREDIENTS (PRODUCTID,COMPONENTID) values (784,552);
Insert into CRG222.INGREDIENTS (PRODUCTID,COMPONENTID) values (784,750);
Insert into CRG222.INGREDIENTS (PRODUCTID,COMPONENTID) values (785,293);
Insert into CRG222.INGREDIENTS (PRODUCTID,COMPONENTID) values (787,592);
Insert into CRG222.INGREDIENTS (PRODUCTID,COMPONENTID) values (787,748);
Insert into CRG222.INGREDIENTS (PRODUCTID,COMPONENTID) values (787,800);
Insert into CRG222.INGREDIENTS (PRODUCTID,COMPONENTID) values (790,125);
Insert into CRG222.INGREDIENTS (PRODUCTID,COMPONENTID) values (792,169);
Insert into CRG222.INGREDIENTS (PRODUCTID,COMPONENTID) values (792,665);
Insert into CRG222.INGREDIENTS (PRODUCTID,COMPONENTID) values (794,312);
Insert into CRG222.INGREDIENTS (PRODUCTID,COMPONENTID) values (794,811);
Insert into CRG222.INGREDIENTS (PRODUCTID,COMPONENTID) values (797,502);
Insert into CRG222.INGREDIENTS (PRODUCTID,COMPONENTID) values (798,729);
Insert into CRG222.INGREDIENTS (PRODUCTID,COMPONENTID) values (799,107);
Insert into CRG222.INGREDIENTS (PRODUCTID,COMPONENTID) values (800,660);
Insert into CRG222.INGREDIENTS (PRODUCTID,COMPONENTID) values (800,667);
Insert into CRG222.INGREDIENTS (PRODUCTID,COMPONENTID) values (803,838);
Insert into CRG222.INGREDIENTS (PRODUCTID,COMPONENTID) values (804,243);
Insert into CRG222.INGREDIENTS (PRODUCTID,COMPONENTID) values (805,210);
Insert into CRG222.INGREDIENTS (PRODUCTID,COMPONENTID) values (805,489);
Insert into CRG222.INGREDIENTS (PRODUCTID,COMPONENTID) values (809,181);
Insert into CRG222.INGREDIENTS (PRODUCTID,COMPONENTID) values (811,90);
Insert into CRG222.INGREDIENTS (PRODUCTID,COMPONENTID) values (811,469);
Insert into CRG222.INGREDIENTS (PRODUCTID,COMPONENTID) values (813,854);
Insert into CRG222.INGREDIENTS (PRODUCTID,COMPONENTID) values (813,983);
Insert into CRG222.INGREDIENTS (PRODUCTID,COMPONENTID) values (815,240);
Insert into CRG222.INGREDIENTS (PRODUCTID,COMPONENTID) values (816,679);
Insert into CRG222.INGREDIENTS (PRODUCTID,COMPONENTID) values (817,51);
Insert into CRG222.INGREDIENTS (PRODUCTID,COMPONENTID) values (820,137);
Insert into CRG222.INGREDIENTS (PRODUCTID,COMPONENTID) values (821,847);
Insert into CRG222.INGREDIENTS (PRODUCTID,COMPONENTID) values (823,472);
Insert into CRG222.INGREDIENTS (PRODUCTID,COMPONENTID) values (827,920);
Insert into CRG222.INGREDIENTS (PRODUCTID,COMPONENTID) values (828,99);
Insert into CRG222.INGREDIENTS (PRODUCTID,COMPONENTID) values (829,298);
Insert into CRG222.INGREDIENTS (PRODUCTID,COMPONENTID) values (830,189);
Insert into CRG222.INGREDIENTS (PRODUCTID,COMPONENTID) values (831,558);
Insert into CRG222.INGREDIENTS (PRODUCTID,COMPONENTID) values (831,989);
Insert into CRG222.INGREDIENTS (PRODUCTID,COMPONENTID) values (832,374);
Insert into CRG222.INGREDIENTS (PRODUCTID,COMPONENTID) values (832,505);
Insert into CRG222.INGREDIENTS (PRODUCTID,COMPONENTID) values (833,249);
Insert into CRG222.INGREDIENTS (PRODUCTID,COMPONENTID) values (833,511);
Insert into CRG222.INGREDIENTS (PRODUCTID,COMPONENTID) values (834,88);
Insert into CRG222.INGREDIENTS (PRODUCTID,COMPONENTID) values (834,109);
Insert into CRG222.INGREDIENTS (PRODUCTID,COMPONENTID) values (836,169);
Insert into CRG222.INGREDIENTS (PRODUCTID,COMPONENTID) values (837,765);
Insert into CRG222.INGREDIENTS (PRODUCTID,COMPONENTID) values (838,185);
Insert into CRG222.INGREDIENTS (PRODUCTID,COMPONENTID) values (839,392);
Insert into CRG222.INGREDIENTS (PRODUCTID,COMPONENTID) values (839,876);
Insert into CRG222.INGREDIENTS (PRODUCTID,COMPONENTID) values (840,66);
Insert into CRG222.INGREDIENTS (PRODUCTID,COMPONENTID) values (840,785);
Insert into CRG222.INGREDIENTS (PRODUCTID,COMPONENTID) values (841,705);
Insert into CRG222.INGREDIENTS (PRODUCTID,COMPONENTID) values (846,346);
Insert into CRG222.INGREDIENTS (PRODUCTID,COMPONENTID) values (847,312);
Insert into CRG222.INGREDIENTS (PRODUCTID,COMPONENTID) values (848,657);
Insert into CRG222.INGREDIENTS (PRODUCTID,COMPONENTID) values (849,763);
Insert into CRG222.INGREDIENTS (PRODUCTID,COMPONENTID) values (850,371);
Insert into CRG222.INGREDIENTS (PRODUCTID,COMPONENTID) values (850,395);
Insert into CRG222.INGREDIENTS (PRODUCTID,COMPONENTID) values (851,125);
Insert into CRG222.INGREDIENTS (PRODUCTID,COMPONENTID) values (851,763);
Insert into CRG222.INGREDIENTS (PRODUCTID,COMPONENTID) values (851,886);
Insert into CRG222.INGREDIENTS (PRODUCTID,COMPONENTID) values (852,179);
Insert into CRG222.INGREDIENTS (PRODUCTID,COMPONENTID) values (852,633);
Insert into CRG222.INGREDIENTS (PRODUCTID,COMPONENTID) values (852,818);
Insert into CRG222.INGREDIENTS (PRODUCTID,COMPONENTID) values (854,836);
Insert into CRG222.INGREDIENTS (PRODUCTID,COMPONENTID) values (854,974);
Insert into CRG222.INGREDIENTS (PRODUCTID,COMPONENTID) values (855,756);
Insert into CRG222.INGREDIENTS (PRODUCTID,COMPONENTID) values (856,308);
Insert into CRG222.INGREDIENTS (PRODUCTID,COMPONENTID) values (857,295);
Insert into CRG222.INGREDIENTS (PRODUCTID,COMPONENTID) values (860,353);
Insert into CRG222.INGREDIENTS (PRODUCTID,COMPONENTID) values (861,57);
Insert into CRG222.INGREDIENTS (PRODUCTID,COMPONENTID) values (861,963);
Insert into CRG222.INGREDIENTS (PRODUCTID,COMPONENTID) values (862,593);
Insert into CRG222.INGREDIENTS (PRODUCTID,COMPONENTID) values (862,1000);
Insert into CRG222.INGREDIENTS (PRODUCTID,COMPONENTID) values (866,388);
Insert into CRG222.INGREDIENTS (PRODUCTID,COMPONENTID) values (866,392);
Insert into CRG222.INGREDIENTS (PRODUCTID,COMPONENTID) values (867,364);
Insert into CRG222.INGREDIENTS (PRODUCTID,COMPONENTID) values (867,565);
Insert into CRG222.INGREDIENTS (PRODUCTID,COMPONENTID) values (867,756);
Insert into CRG222.INGREDIENTS (PRODUCTID,COMPONENTID) values (868,87);
Insert into CRG222.INGREDIENTS (PRODUCTID,COMPONENTID) values (869,618);
Insert into CRG222.INGREDIENTS (PRODUCTID,COMPONENTID) values (873,65);
Insert into CRG222.INGREDIENTS (PRODUCTID,COMPONENTID) values (873,559);
Insert into CRG222.INGREDIENTS (PRODUCTID,COMPONENTID) values (873,582);
Insert into CRG222.INGREDIENTS (PRODUCTID,COMPONENTID) values (873,663);
Insert into CRG222.INGREDIENTS (PRODUCTID,COMPONENTID) values (873,948);
Insert into CRG222.INGREDIENTS (PRODUCTID,COMPONENTID) values (874,538);
Insert into CRG222.INGREDIENTS (PRODUCTID,COMPONENTID) values (875,425);
Insert into CRG222.INGREDIENTS (PRODUCTID,COMPONENTID) values (877,813);
Insert into CRG222.INGREDIENTS (PRODUCTID,COMPONENTID) values (880,751);
Insert into CRG222.INGREDIENTS (PRODUCTID,COMPONENTID) values (880,845);
Insert into CRG222.INGREDIENTS (PRODUCTID,COMPONENTID) values (881,568);
Insert into CRG222.INGREDIENTS (PRODUCTID,COMPONENTID) values (882,667);
Insert into CRG222.INGREDIENTS (PRODUCTID,COMPONENTID) values (884,186);
Insert into CRG222.INGREDIENTS (PRODUCTID,COMPONENTID) values (884,698);
Insert into CRG222.INGREDIENTS (PRODUCTID,COMPONENTID) values (887,553);
Insert into CRG222.INGREDIENTS (PRODUCTID,COMPONENTID) values (889,987);
Insert into CRG222.INGREDIENTS (PRODUCTID,COMPONENTID) values (890,403);
Insert into CRG222.INGREDIENTS (PRODUCTID,COMPONENTID) values (890,452);
Insert into CRG222.INGREDIENTS (PRODUCTID,COMPONENTID) values (890,916);
Insert into CRG222.INGREDIENTS (PRODUCTID,COMPONENTID) values (890,994);
Insert into CRG222.INGREDIENTS (PRODUCTID,COMPONENTID) values (892,378);
Insert into CRG222.INGREDIENTS (PRODUCTID,COMPONENTID) values (892,954);
Insert into CRG222.INGREDIENTS (PRODUCTID,COMPONENTID) values (894,49);
Insert into CRG222.INGREDIENTS (PRODUCTID,COMPONENTID) values (894,549);
Insert into CRG222.INGREDIENTS (PRODUCTID,COMPONENTID) values (894,897);
Insert into CRG222.INGREDIENTS (PRODUCTID,COMPONENTID) values (896,143);
Insert into CRG222.INGREDIENTS (PRODUCTID,COMPONENTID) values (896,761);
Insert into CRG222.INGREDIENTS (PRODUCTID,COMPONENTID) values (899,685);
Insert into CRG222.INGREDIENTS (PRODUCTID,COMPONENTID) values (901,337);
Insert into CRG222.INGREDIENTS (PRODUCTID,COMPONENTID) values (903,129);
Insert into CRG222.INGREDIENTS (PRODUCTID,COMPONENTID) values (903,686);
Insert into CRG222.INGREDIENTS (PRODUCTID,COMPONENTID) values (904,158);
Insert into CRG222.INGREDIENTS (PRODUCTID,COMPONENTID) values (904,677);
Insert into CRG222.INGREDIENTS (PRODUCTID,COMPONENTID) values (905,384);
Insert into CRG222.INGREDIENTS (PRODUCTID,COMPONENTID) values (906,280);
Insert into CRG222.INGREDIENTS (PRODUCTID,COMPONENTID) values (906,307);
Insert into CRG222.INGREDIENTS (PRODUCTID,COMPONENTID) values (907,88);
Insert into CRG222.INGREDIENTS (PRODUCTID,COMPONENTID) values (908,843);
Insert into CRG222.INGREDIENTS (PRODUCTID,COMPONENTID) values (909,38);
Insert into CRG222.INGREDIENTS (PRODUCTID,COMPONENTID) values (910,140);
Insert into CRG222.INGREDIENTS (PRODUCTID,COMPONENTID) values (910,576);
Insert into CRG222.INGREDIENTS (PRODUCTID,COMPONENTID) values (911,460);
Insert into CRG222.INGREDIENTS (PRODUCTID,COMPONENTID) values (912,48);
Insert into CRG222.INGREDIENTS (PRODUCTID,COMPONENTID) values (912,280);
Insert into CRG222.INGREDIENTS (PRODUCTID,COMPONENTID) values (912,556);
Insert into CRG222.INGREDIENTS (PRODUCTID,COMPONENTID) values (912,579);
Insert into CRG222.INGREDIENTS (PRODUCTID,COMPONENTID) values (913,375);
Insert into CRG222.INGREDIENTS (PRODUCTID,COMPONENTID) values (913,818);
Insert into CRG222.INGREDIENTS (PRODUCTID,COMPONENTID) values (916,663);
Insert into CRG222.INGREDIENTS (PRODUCTID,COMPONENTID) values (917,93);
Insert into CRG222.INGREDIENTS (PRODUCTID,COMPONENTID) values (917,603);
Insert into CRG222.INGREDIENTS (PRODUCTID,COMPONENTID) values (918,361);
Insert into CRG222.INGREDIENTS (PRODUCTID,COMPONENTID) values (919,123);
Insert into CRG222.INGREDIENTS (PRODUCTID,COMPONENTID) values (919,458);
Insert into CRG222.INGREDIENTS (PRODUCTID,COMPONENTID) values (919,884);
Insert into CRG222.INGREDIENTS (PRODUCTID,COMPONENTID) values (920,535);
Insert into CRG222.INGREDIENTS (PRODUCTID,COMPONENTID) values (921,98);
Insert into CRG222.INGREDIENTS (PRODUCTID,COMPONENTID) values (921,591);
Insert into CRG222.INGREDIENTS (PRODUCTID,COMPONENTID) values (922,439);
Insert into CRG222.INGREDIENTS (PRODUCTID,COMPONENTID) values (924,83);
Insert into CRG222.INGREDIENTS (PRODUCTID,COMPONENTID) values (924,720);
Insert into CRG222.INGREDIENTS (PRODUCTID,COMPONENTID) values (924,990);
Insert into CRG222.INGREDIENTS (PRODUCTID,COMPONENTID) values (925,492);
Insert into CRG222.INGREDIENTS (PRODUCTID,COMPONENTID) values (925,514);
Insert into CRG222.INGREDIENTS (PRODUCTID,COMPONENTID) values (927,196);
Insert into CRG222.INGREDIENTS (PRODUCTID,COMPONENTID) values (927,380);
Insert into CRG222.INGREDIENTS (PRODUCTID,COMPONENTID) values (928,932);
Insert into CRG222.INGREDIENTS (PRODUCTID,COMPONENTID) values (932,122);
Insert into CRG222.INGREDIENTS (PRODUCTID,COMPONENTID) values (932,236);
Insert into CRG222.INGREDIENTS (PRODUCTID,COMPONENTID) values (933,935);
Insert into CRG222.INGREDIENTS (PRODUCTID,COMPONENTID) values (934,115);
Insert into CRG222.INGREDIENTS (PRODUCTID,COMPONENTID) values (934,992);
Insert into CRG222.INGREDIENTS (PRODUCTID,COMPONENTID) values (935,60);
Insert into CRG222.INGREDIENTS (PRODUCTID,COMPONENTID) values (935,425);
Insert into CRG222.INGREDIENTS (PRODUCTID,COMPONENTID) values (937,114);
Insert into CRG222.INGREDIENTS (PRODUCTID,COMPONENTID) values (937,293);
Insert into CRG222.INGREDIENTS (PRODUCTID,COMPONENTID) values (938,973);
Insert into CRG222.INGREDIENTS (PRODUCTID,COMPONENTID) values (939,495);
Insert into CRG222.INGREDIENTS (PRODUCTID,COMPONENTID) values (939,982);
Insert into CRG222.INGREDIENTS (PRODUCTID,COMPONENTID) values (940,614);
Insert into CRG222.INGREDIENTS (PRODUCTID,COMPONENTID) values (941,38);
Insert into CRG222.INGREDIENTS (PRODUCTID,COMPONENTID) values (941,204);
Insert into CRG222.INGREDIENTS (PRODUCTID,COMPONENTID) values (942,323);
Insert into CRG222.INGREDIENTS (PRODUCTID,COMPONENTID) values (942,788);
Insert into CRG222.INGREDIENTS (PRODUCTID,COMPONENTID) values (943,161);
Insert into CRG222.INGREDIENTS (PRODUCTID,COMPONENTID) values (944,459);
Insert into CRG222.INGREDIENTS (PRODUCTID,COMPONENTID) values (945,378);
Insert into CRG222.INGREDIENTS (PRODUCTID,COMPONENTID) values (947,94);
Insert into CRG222.INGREDIENTS (PRODUCTID,COMPONENTID) values (947,444);
Insert into CRG222.INGREDIENTS (PRODUCTID,COMPONENTID) values (948,753);
Insert into CRG222.INGREDIENTS (PRODUCTID,COMPONENTID) values (949,332);
Insert into CRG222.INGREDIENTS (PRODUCTID,COMPONENTID) values (951,572);
Insert into CRG222.INGREDIENTS (PRODUCTID,COMPONENTID) values (952,150);
Insert into CRG222.INGREDIENTS (PRODUCTID,COMPONENTID) values (954,174);
Insert into CRG222.INGREDIENTS (PRODUCTID,COMPONENTID) values (956,421);
Insert into CRG222.INGREDIENTS (PRODUCTID,COMPONENTID) values (957,311);
Insert into CRG222.INGREDIENTS (PRODUCTID,COMPONENTID) values (957,486);
Insert into CRG222.INGREDIENTS (PRODUCTID,COMPONENTID) values (958,265);
Insert into CRG222.INGREDIENTS (PRODUCTID,COMPONENTID) values (960,424);
Insert into CRG222.INGREDIENTS (PRODUCTID,COMPONENTID) values (960,616);
Insert into CRG222.INGREDIENTS (PRODUCTID,COMPONENTID) values (963,728);
Insert into CRG222.INGREDIENTS (PRODUCTID,COMPONENTID) values (966,233);
Insert into CRG222.INGREDIENTS (PRODUCTID,COMPONENTID) values (966,485);
Insert into CRG222.INGREDIENTS (PRODUCTID,COMPONENTID) values (968,1);
Insert into CRG222.INGREDIENTS (PRODUCTID,COMPONENTID) values (969,452);
Insert into CRG222.INGREDIENTS (PRODUCTID,COMPONENTID) values (970,995);
Insert into CRG222.INGREDIENTS (PRODUCTID,COMPONENTID) values (971,344);
Insert into CRG222.INGREDIENTS (PRODUCTID,COMPONENTID) values (971,376);
Insert into CRG222.INGREDIENTS (PRODUCTID,COMPONENTID) values (972,393);
Insert into CRG222.INGREDIENTS (PRODUCTID,COMPONENTID) values (974,174);
Insert into CRG222.INGREDIENTS (PRODUCTID,COMPONENTID) values (975,13);
Insert into CRG222.INGREDIENTS (PRODUCTID,COMPONENTID) values (975,319);
Insert into CRG222.INGREDIENTS (PRODUCTID,COMPONENTID) values (976,321);
Insert into CRG222.INGREDIENTS (PRODUCTID,COMPONENTID) values (976,373);
Insert into CRG222.INGREDIENTS (PRODUCTID,COMPONENTID) values (978,595);
Insert into CRG222.INGREDIENTS (PRODUCTID,COMPONENTID) values (978,701);
Insert into CRG222.INGREDIENTS (PRODUCTID,COMPONENTID) values (982,149);
Insert into CRG222.INGREDIENTS (PRODUCTID,COMPONENTID) values (982,859);
Insert into CRG222.INGREDIENTS (PRODUCTID,COMPONENTID) values (983,875);
Insert into CRG222.INGREDIENTS (PRODUCTID,COMPONENTID) values (986,191);
Insert into CRG222.INGREDIENTS (PRODUCTID,COMPONENTID) values (987,149);
Insert into CRG222.INGREDIENTS (PRODUCTID,COMPONENTID) values (987,425);
Insert into CRG222.INGREDIENTS (PRODUCTID,COMPONENTID) values (987,993);
Insert into CRG222.INGREDIENTS (PRODUCTID,COMPONENTID) values (989,438);
Insert into CRG222.INGREDIENTS (PRODUCTID,COMPONENTID) values (990,255);
Insert into CRG222.INGREDIENTS (PRODUCTID,COMPONENTID) values (991,770);
Insert into CRG222.INGREDIENTS (PRODUCTID,COMPONENTID) values (993,592);
Insert into CRG222.INGREDIENTS (PRODUCTID,COMPONENTID) values (995,591);
Insert into CRG222.INGREDIENTS (PRODUCTID,COMPONENTID) values (997,675);
Insert into CRG222.INGREDIENTS (PRODUCTID,COMPONENTID) values (997,757);
Insert into CRG222.INGREDIENTS (PRODUCTID,COMPONENTID) values (998,14);
Insert into CRG222.INGREDIENTS (PRODUCTID,COMPONENTID) values (998,442);
Insert into CRG222.INGREDIENTS (PRODUCTID,COMPONENTID) values (998,501);
Insert into CRG222.INGREDIENTS (PRODUCTID,COMPONENTID) values (1000,977);
REM INSERTING into CRG222.MADEFROM
SET DEFINE OFF;
Insert into CRG222.MADEFROM (PRODUCTLINEID,BATCHID) values (946,18);
Insert into CRG222.MADEFROM (PRODUCTLINEID,BATCHID) values (796,313);
Insert into CRG222.MADEFROM (PRODUCTLINEID,BATCHID) values (913,409);
Insert into CRG222.MADEFROM (PRODUCTLINEID,BATCHID) values (769,13);
Insert into CRG222.MADEFROM (PRODUCTLINEID,BATCHID) values (30,75);
Insert into CRG222.MADEFROM (PRODUCTLINEID,BATCHID) values (293,609);
Insert into CRG222.MADEFROM (PRODUCTLINEID,BATCHID) values (303,298);
Insert into CRG222.MADEFROM (PRODUCTLINEID,BATCHID) values (836,647);
Insert into CRG222.MADEFROM (PRODUCTLINEID,BATCHID) values (357,474);
Insert into CRG222.MADEFROM (PRODUCTLINEID,BATCHID) values (351,430);
Insert into CRG222.MADEFROM (PRODUCTLINEID,BATCHID) values (155,465);
Insert into CRG222.MADEFROM (PRODUCTLINEID,BATCHID) values (392,403);
Insert into CRG222.MADEFROM (PRODUCTLINEID,BATCHID) values (511,501);
Insert into CRG222.MADEFROM (PRODUCTLINEID,BATCHID) values (954,934);
Insert into CRG222.MADEFROM (PRODUCTLINEID,BATCHID) values (408,860);
Insert into CRG222.MADEFROM (PRODUCTLINEID,BATCHID) values (282,533);
Insert into CRG222.MADEFROM (PRODUCTLINEID,BATCHID) values (66,343);
Insert into CRG222.MADEFROM (PRODUCTLINEID,BATCHID) values (411,197);
Insert into CRG222.MADEFROM (PRODUCTLINEID,BATCHID) values (379,743);
Insert into CRG222.MADEFROM (PRODUCTLINEID,BATCHID) values (871,728);
Insert into CRG222.MADEFROM (PRODUCTLINEID,BATCHID) values (228,741);
Insert into CRG222.MADEFROM (PRODUCTLINEID,BATCHID) values (436,115);
Insert into CRG222.MADEFROM (PRODUCTLINEID,BATCHID) values (782,84);
Insert into CRG222.MADEFROM (PRODUCTLINEID,BATCHID) values (608,159);
Insert into CRG222.MADEFROM (PRODUCTLINEID,BATCHID) values (888,775);
Insert into CRG222.MADEFROM (PRODUCTLINEID,BATCHID) values (807,102);
Insert into CRG222.MADEFROM (PRODUCTLINEID,BATCHID) values (377,175);
Insert into CRG222.MADEFROM (PRODUCTLINEID,BATCHID) values (144,827);
Insert into CRG222.MADEFROM (PRODUCTLINEID,BATCHID) values (660,821);
Insert into CRG222.MADEFROM (PRODUCTLINEID,BATCHID) values (732,932);
Insert into CRG222.MADEFROM (PRODUCTLINEID,BATCHID) values (258,646);
Insert into CRG222.MADEFROM (PRODUCTLINEID,BATCHID) values (75,481);
Insert into CRG222.MADEFROM (PRODUCTLINEID,BATCHID) values (89,330);
Insert into CRG222.MADEFROM (PRODUCTLINEID,BATCHID) values (52,154);
Insert into CRG222.MADEFROM (PRODUCTLINEID,BATCHID) values (627,81);
Insert into CRG222.MADEFROM (PRODUCTLINEID,BATCHID) values (909,439);
Insert into CRG222.MADEFROM (PRODUCTLINEID,BATCHID) values (118,583);
Insert into CRG222.MADEFROM (PRODUCTLINEID,BATCHID) values (826,373);
Insert into CRG222.MADEFROM (PRODUCTLINEID,BATCHID) values (458,16);
Insert into CRG222.MADEFROM (PRODUCTLINEID,BATCHID) values (441,763);
Insert into CRG222.MADEFROM (PRODUCTLINEID,BATCHID) values (75,990);
Insert into CRG222.MADEFROM (PRODUCTLINEID,BATCHID) values (185,275);
Insert into CRG222.MADEFROM (PRODUCTLINEID,BATCHID) values (897,478);
Insert into CRG222.MADEFROM (PRODUCTLINEID,BATCHID) values (641,348);
Insert into CRG222.MADEFROM (PRODUCTLINEID,BATCHID) values (960,935);
Insert into CRG222.MADEFROM (PRODUCTLINEID,BATCHID) values (589,799);
Insert into CRG222.MADEFROM (PRODUCTLINEID,BATCHID) values (716,274);
Insert into CRG222.MADEFROM (PRODUCTLINEID,BATCHID) values (976,869);
Insert into CRG222.MADEFROM (PRODUCTLINEID,BATCHID) values (23,113);
Insert into CRG222.MADEFROM (PRODUCTLINEID,BATCHID) values (222,731);
Insert into CRG222.MADEFROM (PRODUCTLINEID,BATCHID) values (64,724);
Insert into CRG222.MADEFROM (PRODUCTLINEID,BATCHID) values (797,137);
Insert into CRG222.MADEFROM (PRODUCTLINEID,BATCHID) values (143,808);
Insert into CRG222.MADEFROM (PRODUCTLINEID,BATCHID) values (472,834);
Insert into CRG222.MADEFROM (PRODUCTLINEID,BATCHID) values (637,593);
Insert into CRG222.MADEFROM (PRODUCTLINEID,BATCHID) values (271,49);
Insert into CRG222.MADEFROM (PRODUCTLINEID,BATCHID) values (89,323);
Insert into CRG222.MADEFROM (PRODUCTLINEID,BATCHID) values (788,475);
Insert into CRG222.MADEFROM (PRODUCTLINEID,BATCHID) values (667,985);
Insert into CRG222.MADEFROM (PRODUCTLINEID,BATCHID) values (984,875);
Insert into CRG222.MADEFROM (PRODUCTLINEID,BATCHID) values (339,391);
Insert into CRG222.MADEFROM (PRODUCTLINEID,BATCHID) values (144,12);
Insert into CRG222.MADEFROM (PRODUCTLINEID,BATCHID) values (911,960);
Insert into CRG222.MADEFROM (PRODUCTLINEID,BATCHID) values (375,998);
Insert into CRG222.MADEFROM (PRODUCTLINEID,BATCHID) values (498,65);
Insert into CRG222.MADEFROM (PRODUCTLINEID,BATCHID) values (345,476);
Insert into CRG222.MADEFROM (PRODUCTLINEID,BATCHID) values (680,3);
Insert into CRG222.MADEFROM (PRODUCTLINEID,BATCHID) values (464,344);
Insert into CRG222.MADEFROM (PRODUCTLINEID,BATCHID) values (314,508);
Insert into CRG222.MADEFROM (PRODUCTLINEID,BATCHID) values (1000,523);
Insert into CRG222.MADEFROM (PRODUCTLINEID,BATCHID) values (782,247);
Insert into CRG222.MADEFROM (PRODUCTLINEID,BATCHID) values (69,817);
Insert into CRG222.MADEFROM (PRODUCTLINEID,BATCHID) values (550,477);
Insert into CRG222.MADEFROM (PRODUCTLINEID,BATCHID) values (741,692);
Insert into CRG222.MADEFROM (PRODUCTLINEID,BATCHID) values (836,392);
Insert into CRG222.MADEFROM (PRODUCTLINEID,BATCHID) values (995,649);
Insert into CRG222.MADEFROM (PRODUCTLINEID,BATCHID) values (552,458);
Insert into CRG222.MADEFROM (PRODUCTLINEID,BATCHID) values (629,63);
Insert into CRG222.MADEFROM (PRODUCTLINEID,BATCHID) values (873,268);
Insert into CRG222.MADEFROM (PRODUCTLINEID,BATCHID) values (216,928);
Insert into CRG222.MADEFROM (PRODUCTLINEID,BATCHID) values (586,9);
Insert into CRG222.MADEFROM (PRODUCTLINEID,BATCHID) values (82,127);
Insert into CRG222.MADEFROM (PRODUCTLINEID,BATCHID) values (151,85);
Insert into CRG222.MADEFROM (PRODUCTLINEID,BATCHID) values (718,958);
Insert into CRG222.MADEFROM (PRODUCTLINEID,BATCHID) values (447,709);
Insert into CRG222.MADEFROM (PRODUCTLINEID,BATCHID) values (912,531);
Insert into CRG222.MADEFROM (PRODUCTLINEID,BATCHID) values (787,346);
Insert into CRG222.MADEFROM (PRODUCTLINEID,BATCHID) values (636,382);
Insert into CRG222.MADEFROM (PRODUCTLINEID,BATCHID) values (940,554);
Insert into CRG222.MADEFROM (PRODUCTLINEID,BATCHID) values (673,221);
Insert into CRG222.MADEFROM (PRODUCTLINEID,BATCHID) values (946,267);
Insert into CRG222.MADEFROM (PRODUCTLINEID,BATCHID) values (961,889);
Insert into CRG222.MADEFROM (PRODUCTLINEID,BATCHID) values (9,803);
Insert into CRG222.MADEFROM (PRODUCTLINEID,BATCHID) values (455,528);
Insert into CRG222.MADEFROM (PRODUCTLINEID,BATCHID) values (2,219);
Insert into CRG222.MADEFROM (PRODUCTLINEID,BATCHID) values (591,760);
Insert into CRG222.MADEFROM (PRODUCTLINEID,BATCHID) values (380,445);
Insert into CRG222.MADEFROM (PRODUCTLINEID,BATCHID) values (496,469);
Insert into CRG222.MADEFROM (PRODUCTLINEID,BATCHID) values (714,296);
Insert into CRG222.MADEFROM (PRODUCTLINEID,BATCHID) values (125,558);
Insert into CRG222.MADEFROM (PRODUCTLINEID,BATCHID) values (861,308);
Insert into CRG222.MADEFROM (PRODUCTLINEID,BATCHID) values (822,460);
Insert into CRG222.MADEFROM (PRODUCTLINEID,BATCHID) values (681,957);
Insert into CRG222.MADEFROM (PRODUCTLINEID,BATCHID) values (464,471);
Insert into CRG222.MADEFROM (PRODUCTLINEID,BATCHID) values (552,397);
Insert into CRG222.MADEFROM (PRODUCTLINEID,BATCHID) values (769,305);
Insert into CRG222.MADEFROM (PRODUCTLINEID,BATCHID) values (213,995);
Insert into CRG222.MADEFROM (PRODUCTLINEID,BATCHID) values (12,535);
Insert into CRG222.MADEFROM (PRODUCTLINEID,BATCHID) values (188,714);
Insert into CRG222.MADEFROM (PRODUCTLINEID,BATCHID) values (344,613);
Insert into CRG222.MADEFROM (PRODUCTLINEID,BATCHID) values (775,933);
Insert into CRG222.MADEFROM (PRODUCTLINEID,BATCHID) values (525,809);
Insert into CRG222.MADEFROM (PRODUCTLINEID,BATCHID) values (268,729);
Insert into CRG222.MADEFROM (PRODUCTLINEID,BATCHID) values (491,283);
Insert into CRG222.MADEFROM (PRODUCTLINEID,BATCHID) values (691,418);
Insert into CRG222.MADEFROM (PRODUCTLINEID,BATCHID) values (259,111);
Insert into CRG222.MADEFROM (PRODUCTLINEID,BATCHID) values (70,168);
Insert into CRG222.MADEFROM (PRODUCTLINEID,BATCHID) values (186,199);
Insert into CRG222.MADEFROM (PRODUCTLINEID,BATCHID) values (635,449);
Insert into CRG222.MADEFROM (PRODUCTLINEID,BATCHID) values (693,697);
Insert into CRG222.MADEFROM (PRODUCTLINEID,BATCHID) values (490,309);
Insert into CRG222.MADEFROM (PRODUCTLINEID,BATCHID) values (630,72);
Insert into CRG222.MADEFROM (PRODUCTLINEID,BATCHID) values (24,553);
Insert into CRG222.MADEFROM (PRODUCTLINEID,BATCHID) values (908,384);
Insert into CRG222.MADEFROM (PRODUCTLINEID,BATCHID) values (164,255);
Insert into CRG222.MADEFROM (PRODUCTLINEID,BATCHID) values (650,936);
Insert into CRG222.MADEFROM (PRODUCTLINEID,BATCHID) values (312,36);
Insert into CRG222.MADEFROM (PRODUCTLINEID,BATCHID) values (427,226);
Insert into CRG222.MADEFROM (PRODUCTLINEID,BATCHID) values (131,337);
Insert into CRG222.MADEFROM (PRODUCTLINEID,BATCHID) values (652,456);
Insert into CRG222.MADEFROM (PRODUCTLINEID,BATCHID) values (193,732);
Insert into CRG222.MADEFROM (PRODUCTLINEID,BATCHID) values (567,47);
Insert into CRG222.MADEFROM (PRODUCTLINEID,BATCHID) values (211,907);
Insert into CRG222.MADEFROM (PRODUCTLINEID,BATCHID) values (293,694);
Insert into CRG222.MADEFROM (PRODUCTLINEID,BATCHID) values (213,210);
Insert into CRG222.MADEFROM (PRODUCTLINEID,BATCHID) values (68,314);
Insert into CRG222.MADEFROM (PRODUCTLINEID,BATCHID) values (134,366);
Insert into CRG222.MADEFROM (PRODUCTLINEID,BATCHID) values (860,143);
Insert into CRG222.MADEFROM (PRODUCTLINEID,BATCHID) values (845,130);
Insert into CRG222.MADEFROM (PRODUCTLINEID,BATCHID) values (436,678);
Insert into CRG222.MADEFROM (PRODUCTLINEID,BATCHID) values (998,362);
Insert into CRG222.MADEFROM (PRODUCTLINEID,BATCHID) values (285,198);
Insert into CRG222.MADEFROM (PRODUCTLINEID,BATCHID) values (340,385);
Insert into CRG222.MADEFROM (PRODUCTLINEID,BATCHID) values (696,324);
Insert into CRG222.MADEFROM (PRODUCTLINEID,BATCHID) values (668,888);
Insert into CRG222.MADEFROM (PRODUCTLINEID,BATCHID) values (207,745);
Insert into CRG222.MADEFROM (PRODUCTLINEID,BATCHID) values (891,843);
Insert into CRG222.MADEFROM (PRODUCTLINEID,BATCHID) values (357,250);
Insert into CRG222.MADEFROM (PRODUCTLINEID,BATCHID) values (856,500);
Insert into CRG222.MADEFROM (PRODUCTLINEID,BATCHID) values (743,577);
Insert into CRG222.MADEFROM (PRODUCTLINEID,BATCHID) values (515,890);
Insert into CRG222.MADEFROM (PRODUCTLINEID,BATCHID) values (419,208);
Insert into CRG222.MADEFROM (PRODUCTLINEID,BATCHID) values (754,674);
Insert into CRG222.MADEFROM (PRODUCTLINEID,BATCHID) values (106,389);
Insert into CRG222.MADEFROM (PRODUCTLINEID,BATCHID) values (914,50);
Insert into CRG222.MADEFROM (PRODUCTLINEID,BATCHID) values (891,132);
Insert into CRG222.MADEFROM (PRODUCTLINEID,BATCHID) values (291,964);
Insert into CRG222.MADEFROM (PRODUCTLINEID,BATCHID) values (272,987);
Insert into CRG222.MADEFROM (PRODUCTLINEID,BATCHID) values (244,278);
Insert into CRG222.MADEFROM (PRODUCTLINEID,BATCHID) values (411,149);
Insert into CRG222.MADEFROM (PRODUCTLINEID,BATCHID) values (130,429);
Insert into CRG222.MADEFROM (PRODUCTLINEID,BATCHID) values (370,34);
Insert into CRG222.MADEFROM (PRODUCTLINEID,BATCHID) values (816,961);
Insert into CRG222.MADEFROM (PRODUCTLINEID,BATCHID) values (69,334);
Insert into CRG222.MADEFROM (PRODUCTLINEID,BATCHID) values (550,824);
Insert into CRG222.MADEFROM (PRODUCTLINEID,BATCHID) values (201,562);
Insert into CRG222.MADEFROM (PRODUCTLINEID,BATCHID) values (28,632);
Insert into CRG222.MADEFROM (PRODUCTLINEID,BATCHID) values (104,357);
Insert into CRG222.MADEFROM (PRODUCTLINEID,BATCHID) values (541,289);
Insert into CRG222.MADEFROM (PRODUCTLINEID,BATCHID) values (281,771);
Insert into CRG222.MADEFROM (PRODUCTLINEID,BATCHID) values (975,765);
Insert into CRG222.MADEFROM (PRODUCTLINEID,BATCHID) values (445,327);
Insert into CRG222.MADEFROM (PRODUCTLINEID,BATCHID) values (850,444);
Insert into CRG222.MADEFROM (PRODUCTLINEID,BATCHID) values (740,378);
Insert into CRG222.MADEFROM (PRODUCTLINEID,BATCHID) values (591,431);
Insert into CRG222.MADEFROM (PRODUCTLINEID,BATCHID) values (716,417);
Insert into CRG222.MADEFROM (PRODUCTLINEID,BATCHID) values (826,921);
Insert into CRG222.MADEFROM (PRODUCTLINEID,BATCHID) values (980,772);
Insert into CRG222.MADEFROM (PRODUCTLINEID,BATCHID) values (275,122);
Insert into CRG222.MADEFROM (PRODUCTLINEID,BATCHID) values (93,802);
Insert into CRG222.MADEFROM (PRODUCTLINEID,BATCHID) values (197,980);
Insert into CRG222.MADEFROM (PRODUCTLINEID,BATCHID) values (871,857);
Insert into CRG222.MADEFROM (PRODUCTLINEID,BATCHID) values (77,480);
Insert into CRG222.MADEFROM (PRODUCTLINEID,BATCHID) values (99,30);
Insert into CRG222.MADEFROM (PRODUCTLINEID,BATCHID) values (242,607);
Insert into CRG222.MADEFROM (PRODUCTLINEID,BATCHID) values (460,560);
Insert into CRG222.MADEFROM (PRODUCTLINEID,BATCHID) values (568,580);
Insert into CRG222.MADEFROM (PRODUCTLINEID,BATCHID) values (933,721);
Insert into CRG222.MADEFROM (PRODUCTLINEID,BATCHID) values (41,780);
Insert into CRG222.MADEFROM (PRODUCTLINEID,BATCHID) values (831,945);
Insert into CRG222.MADEFROM (PRODUCTLINEID,BATCHID) values (3,165);
Insert into CRG222.MADEFROM (PRODUCTLINEID,BATCHID) values (163,90);
Insert into CRG222.MADEFROM (PRODUCTLINEID,BATCHID) values (517,664);
Insert into CRG222.MADEFROM (PRODUCTLINEID,BATCHID) values (248,877);
Insert into CRG222.MADEFROM (PRODUCTLINEID,BATCHID) values (234,618);
Insert into CRG222.MADEFROM (PRODUCTLINEID,BATCHID) values (742,967);
Insert into CRG222.MADEFROM (PRODUCTLINEID,BATCHID) values (290,148);
Insert into CRG222.MADEFROM (PRODUCTLINEID,BATCHID) values (532,708);
Insert into CRG222.MADEFROM (PRODUCTLINEID,BATCHID) values (81,43);
Insert into CRG222.MADEFROM (PRODUCTLINEID,BATCHID) values (431,611);
Insert into CRG222.MADEFROM (PRODUCTLINEID,BATCHID) values (999,588);
Insert into CRG222.MADEFROM (PRODUCTLINEID,BATCHID) values (67,66);
REM INSERTING into CRG222.MANUFACTURES
SET DEFINE OFF;
Insert into CRG222.MANUFACTURES (BATCHID,SUPPLIERID) values (9,856);
Insert into CRG222.MANUFACTURES (BATCHID,SUPPLIERID) values (12,79);
Insert into CRG222.MANUFACTURES (BATCHID,SUPPLIERID) values (16,818);
Insert into CRG222.MANUFACTURES (BATCHID,SUPPLIERID) values (43,401);
Insert into CRG222.MANUFACTURES (BATCHID,SUPPLIERID) values (50,720);
Insert into CRG222.MANUFACTURES (BATCHID,SUPPLIERID) values (65,720);
Insert into CRG222.MANUFACTURES (BATCHID,SUPPLIERID) values (75,786);
Insert into CRG222.MANUFACTURES (BATCHID,SUPPLIERID) values (90,217);
Insert into CRG222.MANUFACTURES (BATCHID,SUPPLIERID) values (102,314);
Insert into CRG222.MANUFACTURES (BATCHID,SUPPLIERID) values (111,521);
Insert into CRG222.MANUFACTURES (BATCHID,SUPPLIERID) values (113,307);
Insert into CRG222.MANUFACTURES (BATCHID,SUPPLIERID) values (127,222);
Insert into CRG222.MANUFACTURES (BATCHID,SUPPLIERID) values (132,572);
Insert into CRG222.MANUFACTURES (BATCHID,SUPPLIERID) values (143,298);
Insert into CRG222.MANUFACTURES (BATCHID,SUPPLIERID) values (149,64);
Insert into CRG222.MANUFACTURES (BATCHID,SUPPLIERID) values (159,961);
Insert into CRG222.MANUFACTURES (BATCHID,SUPPLIERID) values (199,534);
Insert into CRG222.MANUFACTURES (BATCHID,SUPPLIERID) values (247,885);
Insert into CRG222.MANUFACTURES (BATCHID,SUPPLIERID) values (250,307);
Insert into CRG222.MANUFACTURES (BATCHID,SUPPLIERID) values (255,433);
Insert into CRG222.MANUFACTURES (BATCHID,SUPPLIERID) values (268,370);
Insert into CRG222.MANUFACTURES (BATCHID,SUPPLIERID) values (274,904);
Insert into CRG222.MANUFACTURES (BATCHID,SUPPLIERID) values (278,561);
Insert into CRG222.MANUFACTURES (BATCHID,SUPPLIERID) values (283,852);
Insert into CRG222.MANUFACTURES (BATCHID,SUPPLIERID) values (289,36);
Insert into CRG222.MANUFACTURES (BATCHID,SUPPLIERID) values (308,720);
Insert into CRG222.MANUFACTURES (BATCHID,SUPPLIERID) values (313,71);
Insert into CRG222.MANUFACTURES (BATCHID,SUPPLIERID) values (323,616);
Insert into CRG222.MANUFACTURES (BATCHID,SUPPLIERID) values (343,221);
Insert into CRG222.MANUFACTURES (BATCHID,SUPPLIERID) values (362,852);
Insert into CRG222.MANUFACTURES (BATCHID,SUPPLIERID) values (391,266);
Insert into CRG222.MANUFACTURES (BATCHID,SUPPLIERID) values (392,618);
Insert into CRG222.MANUFACTURES (BATCHID,SUPPLIERID) values (397,191);
Insert into CRG222.MANUFACTURES (BATCHID,SUPPLIERID) values (409,152);
Insert into CRG222.MANUFACTURES (BATCHID,SUPPLIERID) values (418,499);
Insert into CRG222.MANUFACTURES (BATCHID,SUPPLIERID) values (429,314);
Insert into CRG222.MANUFACTURES (BATCHID,SUPPLIERID) values (431,134);
Insert into CRG222.MANUFACTURES (BATCHID,SUPPLIERID) values (445,868);
Insert into CRG222.MANUFACTURES (BATCHID,SUPPLIERID) values (449,417);
Insert into CRG222.MANUFACTURES (BATCHID,SUPPLIERID) values (456,134);
Insert into CRG222.MANUFACTURES (BATCHID,SUPPLIERID) values (469,955);
Insert into CRG222.MANUFACTURES (BATCHID,SUPPLIERID) values (474,801);
Insert into CRG222.MANUFACTURES (BATCHID,SUPPLIERID) values (478,765);
Insert into CRG222.MANUFACTURES (BATCHID,SUPPLIERID) values (500,986);
Insert into CRG222.MANUFACTURES (BATCHID,SUPPLIERID) values (553,153);
Insert into CRG222.MANUFACTURES (BATCHID,SUPPLIERID) values (558,354);
Insert into CRG222.MANUFACTURES (BATCHID,SUPPLIERID) values (577,222);
Insert into CRG222.MANUFACTURES (BATCHID,SUPPLIERID) values (583,307);
Insert into CRG222.MANUFACTURES (BATCHID,SUPPLIERID) values (593,417);
Insert into CRG222.MANUFACTURES (BATCHID,SUPPLIERID) values (607,994);
Insert into CRG222.MANUFACTURES (BATCHID,SUPPLIERID) values (613,354);
Insert into CRG222.MANUFACTURES (BATCHID,SUPPLIERID) values (618,181);
Insert into CRG222.MANUFACTURES (BATCHID,SUPPLIERID) values (632,370);
Insert into CRG222.MANUFACTURES (BATCHID,SUPPLIERID) values (649,534);
Insert into CRG222.MANUFACTURES (BATCHID,SUPPLIERID) values (664,560);
Insert into CRG222.MANUFACTURES (BATCHID,SUPPLIERID) values (674,64);
Insert into CRG222.MANUFACTURES (BATCHID,SUPPLIERID) values (678,692);
Insert into CRG222.MANUFACTURES (BATCHID,SUPPLIERID) values (692,730);
Insert into CRG222.MANUFACTURES (BATCHID,SUPPLIERID) values (708,705);
Insert into CRG222.MANUFACTURES (BATCHID,SUPPLIERID) values (728,400);
Insert into CRG222.MANUFACTURES (BATCHID,SUPPLIERID) values (731,585);
Insert into CRG222.MANUFACTURES (BATCHID,SUPPLIERID) values (732,354);
Insert into CRG222.MANUFACTURES (BATCHID,SUPPLIERID) values (743,301);
Insert into CRG222.MANUFACTURES (BATCHID,SUPPLIERID) values (772,882);
Insert into CRG222.MANUFACTURES (BATCHID,SUPPLIERID) values (775,856);
Insert into CRG222.MANUFACTURES (BATCHID,SUPPLIERID) values (780,119);
Insert into CRG222.MANUFACTURES (BATCHID,SUPPLIERID) values (799,134);
Insert into CRG222.MANUFACTURES (BATCHID,SUPPLIERID) values (803,632);
Insert into CRG222.MANUFACTURES (BATCHID,SUPPLIERID) values (808,271);
Insert into CRG222.MANUFACTURES (BATCHID,SUPPLIERID) values (809,986);
Insert into CRG222.MANUFACTURES (BATCHID,SUPPLIERID) values (817,416);
Insert into CRG222.MANUFACTURES (BATCHID,SUPPLIERID) values (821,127);
Insert into CRG222.MANUFACTURES (BATCHID,SUPPLIERID) values (824,779);
Insert into CRG222.MANUFACTURES (BATCHID,SUPPLIERID) values (928,538);
Insert into CRG222.MANUFACTURES (BATCHID,SUPPLIERID) values (932,505);
Insert into CRG222.MANUFACTURES (BATCHID,SUPPLIERID) values (933,505);
Insert into CRG222.MANUFACTURES (BATCHID,SUPPLIERID) values (936,585);
Insert into CRG222.MANUFACTURES (BATCHID,SUPPLIERID) values (958,905);
Insert into CRG222.MANUFACTURES (BATCHID,SUPPLIERID) values (967,413);
Insert into CRG222.MANUFACTURES (BATCHID,SUPPLIERID) values (980,847);
Insert into CRG222.MANUFACTURES (BATCHID,SUPPLIERID) values (990,46);
Insert into CRG222.MANUFACTURES (BATCHID,SUPPLIERID) values (995,852);
REM INSERTING into CRG222.OFFERS
SET DEFINE OFF;
Insert into CRG222.OFFERS (SUPPLIERID,PRODUCTLINEID,SALEPRICE) values (413,680,410.97);
Insert into CRG222.OFFERS (SUPPLIERID,PRODUCTLINEID,SALEPRICE) values (534,535,182.93);
Insert into CRG222.OFFERS (SUPPLIERID,PRODUCTLINEID,SALEPRICE) values (653,135,432.9);
Insert into CRG222.OFFERS (SUPPLIERID,PRODUCTLINEID,SALEPRICE) values (453,144,347.19);
Insert into CRG222.OFFERS (SUPPLIERID,PRODUCTLINEID,SALEPRICE) values (413,32,105.82);
Insert into CRG222.OFFERS (SUPPLIERID,PRODUCTLINEID,SALEPRICE) values (138,82,311.64);
Insert into CRG222.OFFERS (SUPPLIERID,PRODUCTLINEID,SALEPRICE) values (810,550,24.21);
Insert into CRG222.OFFERS (SUPPLIERID,PRODUCTLINEID,SALEPRICE) values (988,724,154.95);
Insert into CRG222.OFFERS (SUPPLIERID,PRODUCTLINEID,SALEPRICE) values (527,326,319.86);
Insert into CRG222.OFFERS (SUPPLIERID,PRODUCTLINEID,SALEPRICE) values (152,322,470.35);
Insert into CRG222.OFFERS (SUPPLIERID,PRODUCTLINEID,SALEPRICE) values (575,290,335.85);
Insert into CRG222.OFFERS (SUPPLIERID,PRODUCTLINEID,SALEPRICE) values (489,592,3.06);
Insert into CRG222.OFFERS (SUPPLIERID,PRODUCTLINEID,SALEPRICE) values (413,480,80.07);
Insert into CRG222.OFFERS (SUPPLIERID,PRODUCTLINEID,SALEPRICE) values (963,296,240.46);
Insert into CRG222.OFFERS (SUPPLIERID,PRODUCTLINEID,SALEPRICE) values (194,697,129.83);
Insert into CRG222.OFFERS (SUPPLIERID,PRODUCTLINEID,SALEPRICE) values (138,229,51.92);
Insert into CRG222.OFFERS (SUPPLIERID,PRODUCTLINEID,SALEPRICE) values (573,568,489.71);
Insert into CRG222.OFFERS (SUPPLIERID,PRODUCTLINEID,SALEPRICE) values (376,104,375.26);
Insert into CRG222.OFFERS (SUPPLIERID,PRODUCTLINEID,SALEPRICE) values (868,162,192.15);
Insert into CRG222.OFFERS (SUPPLIERID,PRODUCTLINEID,SALEPRICE) values (704,812,279.41);
Insert into CRG222.OFFERS (SUPPLIERID,PRODUCTLINEID,SALEPRICE) values (241,883,456.96);
Insert into CRG222.OFFERS (SUPPLIERID,PRODUCTLINEID,SALEPRICE) values (856,388,492.59);
Insert into CRG222.OFFERS (SUPPLIERID,PRODUCTLINEID,SALEPRICE) values (248,514,255.36);
Insert into CRG222.OFFERS (SUPPLIERID,PRODUCTLINEID,SALEPRICE) values (523,641,499.65);
Insert into CRG222.OFFERS (SUPPLIERID,PRODUCTLINEID,SALEPRICE) values (955,552,478.26);
Insert into CRG222.OFFERS (SUPPLIERID,PRODUCTLINEID,SALEPRICE) values (194,136,358.09);
Insert into CRG222.OFFERS (SUPPLIERID,PRODUCTLINEID,SALEPRICE) values (119,669,276.27);
Insert into CRG222.OFFERS (SUPPLIERID,PRODUCTLINEID,SALEPRICE) values (572,609,139.26);
Insert into CRG222.OFFERS (SUPPLIERID,PRODUCTLINEID,SALEPRICE) values (841,481,490.83);
Insert into CRG222.OFFERS (SUPPLIERID,PRODUCTLINEID,SALEPRICE) values (642,156,87.59);
Insert into CRG222.OFFERS (SUPPLIERID,PRODUCTLINEID,SALEPRICE) values (508,134,57.72);
Insert into CRG222.OFFERS (SUPPLIERID,PRODUCTLINEID,SALEPRICE) values (573,541,300.67);
Insert into CRG222.OFFERS (SUPPLIERID,PRODUCTLINEID,SALEPRICE) values (560,791,220.95);
Insert into CRG222.OFFERS (SUPPLIERID,PRODUCTLINEID,SALEPRICE) values (298,852,412.25);
Insert into CRG222.OFFERS (SUPPLIERID,PRODUCTLINEID,SALEPRICE) values (560,924,336.15);
Insert into CRG222.OFFERS (SUPPLIERID,PRODUCTLINEID,SALEPRICE) values (649,912,152.05);
Insert into CRG222.OFFERS (SUPPLIERID,PRODUCTLINEID,SALEPRICE) values (376,355,1.13);
Insert into CRG222.OFFERS (SUPPLIERID,PRODUCTLINEID,SALEPRICE) values (955,108,262.09);
Insert into CRG222.OFFERS (SUPPLIERID,PRODUCTLINEID,SALEPRICE) values (419,275,196.74);
Insert into CRG222.OFFERS (SUPPLIERID,PRODUCTLINEID,SALEPRICE) values (882,809,87.79);
Insert into CRG222.OFFERS (SUPPLIERID,PRODUCTLINEID,SALEPRICE) values (986,378,459.07);
Insert into CRG222.OFFERS (SUPPLIERID,PRODUCTLINEID,SALEPRICE) values (127,290,119.51);
Insert into CRG222.OFFERS (SUPPLIERID,PRODUCTLINEID,SALEPRICE) values (876,803,457.88);
Insert into CRG222.OFFERS (SUPPLIERID,PRODUCTLINEID,SALEPRICE) values (704,130,280);
Insert into CRG222.OFFERS (SUPPLIERID,PRODUCTLINEID,SALEPRICE) values (241,275,72.78);
Insert into CRG222.OFFERS (SUPPLIERID,PRODUCTLINEID,SALEPRICE) values (885,204,320.63);
Insert into CRG222.OFFERS (SUPPLIERID,PRODUCTLINEID,SALEPRICE) values (433,744,284.27);
Insert into CRG222.OFFERS (SUPPLIERID,PRODUCTLINEID,SALEPRICE) values (307,686,49.46);
Insert into CRG222.OFFERS (SUPPLIERID,PRODUCTLINEID,SALEPRICE) values (947,450,91.54);
Insert into CRG222.OFFERS (SUPPLIERID,PRODUCTLINEID,SALEPRICE) values (538,137,109.95);
Insert into CRG222.OFFERS (SUPPLIERID,PRODUCTLINEID,SALEPRICE) values (810,414,163.16);
Insert into CRG222.OFFERS (SUPPLIERID,PRODUCTLINEID,SALEPRICE) values (905,779,91.18);
Insert into CRG222.OFFERS (SUPPLIERID,PRODUCTLINEID,SALEPRICE) values (868,35,17.7);
Insert into CRG222.OFFERS (SUPPLIERID,PRODUCTLINEID,SALEPRICE) values (948,323,487.06);
Insert into CRG222.OFFERS (SUPPLIERID,PRODUCTLINEID,SALEPRICE) values (419,158,86.16);
Insert into CRG222.OFFERS (SUPPLIERID,PRODUCTLINEID,SALEPRICE) values (852,339,395.47);
Insert into CRG222.OFFERS (SUPPLIERID,PRODUCTLINEID,SALEPRICE) values (124,512,372.56);
Insert into CRG222.OFFERS (SUPPLIERID,PRODUCTLINEID,SALEPRICE) values (152,177,401.9);
Insert into CRG222.OFFERS (SUPPLIERID,PRODUCTLINEID,SALEPRICE) values (527,482,175.47);
Insert into CRG222.OFFERS (SUPPLIERID,PRODUCTLINEID,SALEPRICE) values (963,21,111.47);
Insert into CRG222.OFFERS (SUPPLIERID,PRODUCTLINEID,SALEPRICE) values (705,862,312.17);
Insert into CRG222.OFFERS (SUPPLIERID,PRODUCTLINEID,SALEPRICE) values (618,7,34.6);
Insert into CRG222.OFFERS (SUPPLIERID,PRODUCTLINEID,SALEPRICE) values (221,594,79.3);
Insert into CRG222.OFFERS (SUPPLIERID,PRODUCTLINEID,SALEPRICE) values (354,90,31.63);
Insert into CRG222.OFFERS (SUPPLIERID,PRODUCTLINEID,SALEPRICE) values (994,102,242.23);
Insert into CRG222.OFFERS (SUPPLIERID,PRODUCTLINEID,SALEPRICE) values (720,862,311.71);
Insert into CRG222.OFFERS (SUPPLIERID,PRODUCTLINEID,SALEPRICE) values (436,159,194.82);
Insert into CRG222.OFFERS (SUPPLIERID,PRODUCTLINEID,SALEPRICE) values (138,778,146.44);
Insert into CRG222.OFFERS (SUPPLIERID,PRODUCTLINEID,SALEPRICE) values (181,381,370.67);
Insert into CRG222.OFFERS (SUPPLIERID,PRODUCTLINEID,SALEPRICE) values (533,457,466.9);
Insert into CRG222.OFFERS (SUPPLIERID,PRODUCTLINEID,SALEPRICE) values (545,400,109.45);
Insert into CRG222.OFFERS (SUPPLIERID,PRODUCTLINEID,SALEPRICE) values (419,870,478.54);
Insert into CRG222.OFFERS (SUPPLIERID,PRODUCTLINEID,SALEPRICE) values (730,112,162.89);
Insert into CRG222.OFFERS (SUPPLIERID,PRODUCTLINEID,SALEPRICE) values (963,455,439.47);
Insert into CRG222.OFFERS (SUPPLIERID,PRODUCTLINEID,SALEPRICE) values (527,111,368.68);
Insert into CRG222.OFFERS (SUPPLIERID,PRODUCTLINEID,SALEPRICE) values (491,568,492.45);
Insert into CRG222.OFFERS (SUPPLIERID,PRODUCTLINEID,SALEPRICE) values (237,476,9.48);
Insert into CRG222.OFFERS (SUPPLIERID,PRODUCTLINEID,SALEPRICE) values (868,612,484.45);
Insert into CRG222.OFFERS (SUPPLIERID,PRODUCTLINEID,SALEPRICE) values (534,292,87.92);
Insert into CRG222.OFFERS (SUPPLIERID,PRODUCTLINEID,SALEPRICE) values (560,827,21.82);
Insert into CRG222.OFFERS (SUPPLIERID,PRODUCTLINEID,SALEPRICE) values (241,81,333.59);
Insert into CRG222.OFFERS (SUPPLIERID,PRODUCTLINEID,SALEPRICE) values (499,672,350.47);
Insert into CRG222.OFFERS (SUPPLIERID,PRODUCTLINEID,SALEPRICE) values (354,110,96.61);
Insert into CRG222.OFFERS (SUPPLIERID,PRODUCTLINEID,SALEPRICE) values (194,19,89.71);
Insert into CRG222.OFFERS (SUPPLIERID,PRODUCTLINEID,SALEPRICE) values (307,960,471.29);
Insert into CRG222.OFFERS (SUPPLIERID,PRODUCTLINEID,SALEPRICE) values (354,607,266.44);
Insert into CRG222.OFFERS (SUPPLIERID,PRODUCTLINEID,SALEPRICE) values (986,90,86.53);
Insert into CRG222.OFFERS (SUPPLIERID,PRODUCTLINEID,SALEPRICE) values (533,348,113.17);
Insert into CRG222.OFFERS (SUPPLIERID,PRODUCTLINEID,SALEPRICE) values (227,422,133.67);
Insert into CRG222.OFFERS (SUPPLIERID,PRODUCTLINEID,SALEPRICE) values (699,368,193.3);
Insert into CRG222.OFFERS (SUPPLIERID,PRODUCTLINEID,SALEPRICE) values (488,770,212.09);
Insert into CRG222.OFFERS (SUPPLIERID,PRODUCTLINEID,SALEPRICE) values (416,421,471.69);
Insert into CRG222.OFFERS (SUPPLIERID,PRODUCTLINEID,SALEPRICE) values (65,935,115.94);
Insert into CRG222.OFFERS (SUPPLIERID,PRODUCTLINEID,SALEPRICE) values (786,825,323.94);
Insert into CRG222.OFFERS (SUPPLIERID,PRODUCTLINEID,SALEPRICE) values (195,249,381.52);
Insert into CRG222.OFFERS (SUPPLIERID,PRODUCTLINEID,SALEPRICE) values (924,642,449.46);
Insert into CRG222.OFFERS (SUPPLIERID,PRODUCTLINEID,SALEPRICE) values (924,921,325.17);
Insert into CRG222.OFFERS (SUPPLIERID,PRODUCTLINEID,SALEPRICE) values (416,709,85.9);
Insert into CRG222.OFFERS (SUPPLIERID,PRODUCTLINEID,SALEPRICE) values (499,317,197.27);
Insert into CRG222.OFFERS (SUPPLIERID,PRODUCTLINEID,SALEPRICE) values (561,14,91.48);
Insert into CRG222.OFFERS (SUPPLIERID,PRODUCTLINEID,SALEPRICE) values (523,81,50.89);
Insert into CRG222.OFFERS (SUPPLIERID,PRODUCTLINEID,SALEPRICE) values (987,378,108.39);
Insert into CRG222.OFFERS (SUPPLIERID,PRODUCTLINEID,SALEPRICE) values (633,194,476.69);
Insert into CRG222.OFFERS (SUPPLIERID,PRODUCTLINEID,SALEPRICE) values (36,807,444.71);
Insert into CRG222.OFFERS (SUPPLIERID,PRODUCTLINEID,SALEPRICE) values (376,39,186.78);
Insert into CRG222.OFFERS (SUPPLIERID,PRODUCTLINEID,SALEPRICE) values (955,893,363.14);
Insert into CRG222.OFFERS (SUPPLIERID,PRODUCTLINEID,SALEPRICE) values (605,532,483.22);
Insert into CRG222.OFFERS (SUPPLIERID,PRODUCTLINEID,SALEPRICE) values (314,355,190.63);
Insert into CRG222.OFFERS (SUPPLIERID,PRODUCTLINEID,SALEPRICE) values (79,166,499.53);
Insert into CRG222.OFFERS (SUPPLIERID,PRODUCTLINEID,SALEPRICE) values (705,914,259.19);
Insert into CRG222.OFFERS (SUPPLIERID,PRODUCTLINEID,SALEPRICE) values (491,122,302.66);
Insert into CRG222.OFFERS (SUPPLIERID,PRODUCTLINEID,SALEPRICE) values (491,567,203.69);
Insert into CRG222.OFFERS (SUPPLIERID,PRODUCTLINEID,SALEPRICE) values (868,665,254.35);
REM INSERTING into CRG222.PRODUCTLINE
SET DEFINE OFF;
Insert into CRG222.PRODUCTLINE (PRODUCTNAME,PRICE,PRODUCTLINEID) values ('Wine - Casablanca Valley',469.59,1);
Insert into CRG222.PRODUCTLINE (PRODUCTNAME,PRICE,PRODUCTLINEID) values ('Limes',343.82,2);
Insert into CRG222.PRODUCTLINE (PRODUCTNAME,PRICE,PRODUCTLINEID) values ('Garlic Powder',93.55,3);
Insert into CRG222.PRODUCTLINE (PRODUCTNAME,PRICE,PRODUCTLINEID) values ('Juice - Orange',436.35,4);
Insert into CRG222.PRODUCTLINE (PRODUCTNAME,PRICE,PRODUCTLINEID) values ('Duck - Legs',5.79,5);
Insert into CRG222.PRODUCTLINE (PRODUCTNAME,PRICE,PRODUCTLINEID) values ('Cinnamon Buns Sticky',100.05,6);
Insert into CRG222.PRODUCTLINE (PRODUCTNAME,PRICE,PRODUCTLINEID) values ('Soup Campbells Turkey Veg.',237.89,7);
Insert into CRG222.PRODUCTLINE (PRODUCTNAME,PRICE,PRODUCTLINEID) values ('Curry Paste - Madras',143.71,8);
Insert into CRG222.PRODUCTLINE (PRODUCTNAME,PRICE,PRODUCTLINEID) values ('Currants',68.25,9);
Insert into CRG222.PRODUCTLINE (PRODUCTNAME,PRICE,PRODUCTLINEID) values ('Soup - Canadian Pea, Dry Mix',452.3,10);
Insert into CRG222.PRODUCTLINE (PRODUCTNAME,PRICE,PRODUCTLINEID) values ('Tuna - Sushi Grade',8.86,11);
Insert into CRG222.PRODUCTLINE (PRODUCTNAME,PRICE,PRODUCTLINEID) values ('Chips - Miss Vickies',417.33,12);
Insert into CRG222.PRODUCTLINE (PRODUCTNAME,PRICE,PRODUCTLINEID) values ('Mix - Cappucino Cocktail',156.17,13);
Insert into CRG222.PRODUCTLINE (PRODUCTNAME,PRICE,PRODUCTLINEID) values ('Pasta - Linguini, Dry',207.3,14);
Insert into CRG222.PRODUCTLINE (PRODUCTNAME,PRICE,PRODUCTLINEID) values ('Gelatine Powder',261.16,15);
Insert into CRG222.PRODUCTLINE (PRODUCTNAME,PRICE,PRODUCTLINEID) values ('Lamb - Rack',277.88,16);
Insert into CRG222.PRODUCTLINE (PRODUCTNAME,PRICE,PRODUCTLINEID) values ('Bread - Corn Muffaletta',403.2,17);
Insert into CRG222.PRODUCTLINE (PRODUCTNAME,PRICE,PRODUCTLINEID) values ('Carbonated Water - Strawberry',292.16,18);
Insert into CRG222.PRODUCTLINE (PRODUCTNAME,PRICE,PRODUCTLINEID) values ('Oil - Avocado',37.81,19);
Insert into CRG222.PRODUCTLINE (PRODUCTNAME,PRICE,PRODUCTLINEID) values ('Ice Cream - Turtles Stick Bar',340.4,20);
Insert into CRG222.PRODUCTLINE (PRODUCTNAME,PRICE,PRODUCTLINEID) values ('Apple - Royal Gala',178.92,21);
Insert into CRG222.PRODUCTLINE (PRODUCTNAME,PRICE,PRODUCTLINEID) values ('Doilies - 5, Paper',111.93,22);
Insert into CRG222.PRODUCTLINE (PRODUCTNAME,PRICE,PRODUCTLINEID) values ('Chevril',377.28,23);
Insert into CRG222.PRODUCTLINE (PRODUCTNAME,PRICE,PRODUCTLINEID) values ('Snapple Lemon Tea',50.87,24);
Insert into CRG222.PRODUCTLINE (PRODUCTNAME,PRICE,PRODUCTLINEID) values ('Creme De Menthe Green',130.67,25);
Insert into CRG222.PRODUCTLINE (PRODUCTNAME,PRICE,PRODUCTLINEID) values ('Sprouts - China Rose',242.5,26);
Insert into CRG222.PRODUCTLINE (PRODUCTNAME,PRICE,PRODUCTLINEID) values ('Coconut - Shredded, Sweet',25.36,27);
Insert into CRG222.PRODUCTLINE (PRODUCTNAME,PRICE,PRODUCTLINEID) values ('Star Fruit',316.41,28);
Insert into CRG222.PRODUCTLINE (PRODUCTNAME,PRICE,PRODUCTLINEID) values ('Marjoram - Dried, Rubbed',34.67,29);
Insert into CRG222.PRODUCTLINE (PRODUCTNAME,PRICE,PRODUCTLINEID) values ('Venison - Striploin',227.26,30);
Insert into CRG222.PRODUCTLINE (PRODUCTNAME,PRICE,PRODUCTLINEID) values ('Coffee - Hazelnut Cream',363.21,31);
Insert into CRG222.PRODUCTLINE (PRODUCTNAME,PRICE,PRODUCTLINEID) values ('Syrup - Monin, Irish Cream',104.69,32);
Insert into CRG222.PRODUCTLINE (PRODUCTNAME,PRICE,PRODUCTLINEID) values ('Crackers Cheez It',34.62,33);
Insert into CRG222.PRODUCTLINE (PRODUCTNAME,PRICE,PRODUCTLINEID) values ('Hickory Smoke, Liquid',57.79,34);
Insert into CRG222.PRODUCTLINE (PRODUCTNAME,PRICE,PRODUCTLINEID) values ('Bread Ww Cluster',59.98,35);
Insert into CRG222.PRODUCTLINE (PRODUCTNAME,PRICE,PRODUCTLINEID) values ('Lentils - Green Le Puy',279.98,36);
Insert into CRG222.PRODUCTLINE (PRODUCTNAME,PRICE,PRODUCTLINEID) values ('Towel - Roll White',319.47,37);
Insert into CRG222.PRODUCTLINE (PRODUCTNAME,PRICE,PRODUCTLINEID) values ('Wine - Conde De Valdemar',419.41,38);
Insert into CRG222.PRODUCTLINE (PRODUCTNAME,PRICE,PRODUCTLINEID) values ('Wine - Sicilia Igt Nero Avola',457.15,39);
Insert into CRG222.PRODUCTLINE (PRODUCTNAME,PRICE,PRODUCTLINEID) values ('Cheese - Ricotta',431.83,40);
Insert into CRG222.PRODUCTLINE (PRODUCTNAME,PRICE,PRODUCTLINEID) values ('Lumpfish Black',466.52,41);
Insert into CRG222.PRODUCTLINE (PRODUCTNAME,PRICE,PRODUCTLINEID) values ('Tea - Honey Green Tea',53.86,42);
Insert into CRG222.PRODUCTLINE (PRODUCTNAME,PRICE,PRODUCTLINEID) values ('Vinegar - Sherry',283.21,43);
Insert into CRG222.PRODUCTLINE (PRODUCTNAME,PRICE,PRODUCTLINEID) values ('Rye Special Old',26.45,44);
Insert into CRG222.PRODUCTLINE (PRODUCTNAME,PRICE,PRODUCTLINEID) values ('Wine - Ruffino Chianti Classico',129.72,45);
Insert into CRG222.PRODUCTLINE (PRODUCTNAME,PRICE,PRODUCTLINEID) values ('Nougat - Paste / Cream',278.22,46);
Insert into CRG222.PRODUCTLINE (PRODUCTNAME,PRICE,PRODUCTLINEID) values ('Lamb - Whole, Frozen',349.81,47);
Insert into CRG222.PRODUCTLINE (PRODUCTNAME,PRICE,PRODUCTLINEID) values ('Leeks - Large',39.37,48);
Insert into CRG222.PRODUCTLINE (PRODUCTNAME,PRICE,PRODUCTLINEID) values ('Oil - Margarine',205.32,49);
Insert into CRG222.PRODUCTLINE (PRODUCTNAME,PRICE,PRODUCTLINEID) values ('Compound - Orange',461.37,50);
Insert into CRG222.PRODUCTLINE (PRODUCTNAME,PRICE,PRODUCTLINEID) values ('Ginger - Crystalized',457.77,51);
Insert into CRG222.PRODUCTLINE (PRODUCTNAME,PRICE,PRODUCTLINEID) values ('Curry Powder',107.33,52);
Insert into CRG222.PRODUCTLINE (PRODUCTNAME,PRICE,PRODUCTLINEID) values ('Pasta - Fusili, Dry',80.6,53);
Insert into CRG222.PRODUCTLINE (PRODUCTNAME,PRICE,PRODUCTLINEID) values ('Coffee - Ristretto Coffee Capsule',100.66,54);
Insert into CRG222.PRODUCTLINE (PRODUCTNAME,PRICE,PRODUCTLINEID) values ('Bread - Pain Au Liat X12',38.31,55);
Insert into CRG222.PRODUCTLINE (PRODUCTNAME,PRICE,PRODUCTLINEID) values ('Veal - Osso Bucco',425.64,56);
Insert into CRG222.PRODUCTLINE (PRODUCTNAME,PRICE,PRODUCTLINEID) values ('Urban Zen Drinks',475.43,57);
Insert into CRG222.PRODUCTLINE (PRODUCTNAME,PRICE,PRODUCTLINEID) values ('Sauce - Hp',243.04,58);
Insert into CRG222.PRODUCTLINE (PRODUCTNAME,PRICE,PRODUCTLINEID) values ('Juice - V8, Tomato',484.04,59);
Insert into CRG222.PRODUCTLINE (PRODUCTNAME,PRICE,PRODUCTLINEID) values ('Tea - Mint',444.11,60);
Insert into CRG222.PRODUCTLINE (PRODUCTNAME,PRICE,PRODUCTLINEID) values ('Cake - Sheet Strawberry',34.57,61);
Insert into CRG222.PRODUCTLINE (PRODUCTNAME,PRICE,PRODUCTLINEID) values ('Potatoes - Instant, Mashed',416.83,62);
Insert into CRG222.PRODUCTLINE (PRODUCTNAME,PRICE,PRODUCTLINEID) values ('Bar Mix - Pina Colada, 355 Ml',475.54,63);
Insert into CRG222.PRODUCTLINE (PRODUCTNAME,PRICE,PRODUCTLINEID) values ('Shrimp - 100 / 200 Cold Water',268.75,64);
Insert into CRG222.PRODUCTLINE (PRODUCTNAME,PRICE,PRODUCTLINEID) values ('Cookie Double Choco',245.66,65);
Insert into CRG222.PRODUCTLINE (PRODUCTNAME,PRICE,PRODUCTLINEID) values ('Figs',138.17,66);
Insert into CRG222.PRODUCTLINE (PRODUCTNAME,PRICE,PRODUCTLINEID) values ('Bread - Italian Roll With Herbs',128.38,67);
Insert into CRG222.PRODUCTLINE (PRODUCTNAME,PRICE,PRODUCTLINEID) values ('Potatoes - Fingerling 4 Oz',267.89,68);
Insert into CRG222.PRODUCTLINE (PRODUCTNAME,PRICE,PRODUCTLINEID) values ('Coffee - Frthy Coffee Crisp',260.34,69);
Insert into CRG222.PRODUCTLINE (PRODUCTNAME,PRICE,PRODUCTLINEID) values ('Blouse / Shirt / Sweater',343.04,70);
Insert into CRG222.PRODUCTLINE (PRODUCTNAME,PRICE,PRODUCTLINEID) values ('Energy Drink',218.72,71);
Insert into CRG222.PRODUCTLINE (PRODUCTNAME,PRICE,PRODUCTLINEID) values ('Juice - Happy Planet',122.26,72);
Insert into CRG222.PRODUCTLINE (PRODUCTNAME,PRICE,PRODUCTLINEID) values ('Wine - Touraine Azay - Le - Rideau',441.02,73);
Insert into CRG222.PRODUCTLINE (PRODUCTNAME,PRICE,PRODUCTLINEID) values ('Scotch - Queen Anne',372.95,74);
Insert into CRG222.PRODUCTLINE (PRODUCTNAME,PRICE,PRODUCTLINEID) values ('Pasta - Lasagna, Dry',495.73,75);
Insert into CRG222.PRODUCTLINE (PRODUCTNAME,PRICE,PRODUCTLINEID) values ('Cheese - Brie,danish',63.63,76);
Insert into CRG222.PRODUCTLINE (PRODUCTNAME,PRICE,PRODUCTLINEID) values ('Flour - Fast / Rapid',65.05,77);
Insert into CRG222.PRODUCTLINE (PRODUCTNAME,PRICE,PRODUCTLINEID) values ('Chevere Logs',87.07,78);
Insert into CRG222.PRODUCTLINE (PRODUCTNAME,PRICE,PRODUCTLINEID) values ('Hagen Daza - Dk Choocolate',67.92,79);
Insert into CRG222.PRODUCTLINE (PRODUCTNAME,PRICE,PRODUCTLINEID) values ('Chicken - Whole Roasting',82.03,80);
Insert into CRG222.PRODUCTLINE (PRODUCTNAME,PRICE,PRODUCTLINEID) values ('Glycerine',52.6,81);
Insert into CRG222.PRODUCTLINE (PRODUCTNAME,PRICE,PRODUCTLINEID) values ('Table Cloth 62x120 Colour',389.73,82);
Insert into CRG222.PRODUCTLINE (PRODUCTNAME,PRICE,PRODUCTLINEID) values ('Pasta - Orecchiette',214.06,83);
Insert into CRG222.PRODUCTLINE (PRODUCTNAME,PRICE,PRODUCTLINEID) values ('Mushroom - Oyster, Fresh',272.02,84);
Insert into CRG222.PRODUCTLINE (PRODUCTNAME,PRICE,PRODUCTLINEID) values ('Oil - Margarine',288.76,85);
Insert into CRG222.PRODUCTLINE (PRODUCTNAME,PRICE,PRODUCTLINEID) values ('Lettuce - Romaine, Heart',202.06,86);
Insert into CRG222.PRODUCTLINE (PRODUCTNAME,PRICE,PRODUCTLINEID) values ('Cake - Dulce De Leche',417.17,87);
Insert into CRG222.PRODUCTLINE (PRODUCTNAME,PRICE,PRODUCTLINEID) values ('Chevere Logs',136.3,88);
Insert into CRG222.PRODUCTLINE (PRODUCTNAME,PRICE,PRODUCTLINEID) values ('Beer - Blue Light',179.61,89);
Insert into CRG222.PRODUCTLINE (PRODUCTNAME,PRICE,PRODUCTLINEID) values ('Soup - Campbells, Chix Gumbo',91.05,90);
Insert into CRG222.PRODUCTLINE (PRODUCTNAME,PRICE,PRODUCTLINEID) values ('Soup Campbells - Tomato Bisque',79.08,91);
Insert into CRG222.PRODUCTLINE (PRODUCTNAME,PRICE,PRODUCTLINEID) values ('Soup - Campbells Pasta Fagioli',58,92);
Insert into CRG222.PRODUCTLINE (PRODUCTNAME,PRICE,PRODUCTLINEID) values ('Chocolate - Compound Coating',39.8,93);
Insert into CRG222.PRODUCTLINE (PRODUCTNAME,PRICE,PRODUCTLINEID) values ('Cheese - Cottage Cheese',40.68,94);
Insert into CRG222.PRODUCTLINE (PRODUCTNAME,PRICE,PRODUCTLINEID) values ('Chips Potato All Dressed - 43g',231.96,95);
Insert into CRG222.PRODUCTLINE (PRODUCTNAME,PRICE,PRODUCTLINEID) values ('Creme De Cacao Mcguines',176.05,96);
Insert into CRG222.PRODUCTLINE (PRODUCTNAME,PRICE,PRODUCTLINEID) values ('Petite Baguette',216.3,97);
Insert into CRG222.PRODUCTLINE (PRODUCTNAME,PRICE,PRODUCTLINEID) values ('Mousse - Mango',197.22,98);
Insert into CRG222.PRODUCTLINE (PRODUCTNAME,PRICE,PRODUCTLINEID) values ('Soup - Tomato Mush. Florentine',26.98,99);
Insert into CRG222.PRODUCTLINE (PRODUCTNAME,PRICE,PRODUCTLINEID) values ('Pastry - Butterscotch Baked',56.95,100);
Insert into CRG222.PRODUCTLINE (PRODUCTNAME,PRICE,PRODUCTLINEID) values ('Seedlings - Mix, Organic',268.59,101);
Insert into CRG222.PRODUCTLINE (PRODUCTNAME,PRICE,PRODUCTLINEID) values ('Chocolate - Pistoles, Lactee, Milk',319.4,102);
Insert into CRG222.PRODUCTLINE (PRODUCTNAME,PRICE,PRODUCTLINEID) values ('Ginsing - Fresh',67.31,103);
Insert into CRG222.PRODUCTLINE (PRODUCTNAME,PRICE,PRODUCTLINEID) values ('Banana - Leaves',266.06,104);
Insert into CRG222.PRODUCTLINE (PRODUCTNAME,PRICE,PRODUCTLINEID) values ('Wine - White, Cooking',261.76,105);
Insert into CRG222.PRODUCTLINE (PRODUCTNAME,PRICE,PRODUCTLINEID) values ('Crab Brie In Phyllo',413.51,106);
Insert into CRG222.PRODUCTLINE (PRODUCTNAME,PRICE,PRODUCTLINEID) values ('Mayonnaise',78.23,107);
Insert into CRG222.PRODUCTLINE (PRODUCTNAME,PRICE,PRODUCTLINEID) values ('Langers - Ruby Red Grapfruit',304.56,108);
Insert into CRG222.PRODUCTLINE (PRODUCTNAME,PRICE,PRODUCTLINEID) values ('Tuna - Salad Premix',485.46,109);
Insert into CRG222.PRODUCTLINE (PRODUCTNAME,PRICE,PRODUCTLINEID) values ('Compound - Orange',15.1,110);
Insert into CRG222.PRODUCTLINE (PRODUCTNAME,PRICE,PRODUCTLINEID) values ('Roe - Lump Fish, Black',168.1,111);
Insert into CRG222.PRODUCTLINE (PRODUCTNAME,PRICE,PRODUCTLINEID) values ('Bandage - Flexible Neon',93.69,112);
Insert into CRG222.PRODUCTLINE (PRODUCTNAME,PRICE,PRODUCTLINEID) values ('Pie Shell - 5',296.33,113);
Insert into CRG222.PRODUCTLINE (PRODUCTNAME,PRICE,PRODUCTLINEID) values ('Cup - Translucent 7 Oz Clear',352.23,114);
Insert into CRG222.PRODUCTLINE (PRODUCTNAME,PRICE,PRODUCTLINEID) values ('Shrimp - 16/20, Iqf, Shell On',194.4,115);
Insert into CRG222.PRODUCTLINE (PRODUCTNAME,PRICE,PRODUCTLINEID) values ('Pepper - Black, Whole',34.56,116);
Insert into CRG222.PRODUCTLINE (PRODUCTNAME,PRICE,PRODUCTLINEID) values ('C - Plus, Orange',161.16,117);
Insert into CRG222.PRODUCTLINE (PRODUCTNAME,PRICE,PRODUCTLINEID) values ('Liners - Baking Cups',380.48,118);
Insert into CRG222.PRODUCTLINE (PRODUCTNAME,PRICE,PRODUCTLINEID) values ('Chocolate - Milk Coating',149.6,119);
Insert into CRG222.PRODUCTLINE (PRODUCTNAME,PRICE,PRODUCTLINEID) values ('Coffee - Cafe Moreno',238.34,120);
Insert into CRG222.PRODUCTLINE (PRODUCTNAME,PRICE,PRODUCTLINEID) values ('Barley - Pearl',37.82,121);
Insert into CRG222.PRODUCTLINE (PRODUCTNAME,PRICE,PRODUCTLINEID) values ('Coriander - Ground',93.54,122);
Insert into CRG222.PRODUCTLINE (PRODUCTNAME,PRICE,PRODUCTLINEID) values ('Mushroom - Morels, Dry',326.98,123);
Insert into CRG222.PRODUCTLINE (PRODUCTNAME,PRICE,PRODUCTLINEID) values ('Wine - Placido Pinot Grigo',76.06,124);
Insert into CRG222.PRODUCTLINE (PRODUCTNAME,PRICE,PRODUCTLINEID) values ('Salt - Kosher',377.25,125);
Insert into CRG222.PRODUCTLINE (PRODUCTNAME,PRICE,PRODUCTLINEID) values ('Beef - Tenderloin Tails',34.48,126);
Insert into CRG222.PRODUCTLINE (PRODUCTNAME,PRICE,PRODUCTLINEID) values ('Cucumber - Pickling Ontario',277.92,127);
Insert into CRG222.PRODUCTLINE (PRODUCTNAME,PRICE,PRODUCTLINEID) values ('Country Roll',10.86,128);
Insert into CRG222.PRODUCTLINE (PRODUCTNAME,PRICE,PRODUCTLINEID) values ('Banana - Leaves',453.93,129);
Insert into CRG222.PRODUCTLINE (PRODUCTNAME,PRICE,PRODUCTLINEID) values ('Coconut - Creamed, Pure',183.27,130);
Insert into CRG222.PRODUCTLINE (PRODUCTNAME,PRICE,PRODUCTLINEID) values ('Pork - Back Ribs',124.34,131);
Insert into CRG222.PRODUCTLINE (PRODUCTNAME,PRICE,PRODUCTLINEID) values ('Bandage - Flexible Neon',374.91,132);
Insert into CRG222.PRODUCTLINE (PRODUCTNAME,PRICE,PRODUCTLINEID) values ('Roe - White Fish',257.91,133);
Insert into CRG222.PRODUCTLINE (PRODUCTNAME,PRICE,PRODUCTLINEID) values ('Pepperoni Slices',88.77,134);
Insert into CRG222.PRODUCTLINE (PRODUCTNAME,PRICE,PRODUCTLINEID) values ('Apricots - Dried',419.55,135);
Insert into CRG222.PRODUCTLINE (PRODUCTNAME,PRICE,PRODUCTLINEID) values ('Wine - Vineland Estate Semi - Dry',147.87,136);
Insert into CRG222.PRODUCTLINE (PRODUCTNAME,PRICE,PRODUCTLINEID) values ('Chocolate - Unsweetened',166.12,137);
Insert into CRG222.PRODUCTLINE (PRODUCTNAME,PRICE,PRODUCTLINEID) values ('Venison - Racks Frenched',103.05,138);
Insert into CRG222.PRODUCTLINE (PRODUCTNAME,PRICE,PRODUCTLINEID) values ('Bread - Bistro White',10.46,139);
Insert into CRG222.PRODUCTLINE (PRODUCTNAME,PRICE,PRODUCTLINEID) values ('Bread - Italian Sesame Poly',247.84,140);
Insert into CRG222.PRODUCTLINE (PRODUCTNAME,PRICE,PRODUCTLINEID) values ('Wine - White Cab Sauv.on',299.7,141);
Insert into CRG222.PRODUCTLINE (PRODUCTNAME,PRICE,PRODUCTLINEID) values ('Bread - Raisin Walnut Oval',406.7,142);
Insert into CRG222.PRODUCTLINE (PRODUCTNAME,PRICE,PRODUCTLINEID) values ('Hand Towel',370.04,143);
Insert into CRG222.PRODUCTLINE (PRODUCTNAME,PRICE,PRODUCTLINEID) values ('Wine - Riesling Dr. Pauly',21.9,144);
Insert into CRG222.PRODUCTLINE (PRODUCTNAME,PRICE,PRODUCTLINEID) values ('Pail - 15l White, With Handle',342.53,145);
Insert into CRG222.PRODUCTLINE (PRODUCTNAME,PRICE,PRODUCTLINEID) values ('Cranberries - Dry',485.43,146);
Insert into CRG222.PRODUCTLINE (PRODUCTNAME,PRICE,PRODUCTLINEID) values ('Carbonated Water - Wildberry',212.16,147);
Insert into CRG222.PRODUCTLINE (PRODUCTNAME,PRICE,PRODUCTLINEID) values ('Soup - Cream Of Broccoli, Dry',376.62,148);
Insert into CRG222.PRODUCTLINE (PRODUCTNAME,PRICE,PRODUCTLINEID) values ('Cheese - Cheddar, Old White',90.55,149);
Insert into CRG222.PRODUCTLINE (PRODUCTNAME,PRICE,PRODUCTLINEID) values ('Wine - Kwv Chenin Blanc South',442.34,150);
Insert into CRG222.PRODUCTLINE (PRODUCTNAME,PRICE,PRODUCTLINEID) values ('Vinegar - Raspberry',226.86,151);
Insert into CRG222.PRODUCTLINE (PRODUCTNAME,PRICE,PRODUCTLINEID) values ('Wheat - Soft Kernal Of Wheat',456.58,152);
Insert into CRG222.PRODUCTLINE (PRODUCTNAME,PRICE,PRODUCTLINEID) values ('Pastry - Carrot Muffin - Mini',409.67,153);
Insert into CRG222.PRODUCTLINE (PRODUCTNAME,PRICE,PRODUCTLINEID) values ('Veal - Slab Bacon',404.41,154);
Insert into CRG222.PRODUCTLINE (PRODUCTNAME,PRICE,PRODUCTLINEID) values ('Vinegar - Balsamic',151.85,155);
Insert into CRG222.PRODUCTLINE (PRODUCTNAME,PRICE,PRODUCTLINEID) values ('Wine - Acient Coast Caberne',466.34,156);
Insert into CRG222.PRODUCTLINE (PRODUCTNAME,PRICE,PRODUCTLINEID) values ('Fudge - Cream Fudge',122.85,157);
Insert into CRG222.PRODUCTLINE (PRODUCTNAME,PRICE,PRODUCTLINEID) values ('Cup - 4oz Translucent',1.52,158);
Insert into CRG222.PRODUCTLINE (PRODUCTNAME,PRICE,PRODUCTLINEID) values ('Artichoke - Fresh',138.52,159);
Insert into CRG222.PRODUCTLINE (PRODUCTNAME,PRICE,PRODUCTLINEID) values ('Miso Paste White',144.5,160);
Insert into CRG222.PRODUCTLINE (PRODUCTNAME,PRICE,PRODUCTLINEID) values ('Sprouts - Onion',31.65,161);
Insert into CRG222.PRODUCTLINE (PRODUCTNAME,PRICE,PRODUCTLINEID) values ('Pasta - Canelloni',315.4,162);
Insert into CRG222.PRODUCTLINE (PRODUCTNAME,PRICE,PRODUCTLINEID) values ('Spinach - Baby',431.4,163);
Insert into CRG222.PRODUCTLINE (PRODUCTNAME,PRICE,PRODUCTLINEID) values ('Squash - Guords',321.12,164);
Insert into CRG222.PRODUCTLINE (PRODUCTNAME,PRICE,PRODUCTLINEID) values ('Tea Peppermint',170.75,165);
Insert into CRG222.PRODUCTLINE (PRODUCTNAME,PRICE,PRODUCTLINEID) values ('Cabbage - Savoy',177.54,166);
Insert into CRG222.PRODUCTLINE (PRODUCTNAME,PRICE,PRODUCTLINEID) values ('Pasta - Shells, Medium, Dry',25.65,167);
Insert into CRG222.PRODUCTLINE (PRODUCTNAME,PRICE,PRODUCTLINEID) values ('Vinegar - Cider',486.17,168);
Insert into CRG222.PRODUCTLINE (PRODUCTNAME,PRICE,PRODUCTLINEID) values ('Hog / Sausage Casing - Pork',255.93,169);
Insert into CRG222.PRODUCTLINE (PRODUCTNAME,PRICE,PRODUCTLINEID) values ('Wooden Mop Handle',486.62,170);
Insert into CRG222.PRODUCTLINE (PRODUCTNAME,PRICE,PRODUCTLINEID) values ('Doilies - 12, Paper',59.91,171);
Insert into CRG222.PRODUCTLINE (PRODUCTNAME,PRICE,PRODUCTLINEID) values ('Ostrich - Fan Fillet',481.55,172);
Insert into CRG222.PRODUCTLINE (PRODUCTNAME,PRICE,PRODUCTLINEID) values ('Coffee Cup 16oz Foam',408.96,173);
Insert into CRG222.PRODUCTLINE (PRODUCTNAME,PRICE,PRODUCTLINEID) values ('Wine - White, Lindemans Bin 95',438.42,174);
Insert into CRG222.PRODUCTLINE (PRODUCTNAME,PRICE,PRODUCTLINEID) values ('Olives - Black, Pitted',122.27,175);
Insert into CRG222.PRODUCTLINE (PRODUCTNAME,PRICE,PRODUCTLINEID) values ('Chicken - Base',419.79,176);
Insert into CRG222.PRODUCTLINE (PRODUCTNAME,PRICE,PRODUCTLINEID) values ('Pepperoni Slices',273.07,177);
Insert into CRG222.PRODUCTLINE (PRODUCTNAME,PRICE,PRODUCTLINEID) values ('Chocolate - Chips Compound',28.65,178);
Insert into CRG222.PRODUCTLINE (PRODUCTNAME,PRICE,PRODUCTLINEID) values ('Buffalo - Tenderloin',379.09,179);
Insert into CRG222.PRODUCTLINE (PRODUCTNAME,PRICE,PRODUCTLINEID) values ('Onions - Cippolini',413.58,180);
Insert into CRG222.PRODUCTLINE (PRODUCTNAME,PRICE,PRODUCTLINEID) values ('Raisin - Dark',99.88,181);
Insert into CRG222.PRODUCTLINE (PRODUCTNAME,PRICE,PRODUCTLINEID) values ('Pumpkin - Seed',43.85,182);
Insert into CRG222.PRODUCTLINE (PRODUCTNAME,PRICE,PRODUCTLINEID) values ('Beef - Salted',470.89,183);
Insert into CRG222.PRODUCTLINE (PRODUCTNAME,PRICE,PRODUCTLINEID) values ('Zucchini - Green',308.05,184);
Insert into CRG222.PRODUCTLINE (PRODUCTNAME,PRICE,PRODUCTLINEID) values ('Pork - Back, Long Cut, Boneless',134.72,185);
Insert into CRG222.PRODUCTLINE (PRODUCTNAME,PRICE,PRODUCTLINEID) values ('Compound - Rum',99.29,186);
Insert into CRG222.PRODUCTLINE (PRODUCTNAME,PRICE,PRODUCTLINEID) values ('Paper - Brown Paper Mini Cups',451.91,187);
Insert into CRG222.PRODUCTLINE (PRODUCTNAME,PRICE,PRODUCTLINEID) values ('Longos - Grilled Salmon With Bbq',165.33,188);
Insert into CRG222.PRODUCTLINE (PRODUCTNAME,PRICE,PRODUCTLINEID) values ('Seedlings - Clamshell',273.27,189);
Insert into CRG222.PRODUCTLINE (PRODUCTNAME,PRICE,PRODUCTLINEID) values ('Jack Daniels',160.06,190);
Insert into CRG222.PRODUCTLINE (PRODUCTNAME,PRICE,PRODUCTLINEID) values ('Chocolate Eclairs',211.22,191);
Insert into CRG222.PRODUCTLINE (PRODUCTNAME,PRICE,PRODUCTLINEID) values ('Longan',268.62,192);
Insert into CRG222.PRODUCTLINE (PRODUCTNAME,PRICE,PRODUCTLINEID) values ('Chips - Miss Vickies',367.14,193);
Insert into CRG222.PRODUCTLINE (PRODUCTNAME,PRICE,PRODUCTLINEID) values ('Canada Dry',453.8,194);
Insert into CRG222.PRODUCTLINE (PRODUCTNAME,PRICE,PRODUCTLINEID) values ('Bamboo Shoots - Sliced',280.64,195);
Insert into CRG222.PRODUCTLINE (PRODUCTNAME,PRICE,PRODUCTLINEID) values ('Kale - Red',258.66,196);
Insert into CRG222.PRODUCTLINE (PRODUCTNAME,PRICE,PRODUCTLINEID) values ('Coffee - Flavoured',116.04,197);
Insert into CRG222.PRODUCTLINE (PRODUCTNAME,PRICE,PRODUCTLINEID) values ('Mousse - Banana Chocolate',410.95,198);
Insert into CRG222.PRODUCTLINE (PRODUCTNAME,PRICE,PRODUCTLINEID) values ('Seedlings - Clamshell',165.01,199);
Insert into CRG222.PRODUCTLINE (PRODUCTNAME,PRICE,PRODUCTLINEID) values ('Sobe - Tropical Energy',136.54,200);
Insert into CRG222.PRODUCTLINE (PRODUCTNAME,PRICE,PRODUCTLINEID) values ('Mustard - Pommery',82.84,201);
Insert into CRG222.PRODUCTLINE (PRODUCTNAME,PRICE,PRODUCTLINEID) values ('Swiss Chard - Red',221.49,202);
Insert into CRG222.PRODUCTLINE (PRODUCTNAME,PRICE,PRODUCTLINEID) values ('Versatainer Nc - 8288',125.29,203);
Insert into CRG222.PRODUCTLINE (PRODUCTNAME,PRICE,PRODUCTLINEID) values ('Flower - Potmums',493.64,204);
Insert into CRG222.PRODUCTLINE (PRODUCTNAME,PRICE,PRODUCTLINEID) values ('Pasta - Fusili, Dry',434.27,205);
Insert into CRG222.PRODUCTLINE (PRODUCTNAME,PRICE,PRODUCTLINEID) values ('Tarts Assorted',399.6,206);
Insert into CRG222.PRODUCTLINE (PRODUCTNAME,PRICE,PRODUCTLINEID) values ('Yoplait Drink',176.37,207);
Insert into CRG222.PRODUCTLINE (PRODUCTNAME,PRICE,PRODUCTLINEID) values ('Table Cloth 120 Round White',381.03,208);
Insert into CRG222.PRODUCTLINE (PRODUCTNAME,PRICE,PRODUCTLINEID) values ('Pepper - Yellow Bell',367.85,209);
Insert into CRG222.PRODUCTLINE (PRODUCTNAME,PRICE,PRODUCTLINEID) values ('Dried Cranberries',473.22,210);
Insert into CRG222.PRODUCTLINE (PRODUCTNAME,PRICE,PRODUCTLINEID) values ('Sea Urchin',127.72,211);
Insert into CRG222.PRODUCTLINE (PRODUCTNAME,PRICE,PRODUCTLINEID) values ('Wine - Red, Black Opal Shiraz',64.4,212);
Insert into CRG222.PRODUCTLINE (PRODUCTNAME,PRICE,PRODUCTLINEID) values ('Beets',266.17,213);
Insert into CRG222.PRODUCTLINE (PRODUCTNAME,PRICE,PRODUCTLINEID) values ('Bar - Granola Trail Mix Fruit Nut',151.69,214);
Insert into CRG222.PRODUCTLINE (PRODUCTNAME,PRICE,PRODUCTLINEID) values ('Pasta - Penne, Rigate, Dry',417.14,215);
Insert into CRG222.PRODUCTLINE (PRODUCTNAME,PRICE,PRODUCTLINEID) values ('Cake - Cake Sheet Macaroon',441.25,216);
Insert into CRG222.PRODUCTLINE (PRODUCTNAME,PRICE,PRODUCTLINEID) values ('Wine - White, Ej',339.84,217);
Insert into CRG222.PRODUCTLINE (PRODUCTNAME,PRICE,PRODUCTLINEID) values ('Bread - Roll, Calabrese',143.58,218);
Insert into CRG222.PRODUCTLINE (PRODUCTNAME,PRICE,PRODUCTLINEID) values ('Juice - Orange 1.89l',468.81,219);
Insert into CRG222.PRODUCTLINE (PRODUCTNAME,PRICE,PRODUCTLINEID) values ('Guinea Fowl',295.46,220);
Insert into CRG222.PRODUCTLINE (PRODUCTNAME,PRICE,PRODUCTLINEID) values ('Cheese - Havarti, Salsa',370.56,221);
Insert into CRG222.PRODUCTLINE (PRODUCTNAME,PRICE,PRODUCTLINEID) values ('Cheese - Parmesan Cubes',305.67,222);
Insert into CRG222.PRODUCTLINE (PRODUCTNAME,PRICE,PRODUCTLINEID) values ('Water Chestnut - Canned',131.01,223);
Insert into CRG222.PRODUCTLINE (PRODUCTNAME,PRICE,PRODUCTLINEID) values ('Red Currants',237.24,224);
Insert into CRG222.PRODUCTLINE (PRODUCTNAME,PRICE,PRODUCTLINEID) values ('Quail - Eggs, Fresh',455.31,225);
Insert into CRG222.PRODUCTLINE (PRODUCTNAME,PRICE,PRODUCTLINEID) values ('Foie Gras',57.72,226);
Insert into CRG222.PRODUCTLINE (PRODUCTNAME,PRICE,PRODUCTLINEID) values ('Isomalt',245.73,227);
Insert into CRG222.PRODUCTLINE (PRODUCTNAME,PRICE,PRODUCTLINEID) values ('Beef - Flank Steak',42.44,228);
Insert into CRG222.PRODUCTLINE (PRODUCTNAME,PRICE,PRODUCTLINEID) values ('White Baguette',331.03,229);
Insert into CRG222.PRODUCTLINE (PRODUCTNAME,PRICE,PRODUCTLINEID) values ('Arizona - Plum Green Tea',382.63,230);
Insert into CRG222.PRODUCTLINE (PRODUCTNAME,PRICE,PRODUCTLINEID) values ('Vol Au Vents',492.92,231);
Insert into CRG222.PRODUCTLINE (PRODUCTNAME,PRICE,PRODUCTLINEID) values ('Rice - Jasmine Sented',356.22,232);
Insert into CRG222.PRODUCTLINE (PRODUCTNAME,PRICE,PRODUCTLINEID) values ('Flour - So Mix Cake White',493.92,233);
Insert into CRG222.PRODUCTLINE (PRODUCTNAME,PRICE,PRODUCTLINEID) values ('Oil - Pumpkinseed',289.66,234);
Insert into CRG222.PRODUCTLINE (PRODUCTNAME,PRICE,PRODUCTLINEID) values ('Syrup - Monin, Amaretta',254.81,235);
Insert into CRG222.PRODUCTLINE (PRODUCTNAME,PRICE,PRODUCTLINEID) values ('Banana',255.68,236);
Insert into CRG222.PRODUCTLINE (PRODUCTNAME,PRICE,PRODUCTLINEID) values ('Table Cloth 120 Round White',344.18,237);
Insert into CRG222.PRODUCTLINE (PRODUCTNAME,PRICE,PRODUCTLINEID) values ('Sproutsmustard Cress',486.9,238);
Insert into CRG222.PRODUCTLINE (PRODUCTNAME,PRICE,PRODUCTLINEID) values ('Spice - Peppercorn Melange',89.07,239);
Insert into CRG222.PRODUCTLINE (PRODUCTNAME,PRICE,PRODUCTLINEID) values ('Shrimp - Black Tiger 6 - 8',400.8,240);
Insert into CRG222.PRODUCTLINE (PRODUCTNAME,PRICE,PRODUCTLINEID) values ('Sterno - Chafing Dish Fuel',405.63,241);
Insert into CRG222.PRODUCTLINE (PRODUCTNAME,PRICE,PRODUCTLINEID) values ('Orange Roughy 4/6 Oz',329.07,242);
Insert into CRG222.PRODUCTLINE (PRODUCTNAME,PRICE,PRODUCTLINEID) values ('Pork - Loin, Bone - In',51.74,243);
Insert into CRG222.PRODUCTLINE (PRODUCTNAME,PRICE,PRODUCTLINEID) values ('Chinese Foods - Thick Noodles',311.75,244);
Insert into CRG222.PRODUCTLINE (PRODUCTNAME,PRICE,PRODUCTLINEID) values ('Crackers - Water',413.88,245);
Insert into CRG222.PRODUCTLINE (PRODUCTNAME,PRICE,PRODUCTLINEID) values ('Cinnamon Rolls',301.19,246);
Insert into CRG222.PRODUCTLINE (PRODUCTNAME,PRICE,PRODUCTLINEID) values ('Basil - Thai',193.2,247);
Insert into CRG222.PRODUCTLINE (PRODUCTNAME,PRICE,PRODUCTLINEID) values ('Wheat - Soft Kernal Of Wheat',86.55,248);
Insert into CRG222.PRODUCTLINE (PRODUCTNAME,PRICE,PRODUCTLINEID) values ('Mushroom - Porcini, Dry',269.46,249);
Insert into CRG222.PRODUCTLINE (PRODUCTNAME,PRICE,PRODUCTLINEID) values ('Lamb - Bones',446.62,250);
Insert into CRG222.PRODUCTLINE (PRODUCTNAME,PRICE,PRODUCTLINEID) values ('Scallops - 10/20',94.77,251);
Insert into CRG222.PRODUCTLINE (PRODUCTNAME,PRICE,PRODUCTLINEID) values ('Tamarind Paste',450.11,252);
Insert into CRG222.PRODUCTLINE (PRODUCTNAME,PRICE,PRODUCTLINEID) values ('Artichoke - Fresh',132.87,253);
Insert into CRG222.PRODUCTLINE (PRODUCTNAME,PRICE,PRODUCTLINEID) values ('Fruit Salad Deluxe',246.26,254);
Insert into CRG222.PRODUCTLINE (PRODUCTNAME,PRICE,PRODUCTLINEID) values ('Green Scrubbie Pad H.duty',86.98,255);
Insert into CRG222.PRODUCTLINE (PRODUCTNAME,PRICE,PRODUCTLINEID) values ('Miso Paste White',35.28,256);
Insert into CRG222.PRODUCTLINE (PRODUCTNAME,PRICE,PRODUCTLINEID) values ('Glycerine',283.56,257);
Insert into CRG222.PRODUCTLINE (PRODUCTNAME,PRICE,PRODUCTLINEID) values ('Chinese Foods - Thick Noodles',310.15,258);
Insert into CRG222.PRODUCTLINE (PRODUCTNAME,PRICE,PRODUCTLINEID) values ('Cassis',395.14,259);
Insert into CRG222.PRODUCTLINE (PRODUCTNAME,PRICE,PRODUCTLINEID) values ('Wine - Casablanca Valley',125.6,260);
Insert into CRG222.PRODUCTLINE (PRODUCTNAME,PRICE,PRODUCTLINEID) values ('Vinegar - Champagne',21.48,261);
Insert into CRG222.PRODUCTLINE (PRODUCTNAME,PRICE,PRODUCTLINEID) values ('Wine - Fume Blanc Fetzer',141.19,262);
Insert into CRG222.PRODUCTLINE (PRODUCTNAME,PRICE,PRODUCTLINEID) values ('Pastry - Apple Muffins - Mini',284.53,263);
Insert into CRG222.PRODUCTLINE (PRODUCTNAME,PRICE,PRODUCTLINEID) values ('Flour - Masa De Harina Mexican',375.47,264);
Insert into CRG222.PRODUCTLINE (PRODUCTNAME,PRICE,PRODUCTLINEID) values ('Miso - Soy Bean Paste',335.27,265);
Insert into CRG222.PRODUCTLINE (PRODUCTNAME,PRICE,PRODUCTLINEID) values ('Doilies - 5, Paper',24.35,266);
Insert into CRG222.PRODUCTLINE (PRODUCTNAME,PRICE,PRODUCTLINEID) values ('Uniform Linen Charge',236.34,267);
Insert into CRG222.PRODUCTLINE (PRODUCTNAME,PRICE,PRODUCTLINEID) values ('Bread - French Stick',181.32,268);
Insert into CRG222.PRODUCTLINE (PRODUCTNAME,PRICE,PRODUCTLINEID) values ('Lobster - Canned Premium',373.38,269);
Insert into CRG222.PRODUCTLINE (PRODUCTNAME,PRICE,PRODUCTLINEID) values ('Energy Drink',401.58,270);
Insert into CRG222.PRODUCTLINE (PRODUCTNAME,PRICE,PRODUCTLINEID) values ('Veal - Brisket, Provimi,bnls',174.29,271);
Insert into CRG222.PRODUCTLINE (PRODUCTNAME,PRICE,PRODUCTLINEID) values ('Garlic - Peeled',34.56,272);
Insert into CRG222.PRODUCTLINE (PRODUCTNAME,PRICE,PRODUCTLINEID) values ('Sprouts - Corn',432.85,273);
Insert into CRG222.PRODUCTLINE (PRODUCTNAME,PRICE,PRODUCTLINEID) values ('Longan',482.9,274);
Insert into CRG222.PRODUCTLINE (PRODUCTNAME,PRICE,PRODUCTLINEID) values ('Appetizer - Assorted Box',158.03,275);
Insert into CRG222.PRODUCTLINE (PRODUCTNAME,PRICE,PRODUCTLINEID) values ('Nori Sea Weed',36.48,276);
Insert into CRG222.PRODUCTLINE (PRODUCTNAME,PRICE,PRODUCTLINEID) values ('Lamb Shoulder Boneless Nz',74.16,277);
Insert into CRG222.PRODUCTLINE (PRODUCTNAME,PRICE,PRODUCTLINEID) values ('Yukon Jack',294.39,278);
Insert into CRG222.PRODUCTLINE (PRODUCTNAME,PRICE,PRODUCTLINEID) values ('Syrup - Monin, Swiss Choclate',27.72,279);
Insert into CRG222.PRODUCTLINE (PRODUCTNAME,PRICE,PRODUCTLINEID) values ('Wine - Chateau Aqueria Tavel',334.25,280);
Insert into CRG222.PRODUCTLINE (PRODUCTNAME,PRICE,PRODUCTLINEID) values ('Pepper - Chillies, Crushed',236.09,281);
Insert into CRG222.PRODUCTLINE (PRODUCTNAME,PRICE,PRODUCTLINEID) values ('Coffee Swiss Choc Almond',268.8,282);
Insert into CRG222.PRODUCTLINE (PRODUCTNAME,PRICE,PRODUCTLINEID) values ('Foam Tray S2',402.97,283);
Insert into CRG222.PRODUCTLINE (PRODUCTNAME,PRICE,PRODUCTLINEID) values ('Turnip - Wax',111.39,284);
Insert into CRG222.PRODUCTLINE (PRODUCTNAME,PRICE,PRODUCTLINEID) values ('Wine - Ej Gallo Sierra Valley',32.15,285);
Insert into CRG222.PRODUCTLINE (PRODUCTNAME,PRICE,PRODUCTLINEID) values ('Soup - Campbells - Tomato',125.75,286);
Insert into CRG222.PRODUCTLINE (PRODUCTNAME,PRICE,PRODUCTLINEID) values ('Ocean Spray - Ruby Red',279.99,287);
Insert into CRG222.PRODUCTLINE (PRODUCTNAME,PRICE,PRODUCTLINEID) values ('Soap - Pine Sol Floor Cleaner',48.7,288);
Insert into CRG222.PRODUCTLINE (PRODUCTNAME,PRICE,PRODUCTLINEID) values ('Pepper - White, Ground',211.87,289);
Insert into CRG222.PRODUCTLINE (PRODUCTNAME,PRICE,PRODUCTLINEID) values ('Salmon - Canned',161.82,290);
Insert into CRG222.PRODUCTLINE (PRODUCTNAME,PRICE,PRODUCTLINEID) values ('Flour - Bread',99.33,291);
Insert into CRG222.PRODUCTLINE (PRODUCTNAME,PRICE,PRODUCTLINEID) values ('Lobak',70.14,292);
Insert into CRG222.PRODUCTLINE (PRODUCTNAME,PRICE,PRODUCTLINEID) values ('Wine - White, Lindemans Bin 95',43.43,293);
Insert into CRG222.PRODUCTLINE (PRODUCTNAME,PRICE,PRODUCTLINEID) values ('Pepper - Chilli Seeds Mild',364.2,294);
Insert into CRG222.PRODUCTLINE (PRODUCTNAME,PRICE,PRODUCTLINEID) values ('Bacardi Breezer - Tropical',417.01,295);
Insert into CRG222.PRODUCTLINE (PRODUCTNAME,PRICE,PRODUCTLINEID) values ('Doilies - 12, Paper',170.91,296);
Insert into CRG222.PRODUCTLINE (PRODUCTNAME,PRICE,PRODUCTLINEID) values ('Curry Paste - Madras',283.55,297);
Insert into CRG222.PRODUCTLINE (PRODUCTNAME,PRICE,PRODUCTLINEID) values ('Beer - Paulaner Hefeweisse',84.6,298);
Insert into CRG222.PRODUCTLINE (PRODUCTNAME,PRICE,PRODUCTLINEID) values ('Tray - Foam, Square 4 - S',377.35,299);
Insert into CRG222.PRODUCTLINE (PRODUCTNAME,PRICE,PRODUCTLINEID) values ('Soup - Campbells, Chix Gumbo',87.07,300);
Insert into CRG222.PRODUCTLINE (PRODUCTNAME,PRICE,PRODUCTLINEID) values ('Goldschalger',283.07,301);
Insert into CRG222.PRODUCTLINE (PRODUCTNAME,PRICE,PRODUCTLINEID) values ('Seedlings - Clamshell',374.07,302);
Insert into CRG222.PRODUCTLINE (PRODUCTNAME,PRICE,PRODUCTLINEID) values ('Turnip - Wax',316.95,303);
Insert into CRG222.PRODUCTLINE (PRODUCTNAME,PRICE,PRODUCTLINEID) values ('Island Oasis - Raspberry',161.21,304);
Insert into CRG222.PRODUCTLINE (PRODUCTNAME,PRICE,PRODUCTLINEID) values ('Sauce - Soy Low Sodium - 3.87l',233.55,305);
Insert into CRG222.PRODUCTLINE (PRODUCTNAME,PRICE,PRODUCTLINEID) values ('Cheese Cheddar Processed',277.1,306);
Insert into CRG222.PRODUCTLINE (PRODUCTNAME,PRICE,PRODUCTLINEID) values ('Beans - Yellow',451.81,307);
Insert into CRG222.PRODUCTLINE (PRODUCTNAME,PRICE,PRODUCTLINEID) values ('Energy Drink - Redbull 355ml',32.85,308);
Insert into CRG222.PRODUCTLINE (PRODUCTNAME,PRICE,PRODUCTLINEID) values ('Chick Peas - Canned',179.33,309);
Insert into CRG222.PRODUCTLINE (PRODUCTNAME,PRICE,PRODUCTLINEID) values ('Wine - White, Chardonnay',222.5,310);
Insert into CRG222.PRODUCTLINE (PRODUCTNAME,PRICE,PRODUCTLINEID) values ('Pepper - Black, Crushed',273.79,311);
Insert into CRG222.PRODUCTLINE (PRODUCTNAME,PRICE,PRODUCTLINEID) values ('Table Cloth 54x54 White',202.09,312);
Insert into CRG222.PRODUCTLINE (PRODUCTNAME,PRICE,PRODUCTLINEID) values ('Trout - Smoked',494.76,313);
Insert into CRG222.PRODUCTLINE (PRODUCTNAME,PRICE,PRODUCTLINEID) values ('Water - San Pellegrino',50.99,314);
Insert into CRG222.PRODUCTLINE (PRODUCTNAME,PRICE,PRODUCTLINEID) values ('Cream - 10%',337.18,315);
Insert into CRG222.PRODUCTLINE (PRODUCTNAME,PRICE,PRODUCTLINEID) values ('Salt - Rock, Course',179.04,316);
Insert into CRG222.PRODUCTLINE (PRODUCTNAME,PRICE,PRODUCTLINEID) values ('Mushroom - Chantrelle, Fresh',452.2,317);
Insert into CRG222.PRODUCTLINE (PRODUCTNAME,PRICE,PRODUCTLINEID) values ('Vermacelli - Sprinkles, Assorted',186.21,318);
Insert into CRG222.PRODUCTLINE (PRODUCTNAME,PRICE,PRODUCTLINEID) values ('Lobster - Live',61.78,319);
Insert into CRG222.PRODUCTLINE (PRODUCTNAME,PRICE,PRODUCTLINEID) values ('Veal - Eye Of Round',50.28,320);
Insert into CRG222.PRODUCTLINE (PRODUCTNAME,PRICE,PRODUCTLINEID) values ('Beef - Ground Lean Fresh',298.84,321);
Insert into CRG222.PRODUCTLINE (PRODUCTNAME,PRICE,PRODUCTLINEID) values ('Whmis - Spray Bottle Trigger',1.66,322);
Insert into CRG222.PRODUCTLINE (PRODUCTNAME,PRICE,PRODUCTLINEID) values ('Wakami Seaweed',456,323);
Insert into CRG222.PRODUCTLINE (PRODUCTNAME,PRICE,PRODUCTLINEID) values ('Appetizer - Assorted Box',123.85,324);
Insert into CRG222.PRODUCTLINE (PRODUCTNAME,PRICE,PRODUCTLINEID) values ('Vector Energy Bar',230.06,325);
Insert into CRG222.PRODUCTLINE (PRODUCTNAME,PRICE,PRODUCTLINEID) values ('Cheese - Woolwich Goat, Log',343.99,326);
Insert into CRG222.PRODUCTLINE (PRODUCTNAME,PRICE,PRODUCTLINEID) values ('Veal - Leg',120.58,327);
Insert into CRG222.PRODUCTLINE (PRODUCTNAME,PRICE,PRODUCTLINEID) values ('Pasta - Fusili, Dry',34.45,328);
Insert into CRG222.PRODUCTLINE (PRODUCTNAME,PRICE,PRODUCTLINEID) values ('Tuna - Sushi Grade',110.58,329);
Insert into CRG222.PRODUCTLINE (PRODUCTNAME,PRICE,PRODUCTLINEID) values ('Wine - Barolo Fontanafredda',272.35,330);
Insert into CRG222.PRODUCTLINE (PRODUCTNAME,PRICE,PRODUCTLINEID) values ('Jam - Raspberry,jar',97.58,331);
Insert into CRG222.PRODUCTLINE (PRODUCTNAME,PRICE,PRODUCTLINEID) values ('Sobe - Liz Blizz',334.08,332);
Insert into CRG222.PRODUCTLINE (PRODUCTNAME,PRICE,PRODUCTLINEID) values ('Lamb - Whole, Fresh',146.63,333);
Insert into CRG222.PRODUCTLINE (PRODUCTNAME,PRICE,PRODUCTLINEID) values ('Squid - U 5',37.66,334);
Insert into CRG222.PRODUCTLINE (PRODUCTNAME,PRICE,PRODUCTLINEID) values ('Shrimp - Black Tiger 26/30',255.5,335);
Insert into CRG222.PRODUCTLINE (PRODUCTNAME,PRICE,PRODUCTLINEID) values ('Gin - Gilbeys London, Dry',403.15,336);
Insert into CRG222.PRODUCTLINE (PRODUCTNAME,PRICE,PRODUCTLINEID) values ('Cheese - Le Cheve Noir',308,337);
Insert into CRG222.PRODUCTLINE (PRODUCTNAME,PRICE,PRODUCTLINEID) values ('Beer - Blue Light',79.82,338);
Insert into CRG222.PRODUCTLINE (PRODUCTNAME,PRICE,PRODUCTLINEID) values ('Sprouts - Baby Pea Tendrils',431.94,339);
Insert into CRG222.PRODUCTLINE (PRODUCTNAME,PRICE,PRODUCTLINEID) values ('Mustard - Pommery',139.4,340);
Insert into CRG222.PRODUCTLINE (PRODUCTNAME,PRICE,PRODUCTLINEID) values ('Bread - Hamburger Buns',402.06,341);
Insert into CRG222.PRODUCTLINE (PRODUCTNAME,PRICE,PRODUCTLINEID) values ('Veal - Osso Bucco',124.83,342);
Insert into CRG222.PRODUCTLINE (PRODUCTNAME,PRICE,PRODUCTLINEID) values ('Table Cloth 62x114 Colour',406.22,343);
Insert into CRG222.PRODUCTLINE (PRODUCTNAME,PRICE,PRODUCTLINEID) values ('Dried Figs',419.82,344);
Insert into CRG222.PRODUCTLINE (PRODUCTNAME,PRICE,PRODUCTLINEID) values ('Venison - Racks Frenched',309.27,345);
Insert into CRG222.PRODUCTLINE (PRODUCTNAME,PRICE,PRODUCTLINEID) values ('Appetizer - Smoked Salmon / Dill',141.79,346);
Insert into CRG222.PRODUCTLINE (PRODUCTNAME,PRICE,PRODUCTLINEID) values ('The Pop Shoppe - Lime Rickey',108.61,347);
Insert into CRG222.PRODUCTLINE (PRODUCTNAME,PRICE,PRODUCTLINEID) values ('Chocolate - Milk',32.23,348);
Insert into CRG222.PRODUCTLINE (PRODUCTNAME,PRICE,PRODUCTLINEID) values ('Sterno - Chafing Dish Fuel',471.57,349);
Insert into CRG222.PRODUCTLINE (PRODUCTNAME,PRICE,PRODUCTLINEID) values ('Compound - Rum',275.88,350);
Insert into CRG222.PRODUCTLINE (PRODUCTNAME,PRICE,PRODUCTLINEID) values ('Pork - Backfat',488.97,351);
Insert into CRG222.PRODUCTLINE (PRODUCTNAME,PRICE,PRODUCTLINEID) values ('Triple Sec - Mcguinness',146.73,352);
Insert into CRG222.PRODUCTLINE (PRODUCTNAME,PRICE,PRODUCTLINEID) values ('Table Cloth 54x72 Colour',168.51,353);
Insert into CRG222.PRODUCTLINE (PRODUCTNAME,PRICE,PRODUCTLINEID) values ('Cookies Cereal Nut',327.46,354);
Insert into CRG222.PRODUCTLINE (PRODUCTNAME,PRICE,PRODUCTLINEID) values ('Lobster - Cooked',440.07,355);
Insert into CRG222.PRODUCTLINE (PRODUCTNAME,PRICE,PRODUCTLINEID) values ('Chips - Assorted',352.67,356);
Insert into CRG222.PRODUCTLINE (PRODUCTNAME,PRICE,PRODUCTLINEID) values ('Plate Foam Laminated 9in Blk',196.04,357);
Insert into CRG222.PRODUCTLINE (PRODUCTNAME,PRICE,PRODUCTLINEID) values ('Appetizer - Asian Shrimp Roll',120.43,358);
Insert into CRG222.PRODUCTLINE (PRODUCTNAME,PRICE,PRODUCTLINEID) values ('Sauce - White, Mix',425.48,359);
Insert into CRG222.PRODUCTLINE (PRODUCTNAME,PRICE,PRODUCTLINEID) values ('Grouper - Fresh',277.02,360);
Insert into CRG222.PRODUCTLINE (PRODUCTNAME,PRICE,PRODUCTLINEID) values ('Food Colouring - Blue',257.4,361);
Insert into CRG222.PRODUCTLINE (PRODUCTNAME,PRICE,PRODUCTLINEID) values ('Chocolate - Dark',226.11,362);
Insert into CRG222.PRODUCTLINE (PRODUCTNAME,PRICE,PRODUCTLINEID) values ('Mix - Cocktail Strawberry Daiquiri',435.1,363);
Insert into CRG222.PRODUCTLINE (PRODUCTNAME,PRICE,PRODUCTLINEID) values ('Duck - Fat',31.11,364);
Insert into CRG222.PRODUCTLINE (PRODUCTNAME,PRICE,PRODUCTLINEID) values ('Quail - Whole, Boneless',40.31,365);
Insert into CRG222.PRODUCTLINE (PRODUCTNAME,PRICE,PRODUCTLINEID) values ('Coffee - Hazelnut Cream',427.82,366);
Insert into CRG222.PRODUCTLINE (PRODUCTNAME,PRICE,PRODUCTLINEID) values ('Wine - Trimbach Pinot Blanc',398.07,367);
Insert into CRG222.PRODUCTLINE (PRODUCTNAME,PRICE,PRODUCTLINEID) values ('Flour - Semolina',336.12,368);
Insert into CRG222.PRODUCTLINE (PRODUCTNAME,PRICE,PRODUCTLINEID) values ('Turnip - Mini',3.6,369);
Insert into CRG222.PRODUCTLINE (PRODUCTNAME,PRICE,PRODUCTLINEID) values ('Beef - Eye Of Round',124.8,370);
Insert into CRG222.PRODUCTLINE (PRODUCTNAME,PRICE,PRODUCTLINEID) values ('Crush - Cream Soda',221.43,371);
Insert into CRG222.PRODUCTLINE (PRODUCTNAME,PRICE,PRODUCTLINEID) values ('Sobe - Liz Blizz',132.73,372);
Insert into CRG222.PRODUCTLINE (PRODUCTNAME,PRICE,PRODUCTLINEID) values ('Oil - Grapeseed Oil',261.1,373);
Insert into CRG222.PRODUCTLINE (PRODUCTNAME,PRICE,PRODUCTLINEID) values ('Flower - Commercial Spider',39.27,374);
Insert into CRG222.PRODUCTLINE (PRODUCTNAME,PRICE,PRODUCTLINEID) values ('Icecream Cone - Areo Chocolate',44.26,375);
Insert into CRG222.PRODUCTLINE (PRODUCTNAME,PRICE,PRODUCTLINEID) values ('Yeast - Fresh, Fleischman',77.07,376);
Insert into CRG222.PRODUCTLINE (PRODUCTNAME,PRICE,PRODUCTLINEID) values ('Bread Crumbs - Panko',123.8,377);
Insert into CRG222.PRODUCTLINE (PRODUCTNAME,PRICE,PRODUCTLINEID) values ('Octopus - Baby, Cleaned',15.39,378);
Insert into CRG222.PRODUCTLINE (PRODUCTNAME,PRICE,PRODUCTLINEID) values ('Wine - Barossa Valley Estate',173.03,379);
Insert into CRG222.PRODUCTLINE (PRODUCTNAME,PRICE,PRODUCTLINEID) values ('Piping Jelly - All Colours',289.98,380);
Insert into CRG222.PRODUCTLINE (PRODUCTNAME,PRICE,PRODUCTLINEID) values ('Puree - Mango',203.94,381);
Insert into CRG222.PRODUCTLINE (PRODUCTNAME,PRICE,PRODUCTLINEID) values ('Burger Veggie',430.99,382);
Insert into CRG222.PRODUCTLINE (PRODUCTNAME,PRICE,PRODUCTLINEID) values ('Flavouring - Raspberry',187.24,383);
Insert into CRG222.PRODUCTLINE (PRODUCTNAME,PRICE,PRODUCTLINEID) values ('Campbell''s Creamed Corn',0.79,1001);
Insert into CRG222.PRODUCTLINE (PRODUCTNAME,PRICE,PRODUCTLINEID) values ('blah',1.89,1012);
Insert into CRG222.PRODUCTLINE (PRODUCTNAME,PRICE,PRODUCTLINEID) values ('Pure Leaf Tea & Lemonade',1.99,1013);
Insert into CRG222.PRODUCTLINE (PRODUCTNAME,PRICE,PRODUCTLINEID) values ('blah',1.89,1010);
Insert into CRG222.PRODUCTLINE (PRODUCTNAME,PRICE,PRODUCTLINEID) values ('blah',1.89,1011);
Insert into CRG222.PRODUCTLINE (PRODUCTNAME,PRICE,PRODUCTLINEID) values ('Croissants Thaw And Serve',51.47,384);
Insert into CRG222.PRODUCTLINE (PRODUCTNAME,PRICE,PRODUCTLINEID) values ('Lettuce - Red Leaf',482.91,385);
Insert into CRG222.PRODUCTLINE (PRODUCTNAME,PRICE,PRODUCTLINEID) values ('Cheese - Camembert',229.41,386);
Insert into CRG222.PRODUCTLINE (PRODUCTNAME,PRICE,PRODUCTLINEID) values ('Banana',387.3,387);
Insert into CRG222.PRODUCTLINE (PRODUCTNAME,PRICE,PRODUCTLINEID) values ('Pineapple - Golden',305.39,388);
Insert into CRG222.PRODUCTLINE (PRODUCTNAME,PRICE,PRODUCTLINEID) values ('Trout - Rainbow, Frozen',179.77,389);
Insert into CRG222.PRODUCTLINE (PRODUCTNAME,PRICE,PRODUCTLINEID) values ('Kiwi',231.45,390);
Insert into CRG222.PRODUCTLINE (PRODUCTNAME,PRICE,PRODUCTLINEID) values ('Sausage - Breakfast',442.92,391);
Insert into CRG222.PRODUCTLINE (PRODUCTNAME,PRICE,PRODUCTLINEID) values ('Cattail Hearts',206.49,392);
Insert into CRG222.PRODUCTLINE (PRODUCTNAME,PRICE,PRODUCTLINEID) values ('Crush - Orange, 355ml',223.49,393);
Insert into CRG222.PRODUCTLINE (PRODUCTNAME,PRICE,PRODUCTLINEID) values ('Tea - English Breakfast',350.76,394);
Insert into CRG222.PRODUCTLINE (PRODUCTNAME,PRICE,PRODUCTLINEID) values ('Carbonated Water - Strawberry',387.42,395);
Insert into CRG222.PRODUCTLINE (PRODUCTNAME,PRICE,PRODUCTLINEID) values ('Pastry - Cheese Baked Scones',413.61,396);
Insert into CRG222.PRODUCTLINE (PRODUCTNAME,PRICE,PRODUCTLINEID) values ('Goldschalger',389.39,397);
Insert into CRG222.PRODUCTLINE (PRODUCTNAME,PRICE,PRODUCTLINEID) values ('Crab - Dungeness, Whole',300.24,398);
Insert into CRG222.PRODUCTLINE (PRODUCTNAME,PRICE,PRODUCTLINEID) values ('Salmon - Atlantic, Fresh, Whole',367.62,399);
Insert into CRG222.PRODUCTLINE (PRODUCTNAME,PRICE,PRODUCTLINEID) values ('Lemonade - Black Cherry, 591 Ml',414.38,400);
Insert into CRG222.PRODUCTLINE (PRODUCTNAME,PRICE,PRODUCTLINEID) values ('Paste - Black Olive',434.27,401);
Insert into CRG222.PRODUCTLINE (PRODUCTNAME,PRICE,PRODUCTLINEID) values ('Wine - Prem Select Charddonany',137.02,402);
Insert into CRG222.PRODUCTLINE (PRODUCTNAME,PRICE,PRODUCTLINEID) values ('Beef - Inside Round',65.9,403);
Insert into CRG222.PRODUCTLINE (PRODUCTNAME,PRICE,PRODUCTLINEID) values ('Loaf Pan - 2 Lb, Foil',156.44,404);
Insert into CRG222.PRODUCTLINE (PRODUCTNAME,PRICE,PRODUCTLINEID) values ('Honey - Liquid',203.12,405);
Insert into CRG222.PRODUCTLINE (PRODUCTNAME,PRICE,PRODUCTLINEID) values ('Containter - 3oz Microwave Rect.',196.52,406);
Insert into CRG222.PRODUCTLINE (PRODUCTNAME,PRICE,PRODUCTLINEID) values ('Cheese - Pont Couvert',93.32,407);
Insert into CRG222.PRODUCTLINE (PRODUCTNAME,PRICE,PRODUCTLINEID) values ('Nut - Hazelnut, Whole',92.66,408);
Insert into CRG222.PRODUCTLINE (PRODUCTNAME,PRICE,PRODUCTLINEID) values ('Bag Clear 10 Lb',418.11,409);
Insert into CRG222.PRODUCTLINE (PRODUCTNAME,PRICE,PRODUCTLINEID) values ('Chilli Paste, Ginger Garlic',93.24,410);
Insert into CRG222.PRODUCTLINE (PRODUCTNAME,PRICE,PRODUCTLINEID) values ('Bread - Roll, Soft White Round',228.58,411);
Insert into CRG222.PRODUCTLINE (PRODUCTNAME,PRICE,PRODUCTLINEID) values ('Jolt Cola',348.83,412);
Insert into CRG222.PRODUCTLINE (PRODUCTNAME,PRICE,PRODUCTLINEID) values ('Wine - Remy Pannier Rose',361.05,413);
Insert into CRG222.PRODUCTLINE (PRODUCTNAME,PRICE,PRODUCTLINEID) values ('Puree - Guava',117.27,414);
Insert into CRG222.PRODUCTLINE (PRODUCTNAME,PRICE,PRODUCTLINEID) values ('Yukon Jack',353.78,415);
Insert into CRG222.PRODUCTLINE (PRODUCTNAME,PRICE,PRODUCTLINEID) values ('Ecolab - Lime - A - Way 4/4 L',7.48,416);
Insert into CRG222.PRODUCTLINE (PRODUCTNAME,PRICE,PRODUCTLINEID) values ('Stock - Chicken, White',157.79,417);
Insert into CRG222.PRODUCTLINE (PRODUCTNAME,PRICE,PRODUCTLINEID) values ('Potatoes - Fingerling 4 Oz',450.58,418);
Insert into CRG222.PRODUCTLINE (PRODUCTNAME,PRICE,PRODUCTLINEID) values ('Cheese - Mozzarella',499.8,419);
Insert into CRG222.PRODUCTLINE (PRODUCTNAME,PRICE,PRODUCTLINEID) values ('Wine - Harrow Estates, Vidal',100.46,420);
Insert into CRG222.PRODUCTLINE (PRODUCTNAME,PRICE,PRODUCTLINEID) values ('Sausage - Andouille',273.3,421);
Insert into CRG222.PRODUCTLINE (PRODUCTNAME,PRICE,PRODUCTLINEID) values ('Wine - White, Chardonnay',75.85,422);
Insert into CRG222.PRODUCTLINE (PRODUCTNAME,PRICE,PRODUCTLINEID) values ('Food Colouring - Pink',74.41,423);
Insert into CRG222.PRODUCTLINE (PRODUCTNAME,PRICE,PRODUCTLINEID) values ('Longos - Chicken Curried',332.51,424);
Insert into CRG222.PRODUCTLINE (PRODUCTNAME,PRICE,PRODUCTLINEID) values ('Wine - Sake',187.57,425);
Insert into CRG222.PRODUCTLINE (PRODUCTNAME,PRICE,PRODUCTLINEID) values ('Leeks - Baby, White',334.47,426);
Insert into CRG222.PRODUCTLINE (PRODUCTNAME,PRICE,PRODUCTLINEID) values ('Tuna - Yellowfin',3.42,427);
Insert into CRG222.PRODUCTLINE (PRODUCTNAME,PRICE,PRODUCTLINEID) values ('Canadian Emmenthal',23.87,428);
Insert into CRG222.PRODUCTLINE (PRODUCTNAME,PRICE,PRODUCTLINEID) values ('Beer - True North Lager',181.76,429);
Insert into CRG222.PRODUCTLINE (PRODUCTNAME,PRICE,PRODUCTLINEID) values ('Grenadine',138.22,430);
Insert into CRG222.PRODUCTLINE (PRODUCTNAME,PRICE,PRODUCTLINEID) values ('Wine - Gewurztraminer Pierre',155.18,431);
Insert into CRG222.PRODUCTLINE (PRODUCTNAME,PRICE,PRODUCTLINEID) values ('Bandage - Finger Cots',276.97,432);
Insert into CRG222.PRODUCTLINE (PRODUCTNAME,PRICE,PRODUCTLINEID) values ('Fond - Neutral',220.83,433);
Insert into CRG222.PRODUCTLINE (PRODUCTNAME,PRICE,PRODUCTLINEID) values ('Wine - Segura Viudas Aria Brut',341.01,434);
Insert into CRG222.PRODUCTLINE (PRODUCTNAME,PRICE,PRODUCTLINEID) values ('Longos - Chicken Caeser Salad',308.69,435);
Insert into CRG222.PRODUCTLINE (PRODUCTNAME,PRICE,PRODUCTLINEID) values ('Crackers - Soda / Saltins',378.62,436);
Insert into CRG222.PRODUCTLINE (PRODUCTNAME,PRICE,PRODUCTLINEID) values ('Amarula Cream',326.83,437);
Insert into CRG222.PRODUCTLINE (PRODUCTNAME,PRICE,PRODUCTLINEID) values ('Sauce - Hollandaise',304.7,438);
Insert into CRG222.PRODUCTLINE (PRODUCTNAME,PRICE,PRODUCTLINEID) values ('Veal - Inside Round / Top, Lean',317.91,439);
Insert into CRG222.PRODUCTLINE (PRODUCTNAME,PRICE,PRODUCTLINEID) values ('Radish',394.63,440);
Insert into CRG222.PRODUCTLINE (PRODUCTNAME,PRICE,PRODUCTLINEID) values ('Sobe - Cranberry Grapefruit',233.9,441);
Insert into CRG222.PRODUCTLINE (PRODUCTNAME,PRICE,PRODUCTLINEID) values ('Ocean Spray - Ruby Red',307.65,442);
Insert into CRG222.PRODUCTLINE (PRODUCTNAME,PRICE,PRODUCTLINEID) values ('Cup - Translucent 7 Oz Clear',70.98,443);
Insert into CRG222.PRODUCTLINE (PRODUCTNAME,PRICE,PRODUCTLINEID) values ('Bread - Pumpernickle, Rounds',27.84,444);
Insert into CRG222.PRODUCTLINE (PRODUCTNAME,PRICE,PRODUCTLINEID) values ('Soap - Mr.clean Floor Soap',57.39,445);
Insert into CRG222.PRODUCTLINE (PRODUCTNAME,PRICE,PRODUCTLINEID) values ('Energy Drink - Franks Pineapple',124.45,446);
Insert into CRG222.PRODUCTLINE (PRODUCTNAME,PRICE,PRODUCTLINEID) values ('Tart Shells - Savory, 4',29.87,447);
Insert into CRG222.PRODUCTLINE (PRODUCTNAME,PRICE,PRODUCTLINEID) values ('Longos - Grilled Chicken With',290.67,448);
Insert into CRG222.PRODUCTLINE (PRODUCTNAME,PRICE,PRODUCTLINEID) values ('Bay Leaf',128.78,449);
Insert into CRG222.PRODUCTLINE (PRODUCTNAME,PRICE,PRODUCTLINEID) values ('Eggplant Italian',234.48,450);
Insert into CRG222.PRODUCTLINE (PRODUCTNAME,PRICE,PRODUCTLINEID) values ('Arizona - Green Tea',325.07,451);
Insert into CRG222.PRODUCTLINE (PRODUCTNAME,PRICE,PRODUCTLINEID) values ('Shrimp - Tiger 21/25',45.19,452);
Insert into CRG222.PRODUCTLINE (PRODUCTNAME,PRICE,PRODUCTLINEID) values ('Wine - Marlbourough Sauv Blanc',118.21,453);
Insert into CRG222.PRODUCTLINE (PRODUCTNAME,PRICE,PRODUCTLINEID) values ('Nut - Chestnuts, Whole',451.2,454);
Insert into CRG222.PRODUCTLINE (PRODUCTNAME,PRICE,PRODUCTLINEID) values ('Beer - True North Lager',139.27,455);
Insert into CRG222.PRODUCTLINE (PRODUCTNAME,PRICE,PRODUCTLINEID) values ('Mushroom - White Button',69.79,456);
Insert into CRG222.PRODUCTLINE (PRODUCTNAME,PRICE,PRODUCTLINEID) values ('Potatoes - Pei 10 Oz',304.28,457);
Insert into CRG222.PRODUCTLINE (PRODUCTNAME,PRICE,PRODUCTLINEID) values ('Lamb - Shanks',4.11,458);
Insert into CRG222.PRODUCTLINE (PRODUCTNAME,PRICE,PRODUCTLINEID) values ('Eel Fresh',236.81,459);
Insert into CRG222.PRODUCTLINE (PRODUCTNAME,PRICE,PRODUCTLINEID) values ('Pears - Fiorelle',152.53,460);
Insert into CRG222.PRODUCTLINE (PRODUCTNAME,PRICE,PRODUCTLINEID) values ('Pepper - Black, Whole',179.49,461);
Insert into CRG222.PRODUCTLINE (PRODUCTNAME,PRICE,PRODUCTLINEID) values ('Rosemary - Primerba, Paste',30.29,462);
Insert into CRG222.PRODUCTLINE (PRODUCTNAME,PRICE,PRODUCTLINEID) values ('Wine - Two Oceans Sauvignon',370.48,463);
Insert into CRG222.PRODUCTLINE (PRODUCTNAME,PRICE,PRODUCTLINEID) values ('Sage - Fresh',156.74,464);
Insert into CRG222.PRODUCTLINE (PRODUCTNAME,PRICE,PRODUCTLINEID) values ('Piping Jelly - All Colours',56.9,465);
Insert into CRG222.PRODUCTLINE (PRODUCTNAME,PRICE,PRODUCTLINEID) values ('Lamb Rack - Ontario',492.67,466);
Insert into CRG222.PRODUCTLINE (PRODUCTNAME,PRICE,PRODUCTLINEID) values ('Veal - Insides Provini',24.12,467);
Insert into CRG222.PRODUCTLINE (PRODUCTNAME,PRICE,PRODUCTLINEID) values ('Table Cloth 81x81 Colour',395.63,468);
Insert into CRG222.PRODUCTLINE (PRODUCTNAME,PRICE,PRODUCTLINEID) values ('Iced Tea - Lemon, 340ml',269.29,469);
Insert into CRG222.PRODUCTLINE (PRODUCTNAME,PRICE,PRODUCTLINEID) values ('Liners - Baking Cups',6.1,470);
Insert into CRG222.PRODUCTLINE (PRODUCTNAME,PRICE,PRODUCTLINEID) values ('Schnappes - Peach, Walkers',336.83,471);
Insert into CRG222.PRODUCTLINE (PRODUCTNAME,PRICE,PRODUCTLINEID) values ('Tomatoes',252.89,472);
Insert into CRG222.PRODUCTLINE (PRODUCTNAME,PRICE,PRODUCTLINEID) values ('Juice - V8 Splash',224.56,473);
Insert into CRG222.PRODUCTLINE (PRODUCTNAME,PRICE,PRODUCTLINEID) values ('General Purpose Trigger',85.13,474);
Insert into CRG222.PRODUCTLINE (PRODUCTNAME,PRICE,PRODUCTLINEID) values ('Pork - Sausage, Medium',204.96,475);
Insert into CRG222.PRODUCTLINE (PRODUCTNAME,PRICE,PRODUCTLINEID) values ('Cookie Dough - Double',206.74,476);
Insert into CRG222.PRODUCTLINE (PRODUCTNAME,PRICE,PRODUCTLINEID) values ('Vector Energy Bar',438.17,477);
Insert into CRG222.PRODUCTLINE (PRODUCTNAME,PRICE,PRODUCTLINEID) values ('Nantucket Cranberry Juice',220.29,478);
Insert into CRG222.PRODUCTLINE (PRODUCTNAME,PRICE,PRODUCTLINEID) values ('Gatorade - Lemon Lime',168.11,479);
Insert into CRG222.PRODUCTLINE (PRODUCTNAME,PRICE,PRODUCTLINEID) values ('Sauce Bbq Smokey',67.38,480);
Insert into CRG222.PRODUCTLINE (PRODUCTNAME,PRICE,PRODUCTLINEID) values ('Sterno - Chafing Dish Fuel',400.55,481);
Insert into CRG222.PRODUCTLINE (PRODUCTNAME,PRICE,PRODUCTLINEID) values ('Guinea Fowl',13.56,482);
Insert into CRG222.PRODUCTLINE (PRODUCTNAME,PRICE,PRODUCTLINEID) values ('Cheese - Comte',300.54,483);
Insert into CRG222.PRODUCTLINE (PRODUCTNAME,PRICE,PRODUCTLINEID) values ('Broom And Brush Rack Black',383.65,484);
Insert into CRG222.PRODUCTLINE (PRODUCTNAME,PRICE,PRODUCTLINEID) values ('Artichoke - Fresh',487.11,485);
Insert into CRG222.PRODUCTLINE (PRODUCTNAME,PRICE,PRODUCTLINEID) values ('Juice - Happy Planet',233.63,486);
Insert into CRG222.PRODUCTLINE (PRODUCTNAME,PRICE,PRODUCTLINEID) values ('Bar Nature Valley',203.82,487);
Insert into CRG222.PRODUCTLINE (PRODUCTNAME,PRICE,PRODUCTLINEID) values ('Wonton Wrappers',277.43,488);
Insert into CRG222.PRODUCTLINE (PRODUCTNAME,PRICE,PRODUCTLINEID) values ('Puff Pastry - Slab',266.68,489);
Insert into CRG222.PRODUCTLINE (PRODUCTNAME,PRICE,PRODUCTLINEID) values ('Sprite - 355 Ml',138.95,490);
Insert into CRG222.PRODUCTLINE (PRODUCTNAME,PRICE,PRODUCTLINEID) values ('Vinegar - Balsamic',228.44,491);
Insert into CRG222.PRODUCTLINE (PRODUCTNAME,PRICE,PRODUCTLINEID) values ('Island Oasis - Lemonade',272.07,492);
Insert into CRG222.PRODUCTLINE (PRODUCTNAME,PRICE,PRODUCTLINEID) values ('Cinnamon Buns Sticky',327.82,493);
Insert into CRG222.PRODUCTLINE (PRODUCTNAME,PRICE,PRODUCTLINEID) values ('Stock - Veal, White',63.14,494);
Insert into CRG222.PRODUCTLINE (PRODUCTNAME,PRICE,PRODUCTLINEID) values ('Olives - Stuffed',64.57,495);
Insert into CRG222.PRODUCTLINE (PRODUCTNAME,PRICE,PRODUCTLINEID) values ('Bread - White Epi Baguette',125.81,496);
Insert into CRG222.PRODUCTLINE (PRODUCTNAME,PRICE,PRODUCTLINEID) values ('Wine - Chardonnay Mondavi',435.32,497);
Insert into CRG222.PRODUCTLINE (PRODUCTNAME,PRICE,PRODUCTLINEID) values ('Compound - Orange',473.85,498);
Insert into CRG222.PRODUCTLINE (PRODUCTNAME,PRICE,PRODUCTLINEID) values ('Tilapia - Fillets',449.99,499);
Insert into CRG222.PRODUCTLINE (PRODUCTNAME,PRICE,PRODUCTLINEID) values ('Wine - Saint - Bris 2002, Sauv',470.07,500);
Insert into CRG222.PRODUCTLINE (PRODUCTNAME,PRICE,PRODUCTLINEID) values ('Cheese - Cheddar, Medium',138.73,501);
Insert into CRG222.PRODUCTLINE (PRODUCTNAME,PRICE,PRODUCTLINEID) values ('Water - Perrier',113.24,502);
Insert into CRG222.PRODUCTLINE (PRODUCTNAME,PRICE,PRODUCTLINEID) values ('Oil - Coconut',224.57,503);
Insert into CRG222.PRODUCTLINE (PRODUCTNAME,PRICE,PRODUCTLINEID) values ('Tray - 16in Rnd Blk',319.72,504);
Insert into CRG222.PRODUCTLINE (PRODUCTNAME,PRICE,PRODUCTLINEID) values ('Crush - Grape, 355 Ml',101.54,505);
Insert into CRG222.PRODUCTLINE (PRODUCTNAME,PRICE,PRODUCTLINEID) values ('Burger Veggie',45.47,506);
Insert into CRG222.PRODUCTLINE (PRODUCTNAME,PRICE,PRODUCTLINEID) values ('Pear - Packum',40.33,507);
Insert into CRG222.PRODUCTLINE (PRODUCTNAME,PRICE,PRODUCTLINEID) values ('Cleaner - Lime Away',364.23,508);
Insert into CRG222.PRODUCTLINE (PRODUCTNAME,PRICE,PRODUCTLINEID) values ('Beer - Camerons Cream Ale',12.01,509);
Insert into CRG222.PRODUCTLINE (PRODUCTNAME,PRICE,PRODUCTLINEID) values ('Longos - Grilled Chicken With',469.47,510);
Insert into CRG222.PRODUCTLINE (PRODUCTNAME,PRICE,PRODUCTLINEID) values ('Gin - Gilbeys London, Dry',32.52,511);
Insert into CRG222.PRODUCTLINE (PRODUCTNAME,PRICE,PRODUCTLINEID) values ('Wine - White Cab Sauv.on',305.36,512);
Insert into CRG222.PRODUCTLINE (PRODUCTNAME,PRICE,PRODUCTLINEID) values ('Parsley Italian - Fresh',187.52,513);
Insert into CRG222.PRODUCTLINE (PRODUCTNAME,PRICE,PRODUCTLINEID) values ('Parasol Pick Stir Stick',259.75,514);
Insert into CRG222.PRODUCTLINE (PRODUCTNAME,PRICE,PRODUCTLINEID) values ('Seedlings - Mix, Organic',377.52,515);
Insert into CRG222.PRODUCTLINE (PRODUCTNAME,PRICE,PRODUCTLINEID) values ('Bay Leaf',287.93,516);
Insert into CRG222.PRODUCTLINE (PRODUCTNAME,PRICE,PRODUCTLINEID) values ('Mustard - Individual Pkg',165.27,517);
Insert into CRG222.PRODUCTLINE (PRODUCTNAME,PRICE,PRODUCTLINEID) values ('Devonshire Cream',163.96,518);
Insert into CRG222.PRODUCTLINE (PRODUCTNAME,PRICE,PRODUCTLINEID) values ('Shrimp - Black Tiger 13/15',109.81,519);
Insert into CRG222.PRODUCTLINE (PRODUCTNAME,PRICE,PRODUCTLINEID) values ('Ecolab - Ster Bac',349.86,520);
Insert into CRG222.PRODUCTLINE (PRODUCTNAME,PRICE,PRODUCTLINEID) values ('Shrimp - Baby, Warm Water',229.84,521);
Insert into CRG222.PRODUCTLINE (PRODUCTNAME,PRICE,PRODUCTLINEID) values ('Mushrooms - Black, Dried',70.34,522);
Insert into CRG222.PRODUCTLINE (PRODUCTNAME,PRICE,PRODUCTLINEID) values ('Cookie Chocolate Chip With',124.6,523);
Insert into CRG222.PRODUCTLINE (PRODUCTNAME,PRICE,PRODUCTLINEID) values ('Kellogs Raisan Bran Bars',304.73,524);
Insert into CRG222.PRODUCTLINE (PRODUCTNAME,PRICE,PRODUCTLINEID) values ('Whmis Spray Bottle Graduated',283.82,525);
Insert into CRG222.PRODUCTLINE (PRODUCTNAME,PRICE,PRODUCTLINEID) values ('Cheese - Le Cheve Noir',269.22,526);
Insert into CRG222.PRODUCTLINE (PRODUCTNAME,PRICE,PRODUCTLINEID) values ('White Baguette',466.18,527);
Insert into CRG222.PRODUCTLINE (PRODUCTNAME,PRICE,PRODUCTLINEID) values ('Scallops - 10/20',441.94,528);
Insert into CRG222.PRODUCTLINE (PRODUCTNAME,PRICE,PRODUCTLINEID) values ('Tea - Herbal - 6 Asst',188.18,529);
Insert into CRG222.PRODUCTLINE (PRODUCTNAME,PRICE,PRODUCTLINEID) values ('Soup - Cream Of Broccoli, Dry',66.02,530);
Insert into CRG222.PRODUCTLINE (PRODUCTNAME,PRICE,PRODUCTLINEID) values ('Extract Vanilla Pure',414.54,531);
Insert into CRG222.PRODUCTLINE (PRODUCTNAME,PRICE,PRODUCTLINEID) values ('Wine - Casablanca Valley',139.07,532);
Insert into CRG222.PRODUCTLINE (PRODUCTNAME,PRICE,PRODUCTLINEID) values ('Beer - Sleemans Honey Brown',105.74,533);
Insert into CRG222.PRODUCTLINE (PRODUCTNAME,PRICE,PRODUCTLINEID) values ('Tea - Grapefruit Green Tea',46.95,534);
Insert into CRG222.PRODUCTLINE (PRODUCTNAME,PRICE,PRODUCTLINEID) values ('Wine - Stoneliegh Sauvignon',367.09,535);
Insert into CRG222.PRODUCTLINE (PRODUCTNAME,PRICE,PRODUCTLINEID) values ('Muffin - Blueberry Individual',322.93,536);
Insert into CRG222.PRODUCTLINE (PRODUCTNAME,PRICE,PRODUCTLINEID) values ('Olive - Spread Tapenade',109.83,537);
Insert into CRG222.PRODUCTLINE (PRODUCTNAME,PRICE,PRODUCTLINEID) values ('Table Cloth - 53x69 Colour',329.27,538);
Insert into CRG222.PRODUCTLINE (PRODUCTNAME,PRICE,PRODUCTLINEID) values ('Beans - Turtle, Black, Dry',104.29,539);
Insert into CRG222.PRODUCTLINE (PRODUCTNAME,PRICE,PRODUCTLINEID) values ('Muffins - Assorted',237.83,540);
Insert into CRG222.PRODUCTLINE (PRODUCTNAME,PRICE,PRODUCTLINEID) values ('Foil - Round Foil',312.11,541);
Insert into CRG222.PRODUCTLINE (PRODUCTNAME,PRICE,PRODUCTLINEID) values ('Pork - Bacon, Double Smoked',319.83,542);
Insert into CRG222.PRODUCTLINE (PRODUCTNAME,PRICE,PRODUCTLINEID) values ('Bread Fig And Almond',214.21,543);
Insert into CRG222.PRODUCTLINE (PRODUCTNAME,PRICE,PRODUCTLINEID) values ('Orange Roughy 6/8 Oz',176.92,544);
Insert into CRG222.PRODUCTLINE (PRODUCTNAME,PRICE,PRODUCTLINEID) values ('Allspice - Jamaican',138.64,545);
Insert into CRG222.PRODUCTLINE (PRODUCTNAME,PRICE,PRODUCTLINEID) values ('Beans - French',368.86,546);
Insert into CRG222.PRODUCTLINE (PRODUCTNAME,PRICE,PRODUCTLINEID) values ('Apricots Fresh',253.88,547);
Insert into CRG222.PRODUCTLINE (PRODUCTNAME,PRICE,PRODUCTLINEID) values ('Vermacelli - Sprinkles, Assorted',109.3,548);
Insert into CRG222.PRODUCTLINE (PRODUCTNAME,PRICE,PRODUCTLINEID) values ('Wine - Toasted Head',63.19,549);
Insert into CRG222.PRODUCTLINE (PRODUCTNAME,PRICE,PRODUCTLINEID) values ('Spring Roll Veg Mini',103.17,550);
Insert into CRG222.PRODUCTLINE (PRODUCTNAME,PRICE,PRODUCTLINEID) values ('Cookie Dough - Double',304.13,551);
Insert into CRG222.PRODUCTLINE (PRODUCTNAME,PRICE,PRODUCTLINEID) values ('Champagne - Brights, Dry',101.82,552);
Insert into CRG222.PRODUCTLINE (PRODUCTNAME,PRICE,PRODUCTLINEID) values ('Cheese - Brick With Pepper',149.03,553);
Insert into CRG222.PRODUCTLINE (PRODUCTNAME,PRICE,PRODUCTLINEID) values ('Bread - White Mini Epi',206.92,554);
Insert into CRG222.PRODUCTLINE (PRODUCTNAME,PRICE,PRODUCTLINEID) values ('Wine - Red, Harrow Estates, Cab',447.54,555);
Insert into CRG222.PRODUCTLINE (PRODUCTNAME,PRICE,PRODUCTLINEID) values ('Wine - White, Ej',201.95,556);
Insert into CRG222.PRODUCTLINE (PRODUCTNAME,PRICE,PRODUCTLINEID) values ('Wine - Sawmill Creek Autumn',84.18,557);
Insert into CRG222.PRODUCTLINE (PRODUCTNAME,PRICE,PRODUCTLINEID) values ('Wine - Alsace Riesling Reserve',28.53,558);
Insert into CRG222.PRODUCTLINE (PRODUCTNAME,PRICE,PRODUCTLINEID) values ('Nut - Almond, Blanched, Sliced',97.61,559);
Insert into CRG222.PRODUCTLINE (PRODUCTNAME,PRICE,PRODUCTLINEID) values ('Glaze - Clear',379.45,560);
Insert into CRG222.PRODUCTLINE (PRODUCTNAME,PRICE,PRODUCTLINEID) values ('Chocolate - Semi Sweet',360.59,561);
Insert into CRG222.PRODUCTLINE (PRODUCTNAME,PRICE,PRODUCTLINEID) values ('Beans - Green',386.11,562);
Insert into CRG222.PRODUCTLINE (PRODUCTNAME,PRICE,PRODUCTLINEID) values ('Pork - Loin, Center Cut',284.17,563);
Insert into CRG222.PRODUCTLINE (PRODUCTNAME,PRICE,PRODUCTLINEID) values ('Bread - Italian Sesame Poly',21.38,564);
Insert into CRG222.PRODUCTLINE (PRODUCTNAME,PRICE,PRODUCTLINEID) values ('Wine - Barbera Alba Doc 2001',206.23,565);
Insert into CRG222.PRODUCTLINE (PRODUCTNAME,PRICE,PRODUCTLINEID) values ('Lettuce - Boston Bib - Organic',176.56,566);
Insert into CRG222.PRODUCTLINE (PRODUCTNAME,PRICE,PRODUCTLINEID) values ('Apples - Sliced / Wedge',6.02,567);
Insert into CRG222.PRODUCTLINE (PRODUCTNAME,PRICE,PRODUCTLINEID) values ('Wine - Charddonnay Errazuriz',451.95,568);
Insert into CRG222.PRODUCTLINE (PRODUCTNAME,PRICE,PRODUCTLINEID) values ('Cheese - Gorgonzola',107.63,569);
Insert into CRG222.PRODUCTLINE (PRODUCTNAME,PRICE,PRODUCTLINEID) values ('Truffle Cups - White Paper',273.82,570);
Insert into CRG222.PRODUCTLINE (PRODUCTNAME,PRICE,PRODUCTLINEID) values ('Sachet',286.82,571);
Insert into CRG222.PRODUCTLINE (PRODUCTNAME,PRICE,PRODUCTLINEID) values ('Caviar - Salmon',356.15,572);
Insert into CRG222.PRODUCTLINE (PRODUCTNAME,PRICE,PRODUCTLINEID) values ('Sugar - Brown, Individual',255.04,573);
Insert into CRG222.PRODUCTLINE (PRODUCTNAME,PRICE,PRODUCTLINEID) values ('Potatoes - Mini White 3 Oz',49.7,574);
Insert into CRG222.PRODUCTLINE (PRODUCTNAME,PRICE,PRODUCTLINEID) values ('Juice - Grape, White',466.12,575);
Insert into CRG222.PRODUCTLINE (PRODUCTNAME,PRICE,PRODUCTLINEID) values ('Table Cloth - 53x69 Colour',425.91,576);
Insert into CRG222.PRODUCTLINE (PRODUCTNAME,PRICE,PRODUCTLINEID) values ('Coffee - French Vanilla Frothy',117.41,577);
Insert into CRG222.PRODUCTLINE (PRODUCTNAME,PRICE,PRODUCTLINEID) values ('Scallops - Live In Shell',123.3,578);
Insert into CRG222.PRODUCTLINE (PRODUCTNAME,PRICE,PRODUCTLINEID) values ('Apple - Northern Spy',58.76,579);
Insert into CRG222.PRODUCTLINE (PRODUCTNAME,PRICE,PRODUCTLINEID) values ('Garam Marsala',248.23,580);
Insert into CRG222.PRODUCTLINE (PRODUCTNAME,PRICE,PRODUCTLINEID) values ('Sour Puss - Tangerine',202.7,581);
Insert into CRG222.PRODUCTLINE (PRODUCTNAME,PRICE,PRODUCTLINEID) values ('Juice - Cranberry 284ml',180.71,582);
Insert into CRG222.PRODUCTLINE (PRODUCTNAME,PRICE,PRODUCTLINEID) values ('Hold Up Tool Storage Rack',334.58,583);
Insert into CRG222.PRODUCTLINE (PRODUCTNAME,PRICE,PRODUCTLINEID) values ('Ecolab - Solid Fusion',68.44,584);
Insert into CRG222.PRODUCTLINE (PRODUCTNAME,PRICE,PRODUCTLINEID) values ('Vodka - Moskovskaya',334.63,585);
Insert into CRG222.PRODUCTLINE (PRODUCTNAME,PRICE,PRODUCTLINEID) values ('Muffin Mix - Blueberry',340.52,586);
Insert into CRG222.PRODUCTLINE (PRODUCTNAME,PRICE,PRODUCTLINEID) values ('Rice - Long Grain',464.26,587);
Insert into CRG222.PRODUCTLINE (PRODUCTNAME,PRICE,PRODUCTLINEID) values ('Loaf Pan - 2 Lb, Foil',494.95,588);
Insert into CRG222.PRODUCTLINE (PRODUCTNAME,PRICE,PRODUCTLINEID) values ('Table Cloth 54x54 Colour',464.95,589);
Insert into CRG222.PRODUCTLINE (PRODUCTNAME,PRICE,PRODUCTLINEID) values ('Appetizer - Spring Roll, Veg',138.39,590);
Insert into CRG222.PRODUCTLINE (PRODUCTNAME,PRICE,PRODUCTLINEID) values ('Lady Fingers',333.11,591);
Insert into CRG222.PRODUCTLINE (PRODUCTNAME,PRICE,PRODUCTLINEID) values ('Wine - Red, Mosaic Zweigelt',377.11,592);
Insert into CRG222.PRODUCTLINE (PRODUCTNAME,PRICE,PRODUCTLINEID) values ('Jam - Apricot',377.11,593);
Insert into CRG222.PRODUCTLINE (PRODUCTNAME,PRICE,PRODUCTLINEID) values ('Beef - Short Ribs',96.83,594);
Insert into CRG222.PRODUCTLINE (PRODUCTNAME,PRICE,PRODUCTLINEID) values ('Compound - Raspberry',281.58,595);
Insert into CRG222.PRODUCTLINE (PRODUCTNAME,PRICE,PRODUCTLINEID) values ('Truffle - Whole Black Peeled',282.94,596);
Insert into CRG222.PRODUCTLINE (PRODUCTNAME,PRICE,PRODUCTLINEID) values ('Pomegranates',495.13,597);
Insert into CRG222.PRODUCTLINE (PRODUCTNAME,PRICE,PRODUCTLINEID) values ('Food Colouring - Pink',164.4,598);
Insert into CRG222.PRODUCTLINE (PRODUCTNAME,PRICE,PRODUCTLINEID) values ('Pepper - Red Thai',261.55,599);
Insert into CRG222.PRODUCTLINE (PRODUCTNAME,PRICE,PRODUCTLINEID) values ('Papayas',5.49,600);
Insert into CRG222.PRODUCTLINE (PRODUCTNAME,PRICE,PRODUCTLINEID) values ('Truffle Shells - Semi - Sweet',201.1,601);
Insert into CRG222.PRODUCTLINE (PRODUCTNAME,PRICE,PRODUCTLINEID) values ('Cookie Dough - Chunky',475.81,602);
Insert into CRG222.PRODUCTLINE (PRODUCTNAME,PRICE,PRODUCTLINEID) values ('Sea Bass - Fillets',358.41,603);
Insert into CRG222.PRODUCTLINE (PRODUCTNAME,PRICE,PRODUCTLINEID) values ('Cheese - Le Cru Du Clocher',251.97,604);
Insert into CRG222.PRODUCTLINE (PRODUCTNAME,PRICE,PRODUCTLINEID) values ('Wanton Wrap',65.7,605);
Insert into CRG222.PRODUCTLINE (PRODUCTNAME,PRICE,PRODUCTLINEID) values ('Sugar - Icing',429.9,606);
Insert into CRG222.PRODUCTLINE (PRODUCTNAME,PRICE,PRODUCTLINEID) values ('Wine - Magnotta - Pinot Gris Sr',192.17,607);
Insert into CRG222.PRODUCTLINE (PRODUCTNAME,PRICE,PRODUCTLINEID) values ('Crab Meat Claw Pasteurise',104.35,608);
Insert into CRG222.PRODUCTLINE (PRODUCTNAME,PRICE,PRODUCTLINEID) values ('Garam Marsala',163.79,609);
Insert into CRG222.PRODUCTLINE (PRODUCTNAME,PRICE,PRODUCTLINEID) values ('Kale - Red',63.02,610);
Insert into CRG222.PRODUCTLINE (PRODUCTNAME,PRICE,PRODUCTLINEID) values ('Crab Brie In Phyllo',3.19,611);
Insert into CRG222.PRODUCTLINE (PRODUCTNAME,PRICE,PRODUCTLINEID) values ('Pasta - Canelloni, Single Serve',186.54,612);
Insert into CRG222.PRODUCTLINE (PRODUCTNAME,PRICE,PRODUCTLINEID) values ('Broom - Corn',242.42,613);
Insert into CRG222.PRODUCTLINE (PRODUCTNAME,PRICE,PRODUCTLINEID) values ('Wine - Alsace Riesling Reserve',188.41,614);
Insert into CRG222.PRODUCTLINE (PRODUCTNAME,PRICE,PRODUCTLINEID) values ('Whmis - Spray Bottle Trigger',8.27,615);
Insert into CRG222.PRODUCTLINE (PRODUCTNAME,PRICE,PRODUCTLINEID) values ('Puree - Passion Fruit',456.04,616);
Insert into CRG222.PRODUCTLINE (PRODUCTNAME,PRICE,PRODUCTLINEID) values ('Fruit Salad Deluxe',204.54,617);
Insert into CRG222.PRODUCTLINE (PRODUCTNAME,PRICE,PRODUCTLINEID) values ('Worcestershire Sauce',241.56,618);
Insert into CRG222.PRODUCTLINE (PRODUCTNAME,PRICE,PRODUCTLINEID) values ('Coffee - Dark Roast',223.28,619);
Insert into CRG222.PRODUCTLINE (PRODUCTNAME,PRICE,PRODUCTLINEID) values ('Mangoes',62.23,620);
Insert into CRG222.PRODUCTLINE (PRODUCTNAME,PRICE,PRODUCTLINEID) values ('Shrimp - 16/20, Peeled Deviened',59.31,621);
Insert into CRG222.PRODUCTLINE (PRODUCTNAME,PRICE,PRODUCTLINEID) values ('Bread - Italian Roll With Herbs',332.77,622);
Insert into CRG222.PRODUCTLINE (PRODUCTNAME,PRICE,PRODUCTLINEID) values ('Scallops - In Shell',295.9,623);
Insert into CRG222.PRODUCTLINE (PRODUCTNAME,PRICE,PRODUCTLINEID) values ('Bagelers - Cinn / Brown Sugar',428.39,624);
Insert into CRG222.PRODUCTLINE (PRODUCTNAME,PRICE,PRODUCTLINEID) values ('Bread - 10 Grain Parisian',349.91,625);
Insert into CRG222.PRODUCTLINE (PRODUCTNAME,PRICE,PRODUCTLINEID) values ('Wine - Magnotta, Merlot Sr Vqa',177,626);
Insert into CRG222.PRODUCTLINE (PRODUCTNAME,PRICE,PRODUCTLINEID) values ('Bread - Malt',497.51,627);
Insert into CRG222.PRODUCTLINE (PRODUCTNAME,PRICE,PRODUCTLINEID) values ('Ham - Smoked, Bone - In',57.98,628);
Insert into CRG222.PRODUCTLINE (PRODUCTNAME,PRICE,PRODUCTLINEID) values ('Alize Sunset',254.96,629);
Insert into CRG222.PRODUCTLINE (PRODUCTNAME,PRICE,PRODUCTLINEID) values ('Pork Casing',178.46,630);
Insert into CRG222.PRODUCTLINE (PRODUCTNAME,PRICE,PRODUCTLINEID) values ('Sugar - Icing',51.51,631);
Insert into CRG222.PRODUCTLINE (PRODUCTNAME,PRICE,PRODUCTLINEID) values ('Flour - Pastry',152.65,632);
Insert into CRG222.PRODUCTLINE (PRODUCTNAME,PRICE,PRODUCTLINEID) values ('Ice - Clear, 300 Lb For Carving',325.36,633);
Insert into CRG222.PRODUCTLINE (PRODUCTNAME,PRICE,PRODUCTLINEID) values ('Sauce - Hollandaise',214.04,634);
Insert into CRG222.PRODUCTLINE (PRODUCTNAME,PRICE,PRODUCTLINEID) values ('Tomatoes - Cherry, Yellow',98.71,635);
Insert into CRG222.PRODUCTLINE (PRODUCTNAME,PRICE,PRODUCTLINEID) values ('Pork - Suckling Pig',173.18,636);
Insert into CRG222.PRODUCTLINE (PRODUCTNAME,PRICE,PRODUCTLINEID) values ('Almonds Ground Blanched',498.9,637);
Insert into CRG222.PRODUCTLINE (PRODUCTNAME,PRICE,PRODUCTLINEID) values ('Pears - Fiorelle',240.69,638);
Insert into CRG222.PRODUCTLINE (PRODUCTNAME,PRICE,PRODUCTLINEID) values ('Cheese - Brick With Onion',365.73,639);
Insert into CRG222.PRODUCTLINE (PRODUCTNAME,PRICE,PRODUCTLINEID) values ('Soupfoamcont12oz 112con',443.14,640);
Insert into CRG222.PRODUCTLINE (PRODUCTNAME,PRICE,PRODUCTLINEID) values ('Juice - Clam, 46 Oz',120.58,641);
Insert into CRG222.PRODUCTLINE (PRODUCTNAME,PRICE,PRODUCTLINEID) values ('Salt - Rock, Course',472.66,642);
Insert into CRG222.PRODUCTLINE (PRODUCTNAME,PRICE,PRODUCTLINEID) values ('Veal - Shank, Pieces',170.7,643);
Insert into CRG222.PRODUCTLINE (PRODUCTNAME,PRICE,PRODUCTLINEID) values ('Lamb - Pieces, Diced',336.91,644);
Insert into CRG222.PRODUCTLINE (PRODUCTNAME,PRICE,PRODUCTLINEID) values ('Sauce Bbq Smokey',76.25,645);
Insert into CRG222.PRODUCTLINE (PRODUCTNAME,PRICE,PRODUCTLINEID) values ('Sword Pick Asst',27.49,646);
Insert into CRG222.PRODUCTLINE (PRODUCTNAME,PRICE,PRODUCTLINEID) values ('Taro Leaves',101.65,647);
Insert into CRG222.PRODUCTLINE (PRODUCTNAME,PRICE,PRODUCTLINEID) values ('Chicken - Ground',492.3,648);
Insert into CRG222.PRODUCTLINE (PRODUCTNAME,PRICE,PRODUCTLINEID) values ('Jello - Assorted',157.51,649);
Insert into CRG222.PRODUCTLINE (PRODUCTNAME,PRICE,PRODUCTLINEID) values ('Seedlings - Buckwheat, Organic',77.65,650);
Insert into CRG222.PRODUCTLINE (PRODUCTNAME,PRICE,PRODUCTLINEID) values ('Muffins - Assorted',141.06,651);
Insert into CRG222.PRODUCTLINE (PRODUCTNAME,PRICE,PRODUCTLINEID) values ('Sea Urchin',8.46,652);
Insert into CRG222.PRODUCTLINE (PRODUCTNAME,PRICE,PRODUCTLINEID) values ('Pur Value',139.89,653);
Insert into CRG222.PRODUCTLINE (PRODUCTNAME,PRICE,PRODUCTLINEID) values ('Hummus - Spread',235.95,654);
Insert into CRG222.PRODUCTLINE (PRODUCTNAME,PRICE,PRODUCTLINEID) values ('Bread - Italian Sesame Poly',441.45,655);
Insert into CRG222.PRODUCTLINE (PRODUCTNAME,PRICE,PRODUCTLINEID) values ('Pepper - Julienne, Frozen',228.6,656);
Insert into CRG222.PRODUCTLINE (PRODUCTNAME,PRICE,PRODUCTLINEID) values ('Oil - Peanut',5.24,657);
Insert into CRG222.PRODUCTLINE (PRODUCTNAME,PRICE,PRODUCTLINEID) values ('Syrup - Monin, Swiss Choclate',479.32,658);
Insert into CRG222.PRODUCTLINE (PRODUCTNAME,PRICE,PRODUCTLINEID) values ('Green Tea Refresher',60.25,659);
Insert into CRG222.PRODUCTLINE (PRODUCTNAME,PRICE,PRODUCTLINEID) values ('Lobster - Tail, 3 - 4 Oz',102.03,660);
Insert into CRG222.PRODUCTLINE (PRODUCTNAME,PRICE,PRODUCTLINEID) values ('Marsala - Sperone, Fine, D.o.c.',334.22,661);
Insert into CRG222.PRODUCTLINE (PRODUCTNAME,PRICE,PRODUCTLINEID) values ('Wine La Vielle Ferme Cote Du',103.58,662);
Insert into CRG222.PRODUCTLINE (PRODUCTNAME,PRICE,PRODUCTLINEID) values ('Vinegar - Sherry',287.79,663);
Insert into CRG222.PRODUCTLINE (PRODUCTNAME,PRICE,PRODUCTLINEID) values ('Emulsifier',30.52,664);
Insert into CRG222.PRODUCTLINE (PRODUCTNAME,PRICE,PRODUCTLINEID) values ('Red Cod Fillets - 225g',172.14,665);
Insert into CRG222.PRODUCTLINE (PRODUCTNAME,PRICE,PRODUCTLINEID) values ('Spinach - Spinach Leaf',335.04,666);
Insert into CRG222.PRODUCTLINE (PRODUCTNAME,PRICE,PRODUCTLINEID) values ('Cream - 18%',113.4,667);
Insert into CRG222.PRODUCTLINE (PRODUCTNAME,PRICE,PRODUCTLINEID) values ('Jack Daniels',498.57,668);
Insert into CRG222.PRODUCTLINE (PRODUCTNAME,PRICE,PRODUCTLINEID) values ('Tea - Camomele',391.15,669);
Insert into CRG222.PRODUCTLINE (PRODUCTNAME,PRICE,PRODUCTLINEID) values ('Pasta - Fettuccine, Egg, Fresh',291.23,670);
Insert into CRG222.PRODUCTLINE (PRODUCTNAME,PRICE,PRODUCTLINEID) values ('Onions - Red',471.74,671);
Insert into CRG222.PRODUCTLINE (PRODUCTNAME,PRICE,PRODUCTLINEID) values ('Waffle Stix',261.83,672);
Insert into CRG222.PRODUCTLINE (PRODUCTNAME,PRICE,PRODUCTLINEID) values ('Wine - Red, Cabernet Sauvignon',112.63,673);
Insert into CRG222.PRODUCTLINE (PRODUCTNAME,PRICE,PRODUCTLINEID) values ('Island Oasis - Wildberry',67.5,674);
Insert into CRG222.PRODUCTLINE (PRODUCTNAME,PRICE,PRODUCTLINEID) values ('Beer - Sleeman Fine Porter',419.99,675);
Insert into CRG222.PRODUCTLINE (PRODUCTNAME,PRICE,PRODUCTLINEID) values ('Chicken - Leg, Fresh',317.76,676);
Insert into CRG222.PRODUCTLINE (PRODUCTNAME,PRICE,PRODUCTLINEID) values ('Bacardi Limon',245.55,677);
Insert into CRG222.PRODUCTLINE (PRODUCTNAME,PRICE,PRODUCTLINEID) values ('Sobe - Green Tea',283.62,678);
Insert into CRG222.PRODUCTLINE (PRODUCTNAME,PRICE,PRODUCTLINEID) values ('Mushrooms - Black, Dried',226.85,679);
Insert into CRG222.PRODUCTLINE (PRODUCTNAME,PRICE,PRODUCTLINEID) values ('Wild Boar - Tenderloin',432.52,680);
Insert into CRG222.PRODUCTLINE (PRODUCTNAME,PRICE,PRODUCTLINEID) values ('Vodka - Smirnoff',58.26,681);
Insert into CRG222.PRODUCTLINE (PRODUCTNAME,PRICE,PRODUCTLINEID) values ('Corn Syrup',283.83,682);
Insert into CRG222.PRODUCTLINE (PRODUCTNAME,PRICE,PRODUCTLINEID) values ('Vinegar - Red Wine',383.01,683);
Insert into CRG222.PRODUCTLINE (PRODUCTNAME,PRICE,PRODUCTLINEID) values ('Eggplant - Regular',225.14,684);
Insert into CRG222.PRODUCTLINE (PRODUCTNAME,PRICE,PRODUCTLINEID) values ('Pepper Squash',273.85,685);
Insert into CRG222.PRODUCTLINE (PRODUCTNAME,PRICE,PRODUCTLINEID) values ('Soup - French Onion, Dry',440.62,686);
Insert into CRG222.PRODUCTLINE (PRODUCTNAME,PRICE,PRODUCTLINEID) values ('Bread - Burger',375.61,687);
Insert into CRG222.PRODUCTLINE (PRODUCTNAME,PRICE,PRODUCTLINEID) values ('Juice - Apple, 341 Ml',430.64,688);
Insert into CRG222.PRODUCTLINE (PRODUCTNAME,PRICE,PRODUCTLINEID) values ('Toamtoes 6x7 Select',51.15,689);
Insert into CRG222.PRODUCTLINE (PRODUCTNAME,PRICE,PRODUCTLINEID) values ('Seabream Whole Farmed',489.86,690);
Insert into CRG222.PRODUCTLINE (PRODUCTNAME,PRICE,PRODUCTLINEID) values ('Broom Handle',479.22,691);
Insert into CRG222.PRODUCTLINE (PRODUCTNAME,PRICE,PRODUCTLINEID) values ('Bread - 10 Grain Parisian',101.96,692);
Insert into CRG222.PRODUCTLINE (PRODUCTNAME,PRICE,PRODUCTLINEID) values ('Nori Sea Weed',498.26,693);
Insert into CRG222.PRODUCTLINE (PRODUCTNAME,PRICE,PRODUCTLINEID) values ('Lamb - Pieces, Diced',128.82,694);
Insert into CRG222.PRODUCTLINE (PRODUCTNAME,PRICE,PRODUCTLINEID) values ('Monkfish Fresh - Skin Off',181.64,695);
Insert into CRG222.PRODUCTLINE (PRODUCTNAME,PRICE,PRODUCTLINEID) values ('Salmon - Fillets',157.21,696);
Insert into CRG222.PRODUCTLINE (PRODUCTNAME,PRICE,PRODUCTLINEID) values ('Cheese - Cheddar, Medium',43.03,697);
Insert into CRG222.PRODUCTLINE (PRODUCTNAME,PRICE,PRODUCTLINEID) values ('Wine - Touraine Azay - Le - Rideau',460.29,698);
Insert into CRG222.PRODUCTLINE (PRODUCTNAME,PRICE,PRODUCTLINEID) values ('Soup - Campbells Mac N Cheese',389.26,699);
Insert into CRG222.PRODUCTLINE (PRODUCTNAME,PRICE,PRODUCTLINEID) values ('Jam - Blackberry, 20 Ml Jar',466.19,700);
Insert into CRG222.PRODUCTLINE (PRODUCTNAME,PRICE,PRODUCTLINEID) values ('Apple - Custard',464.52,701);
Insert into CRG222.PRODUCTLINE (PRODUCTNAME,PRICE,PRODUCTLINEID) values ('Trout Rainbow Whole',135.94,702);
Insert into CRG222.PRODUCTLINE (PRODUCTNAME,PRICE,PRODUCTLINEID) values ('Ginger - Pickled',210.61,703);
Insert into CRG222.PRODUCTLINE (PRODUCTNAME,PRICE,PRODUCTLINEID) values ('Lamb - Whole Head Off',176.68,704);
Insert into CRG222.PRODUCTLINE (PRODUCTNAME,PRICE,PRODUCTLINEID) values ('Cape Capensis - Fillet',264.05,705);
Insert into CRG222.PRODUCTLINE (PRODUCTNAME,PRICE,PRODUCTLINEID) values ('Juice Peach Nectar',282.54,706);
Insert into CRG222.PRODUCTLINE (PRODUCTNAME,PRICE,PRODUCTLINEID) values ('Chocolate - Dark Callets',23.82,707);
Insert into CRG222.PRODUCTLINE (PRODUCTNAME,PRICE,PRODUCTLINEID) values ('Piping - Bags Quizna',22.61,708);
Insert into CRG222.PRODUCTLINE (PRODUCTNAME,PRICE,PRODUCTLINEID) values ('Chick Peas - Canned',135.28,709);
Insert into CRG222.PRODUCTLINE (PRODUCTNAME,PRICE,PRODUCTLINEID) values ('Bread - Roll, Canadian Dinner',268.1,710);
Insert into CRG222.PRODUCTLINE (PRODUCTNAME,PRICE,PRODUCTLINEID) values ('Sugar - Splenda Sweetener',291.92,711);
Insert into CRG222.PRODUCTLINE (PRODUCTNAME,PRICE,PRODUCTLINEID) values ('Chips Potato Swt Chilli Sour',415.39,712);
Insert into CRG222.PRODUCTLINE (PRODUCTNAME,PRICE,PRODUCTLINEID) values ('Cheese - Brie, Triple Creme',201.26,713);
Insert into CRG222.PRODUCTLINE (PRODUCTNAME,PRICE,PRODUCTLINEID) values ('Apple - Delicious, Golden',396.43,714);
Insert into CRG222.PRODUCTLINE (PRODUCTNAME,PRICE,PRODUCTLINEID) values ('Lotus Leaves',241.41,715);
Insert into CRG222.PRODUCTLINE (PRODUCTNAME,PRICE,PRODUCTLINEID) values ('Trueblue - Blueberry Cranberry',416.46,716);
Insert into CRG222.PRODUCTLINE (PRODUCTNAME,PRICE,PRODUCTLINEID) values ('Lettuce - Romaine, Heart',433.32,717);
Insert into CRG222.PRODUCTLINE (PRODUCTNAME,PRICE,PRODUCTLINEID) values ('Sauce - Cranberry',320.91,718);
Insert into CRG222.PRODUCTLINE (PRODUCTNAME,PRICE,PRODUCTLINEID) values ('Muffin Mix - Blueberry',461.12,719);
Insert into CRG222.PRODUCTLINE (PRODUCTNAME,PRICE,PRODUCTLINEID) values ('Sesame Seed Black',21.13,720);
Insert into CRG222.PRODUCTLINE (PRODUCTNAME,PRICE,PRODUCTLINEID) values ('Coffee - Frthy Coffee Crisp',384.59,721);
Insert into CRG222.PRODUCTLINE (PRODUCTNAME,PRICE,PRODUCTLINEID) values ('Cheese - Parmesan Grated',62.3,722);
Insert into CRG222.PRODUCTLINE (PRODUCTNAME,PRICE,PRODUCTLINEID) values ('Ecolab - Hobart Upr Prewash Arm',297.46,723);
Insert into CRG222.PRODUCTLINE (PRODUCTNAME,PRICE,PRODUCTLINEID) values ('Magnotta Bel Paese Red',464.43,724);
Insert into CRG222.PRODUCTLINE (PRODUCTNAME,PRICE,PRODUCTLINEID) values ('Pastry - Banana Muffin - Mini',472.79,725);
Insert into CRG222.PRODUCTLINE (PRODUCTNAME,PRICE,PRODUCTLINEID) values ('Crab - Meat Combo',351.97,726);
Insert into CRG222.PRODUCTLINE (PRODUCTNAME,PRICE,PRODUCTLINEID) values ('Barley - Pearl',197.03,727);
Insert into CRG222.PRODUCTLINE (PRODUCTNAME,PRICE,PRODUCTLINEID) values ('Butter Balls Salted',133.69,728);
Insert into CRG222.PRODUCTLINE (PRODUCTNAME,PRICE,PRODUCTLINEID) values ('Ice Cream Bar - Hageen Daz To',332.45,729);
Insert into CRG222.PRODUCTLINE (PRODUCTNAME,PRICE,PRODUCTLINEID) values ('Nut - Cashews, Whole, Raw',126.9,730);
Insert into CRG222.PRODUCTLINE (PRODUCTNAME,PRICE,PRODUCTLINEID) values ('Turkey Leg With Drum And Thigh',479.92,731);
Insert into CRG222.PRODUCTLINE (PRODUCTNAME,PRICE,PRODUCTLINEID) values ('Appetizer - Asian Shrimp Roll',392.67,732);
Insert into CRG222.PRODUCTLINE (PRODUCTNAME,PRICE,PRODUCTLINEID) values ('Creme De Cacao White',24.84,733);
Insert into CRG222.PRODUCTLINE (PRODUCTNAME,PRICE,PRODUCTLINEID) values ('Cookie - Oreo 100x2',111.57,734);
Insert into CRG222.PRODUCTLINE (PRODUCTNAME,PRICE,PRODUCTLINEID) values ('Nut - Peanut, Roasted',150.1,735);
Insert into CRG222.PRODUCTLINE (PRODUCTNAME,PRICE,PRODUCTLINEID) values ('Wine - Two Oceans Sauvignon',486.19,736);
Insert into CRG222.PRODUCTLINE (PRODUCTNAME,PRICE,PRODUCTLINEID) values ('Chips - Miss Vickies',63.62,737);
Insert into CRG222.PRODUCTLINE (PRODUCTNAME,PRICE,PRODUCTLINEID) values ('Plasticforkblack',456.84,738);
Insert into CRG222.PRODUCTLINE (PRODUCTNAME,PRICE,PRODUCTLINEID) values ('The Pop Shoppe - Root Beer',33.22,739);
Insert into CRG222.PRODUCTLINE (PRODUCTNAME,PRICE,PRODUCTLINEID) values ('Browning Caramel Glace',400.34,740);
Insert into CRG222.PRODUCTLINE (PRODUCTNAME,PRICE,PRODUCTLINEID) values ('Cookie Dough - Peanut Butter',459.6,741);
Insert into CRG222.PRODUCTLINE (PRODUCTNAME,PRICE,PRODUCTLINEID) values ('Chocolate - Dark',453.88,742);
Insert into CRG222.PRODUCTLINE (PRODUCTNAME,PRICE,PRODUCTLINEID) values ('Juice - Lemon',420.82,743);
Insert into CRG222.PRODUCTLINE (PRODUCTNAME,PRICE,PRODUCTLINEID) values ('Pepper - Orange',176.11,744);
Insert into CRG222.PRODUCTLINE (PRODUCTNAME,PRICE,PRODUCTLINEID) values ('Chicken - Bones',110.94,745);
Insert into CRG222.PRODUCTLINE (PRODUCTNAME,PRICE,PRODUCTLINEID) values ('Dried Peach',93.89,746);
Insert into CRG222.PRODUCTLINE (PRODUCTNAME,PRICE,PRODUCTLINEID) values ('Broom - Push',384.98,747);
Insert into CRG222.PRODUCTLINE (PRODUCTNAME,PRICE,PRODUCTLINEID) values ('Wine - Merlot Vina Carmen',40.7,748);
Insert into CRG222.PRODUCTLINE (PRODUCTNAME,PRICE,PRODUCTLINEID) values ('Kolrabi',75.11,749);
Insert into CRG222.PRODUCTLINE (PRODUCTNAME,PRICE,PRODUCTLINEID) values ('Wine - Masi Valpolocell',339.13,750);
Insert into CRG222.PRODUCTLINE (PRODUCTNAME,PRICE,PRODUCTLINEID) values ('Buffalo - Striploin',425.26,751);
Insert into CRG222.PRODUCTLINE (PRODUCTNAME,PRICE,PRODUCTLINEID) values ('Sauerkraut',274.57,752);
Insert into CRG222.PRODUCTLINE (PRODUCTNAME,PRICE,PRODUCTLINEID) values ('Bread - Bagels, Mini',394.14,753);
Insert into CRG222.PRODUCTLINE (PRODUCTNAME,PRICE,PRODUCTLINEID) values ('Jack Daniels',445.74,754);
Insert into CRG222.PRODUCTLINE (PRODUCTNAME,PRICE,PRODUCTLINEID) values ('Bonito Flakes - Toku Katsuo',386.93,755);
Insert into CRG222.PRODUCTLINE (PRODUCTNAME,PRICE,PRODUCTLINEID) values ('Kiwi',403.81,756);
Insert into CRG222.PRODUCTLINE (PRODUCTNAME,PRICE,PRODUCTLINEID) values ('Bread - Crumbs, Bulk',17.66,757);
Insert into CRG222.PRODUCTLINE (PRODUCTNAME,PRICE,PRODUCTLINEID) values ('Ginger - Crystalized',412.72,758);
Insert into CRG222.PRODUCTLINE (PRODUCTNAME,PRICE,PRODUCTLINEID) values ('Pails With Lids',245.9,759);
Insert into CRG222.PRODUCTLINE (PRODUCTNAME,PRICE,PRODUCTLINEID) values ('Lamb - Rack',265.81,760);
Insert into CRG222.PRODUCTLINE (PRODUCTNAME,PRICE,PRODUCTLINEID) values ('Pepper - Chilli Seeds Mild',182.66,761);
Insert into CRG222.PRODUCTLINE (PRODUCTNAME,PRICE,PRODUCTLINEID) values ('Pectin',498.07,762);
Insert into CRG222.PRODUCTLINE (PRODUCTNAME,PRICE,PRODUCTLINEID) values ('Tilapia - Fillets',441.19,763);
Insert into CRG222.PRODUCTLINE (PRODUCTNAME,PRICE,PRODUCTLINEID) values ('Wine - Vineland Estate Semi - Dry',69.32,764);
Insert into CRG222.PRODUCTLINE (PRODUCTNAME,PRICE,PRODUCTLINEID) values ('Wine - Zinfandel Rosenblum',417.86,765);
Insert into CRG222.PRODUCTLINE (PRODUCTNAME,PRICE,PRODUCTLINEID) values ('Tumeric',403.33,766);
Insert into CRG222.PRODUCTLINE (PRODUCTNAME,PRICE,PRODUCTLINEID) values ('Basil - Dry, Rubbed',303.08,767);
Insert into CRG222.PRODUCTLINE (PRODUCTNAME,PRICE,PRODUCTLINEID) values ('Squid - U 5',160.21,768);
Insert into CRG222.PRODUCTLINE (PRODUCTNAME,PRICE,PRODUCTLINEID) values ('Cheese - Parmesan Cubes',129.96,769);
Insert into CRG222.PRODUCTLINE (PRODUCTNAME,PRICE,PRODUCTLINEID) values ('Plastic Wrap',83.49,770);
Insert into CRG222.PRODUCTLINE (PRODUCTNAME,PRICE,PRODUCTLINEID) values ('Cheese - Havarti, Roasted Garlic',351.25,771);
Insert into CRG222.PRODUCTLINE (PRODUCTNAME,PRICE,PRODUCTLINEID) values ('Sauce - Sesame Thai Dressing',490.55,772);
Insert into CRG222.PRODUCTLINE (PRODUCTNAME,PRICE,PRODUCTLINEID) values ('Wonton Wrappers',96.05,773);
Insert into CRG222.PRODUCTLINE (PRODUCTNAME,PRICE,PRODUCTLINEID) values ('Pork - Back, Long Cut, Boneless',232.36,774);
Insert into CRG222.PRODUCTLINE (PRODUCTNAME,PRICE,PRODUCTLINEID) values ('Chicken - Base',274.98,775);
Insert into CRG222.PRODUCTLINE (PRODUCTNAME,PRICE,PRODUCTLINEID) values ('Flour - Fast / Rapid',493.4,776);
Insert into CRG222.PRODUCTLINE (PRODUCTNAME,PRICE,PRODUCTLINEID) values ('Sugar - Individual Portions',33.14,777);
Insert into CRG222.PRODUCTLINE (PRODUCTNAME,PRICE,PRODUCTLINEID) values ('Rolled Oats',55.62,778);
Insert into CRG222.PRODUCTLINE (PRODUCTNAME,PRICE,PRODUCTLINEID) values ('Veal - Bones',149.2,779);
Insert into CRG222.PRODUCTLINE (PRODUCTNAME,PRICE,PRODUCTLINEID) values ('Beef Flat Iron Steak',434.55,780);
Insert into CRG222.PRODUCTLINE (PRODUCTNAME,PRICE,PRODUCTLINEID) values ('Dried Cherries',139.46,781);
Insert into CRG222.PRODUCTLINE (PRODUCTNAME,PRICE,PRODUCTLINEID) values ('Mace',34.22,782);
Insert into CRG222.PRODUCTLINE (PRODUCTNAME,PRICE,PRODUCTLINEID) values ('Energy Drink - Redbull 355ml',285.1,783);
Insert into CRG222.PRODUCTLINE (PRODUCTNAME,PRICE,PRODUCTLINEID) values ('Veal - Inside',10.61,784);
Insert into CRG222.PRODUCTLINE (PRODUCTNAME,PRICE,PRODUCTLINEID) values ('Trueblue - Blueberry Cranberry',105.41,785);
Insert into CRG222.PRODUCTLINE (PRODUCTNAME,PRICE,PRODUCTLINEID) values ('Coffee - Dark Roast',314.42,786);
Insert into CRG222.PRODUCTLINE (PRODUCTNAME,PRICE,PRODUCTLINEID) values ('Table Cloth 90x90 White',36.61,787);
Insert into CRG222.PRODUCTLINE (PRODUCTNAME,PRICE,PRODUCTLINEID) values ('Turnip - Wax',359.12,788);
Insert into CRG222.PRODUCTLINE (PRODUCTNAME,PRICE,PRODUCTLINEID) values ('Sugar - Individual Portions',164.16,789);
Insert into CRG222.PRODUCTLINE (PRODUCTNAME,PRICE,PRODUCTLINEID) values ('Sea Urchin',376.25,790);
Insert into CRG222.PRODUCTLINE (PRODUCTNAME,PRICE,PRODUCTLINEID) values ('Plaintain',241.31,791);
Insert into CRG222.PRODUCTLINE (PRODUCTNAME,PRICE,PRODUCTLINEID) values ('Cheese - Roquefort Pappillon',436.77,792);
Insert into CRG222.PRODUCTLINE (PRODUCTNAME,PRICE,PRODUCTLINEID) values ('Southern Comfort',303.72,793);
Insert into CRG222.PRODUCTLINE (PRODUCTNAME,PRICE,PRODUCTLINEID) values ('Gooseberry',91.85,794);
Insert into CRG222.PRODUCTLINE (PRODUCTNAME,PRICE,PRODUCTLINEID) values ('Cheese - St. Paulin',390.18,795);
Insert into CRG222.PRODUCTLINE (PRODUCTNAME,PRICE,PRODUCTLINEID) values ('Cheese - Brick With Pepper',158.05,796);
Insert into CRG222.PRODUCTLINE (PRODUCTNAME,PRICE,PRODUCTLINEID) values ('Coffee - Cafe Moreno',51.11,797);
Insert into CRG222.PRODUCTLINE (PRODUCTNAME,PRICE,PRODUCTLINEID) values ('Beets - Candy Cane, Organic',499.72,798);
Insert into CRG222.PRODUCTLINE (PRODUCTNAME,PRICE,PRODUCTLINEID) values ('Pork - Tenderloin, Fresh',333.89,799);
Insert into CRG222.PRODUCTLINE (PRODUCTNAME,PRICE,PRODUCTLINEID) values ('Steam Pan - Half Size Deep',468.69,800);
Insert into CRG222.PRODUCTLINE (PRODUCTNAME,PRICE,PRODUCTLINEID) values ('Sambuca - Ramazzotti',44.11,801);
Insert into CRG222.PRODUCTLINE (PRODUCTNAME,PRICE,PRODUCTLINEID) values ('Nut - Walnut, Pieces',245.83,802);
Insert into CRG222.PRODUCTLINE (PRODUCTNAME,PRICE,PRODUCTLINEID) values ('Cheese - Mozzarella, Buffalo',395.84,803);
Insert into CRG222.PRODUCTLINE (PRODUCTNAME,PRICE,PRODUCTLINEID) values ('Bread - Bistro Sour',11.71,804);
Insert into CRG222.PRODUCTLINE (PRODUCTNAME,PRICE,PRODUCTLINEID) values ('Sesame Seed',141.39,805);
Insert into CRG222.PRODUCTLINE (PRODUCTNAME,PRICE,PRODUCTLINEID) values ('Arctic Char - Fresh, Whole',381.2,806);
Insert into CRG222.PRODUCTLINE (PRODUCTNAME,PRICE,PRODUCTLINEID) values ('Slt - Individual Portions',266.01,807);
Insert into CRG222.PRODUCTLINE (PRODUCTNAME,PRICE,PRODUCTLINEID) values ('Everfresh Products',257.12,808);
Insert into CRG222.PRODUCTLINE (PRODUCTNAME,PRICE,PRODUCTLINEID) values ('Gelatine Leaves - Envelopes',364.95,809);
Insert into CRG222.PRODUCTLINE (PRODUCTNAME,PRICE,PRODUCTLINEID) values ('Flavouring - Orange',130.13,810);
Insert into CRG222.PRODUCTLINE (PRODUCTNAME,PRICE,PRODUCTLINEID) values ('Horseradish Root',203.41,811);
Insert into CRG222.PRODUCTLINE (PRODUCTNAME,PRICE,PRODUCTLINEID) values ('Shrimp - Baby, Cold Water',387.15,812);
Insert into CRG222.PRODUCTLINE (PRODUCTNAME,PRICE,PRODUCTLINEID) values ('Pastry - Plain Baked Croissant',193.27,813);
Insert into CRG222.PRODUCTLINE (PRODUCTNAME,PRICE,PRODUCTLINEID) values ('Chocolate - Compound Coating',38.38,814);
Insert into CRG222.PRODUCTLINE (PRODUCTNAME,PRICE,PRODUCTLINEID) values ('Sprouts - Pea',298.97,815);
Insert into CRG222.PRODUCTLINE (PRODUCTNAME,PRICE,PRODUCTLINEID) values ('Bacardi Raspberry',356.15,816);
Insert into CRG222.PRODUCTLINE (PRODUCTNAME,PRICE,PRODUCTLINEID) values ('Breadfruit',360.94,817);
Insert into CRG222.PRODUCTLINE (PRODUCTNAME,PRICE,PRODUCTLINEID) values ('Sherry - Dry',372.53,818);
Insert into CRG222.PRODUCTLINE (PRODUCTNAME,PRICE,PRODUCTLINEID) values ('Beef - Top Sirloin - Aaa',160.12,819);
Insert into CRG222.PRODUCTLINE (PRODUCTNAME,PRICE,PRODUCTLINEID) values ('Spice - Paprika',155.1,820);
Insert into CRG222.PRODUCTLINE (PRODUCTNAME,PRICE,PRODUCTLINEID) values ('Tea Leaves - Oolong',349.31,821);
Insert into CRG222.PRODUCTLINE (PRODUCTNAME,PRICE,PRODUCTLINEID) values ('Table Cloth 90x90 White',474.85,822);
Insert into CRG222.PRODUCTLINE (PRODUCTNAME,PRICE,PRODUCTLINEID) values ('Oil - Grapeseed Oil',313.04,823);
Insert into CRG222.PRODUCTLINE (PRODUCTNAME,PRICE,PRODUCTLINEID) values ('Crush - Grape, 355 Ml',461.26,824);
Insert into CRG222.PRODUCTLINE (PRODUCTNAME,PRICE,PRODUCTLINEID) values ('Mushroom - Enoki, Dry',42.27,825);
Insert into CRG222.PRODUCTLINE (PRODUCTNAME,PRICE,PRODUCTLINEID) values ('Long Island Ice Tea',241.3,826);
Insert into CRG222.PRODUCTLINE (PRODUCTNAME,PRICE,PRODUCTLINEID) values ('Yogurt - Cherry, 175 Gr',330.96,827);
Insert into CRG222.PRODUCTLINE (PRODUCTNAME,PRICE,PRODUCTLINEID) values ('Foam Tray S2',338.2,828);
Insert into CRG222.PRODUCTLINE (PRODUCTNAME,PRICE,PRODUCTLINEID) values ('Truffle Cups - Red',266.13,829);
Insert into CRG222.PRODUCTLINE (PRODUCTNAME,PRICE,PRODUCTLINEID) values ('Beef - Tender Tips',127.3,830);
Insert into CRG222.PRODUCTLINE (PRODUCTNAME,PRICE,PRODUCTLINEID) values ('Wine - Prosecco Valdobiaddene',419.74,831);
Insert into CRG222.PRODUCTLINE (PRODUCTNAME,PRICE,PRODUCTLINEID) values ('Quail - Whole, Bone - In',476.63,832);
Insert into CRG222.PRODUCTLINE (PRODUCTNAME,PRICE,PRODUCTLINEID) values ('Stock - Beef, Brown',120.18,833);
Insert into CRG222.PRODUCTLINE (PRODUCTNAME,PRICE,PRODUCTLINEID) values ('Nantucket Pine Orangebanana',220.36,834);
Insert into CRG222.PRODUCTLINE (PRODUCTNAME,PRICE,PRODUCTLINEID) values ('Steam Pan Full Lid',297.11,835);
Insert into CRG222.PRODUCTLINE (PRODUCTNAME,PRICE,PRODUCTLINEID) values ('Corn Shoots',238.74,836);
Insert into CRG222.PRODUCTLINE (PRODUCTNAME,PRICE,PRODUCTLINEID) values ('Cattail Hearts',425.16,837);
Insert into CRG222.PRODUCTLINE (PRODUCTNAME,PRICE,PRODUCTLINEID) values ('Wine - White, Colubia Cresh',222.82,838);
Insert into CRG222.PRODUCTLINE (PRODUCTNAME,PRICE,PRODUCTLINEID) values ('Pail - 15l White, With Handle',152.04,839);
Insert into CRG222.PRODUCTLINE (PRODUCTNAME,PRICE,PRODUCTLINEID) values ('Cake - Cheese Cake 9 Inch',295.31,840);
Insert into CRG222.PRODUCTLINE (PRODUCTNAME,PRICE,PRODUCTLINEID) values ('Pineapple - Regular',449.74,841);
Insert into CRG222.PRODUCTLINE (PRODUCTNAME,PRICE,PRODUCTLINEID) values ('Bagelers',463.68,842);
Insert into CRG222.PRODUCTLINE (PRODUCTNAME,PRICE,PRODUCTLINEID) values ('Eel Fresh',254.94,843);
Insert into CRG222.PRODUCTLINE (PRODUCTNAME,PRICE,PRODUCTLINEID) values ('Radish - Black, Winter, Organic',12.32,844);
Insert into CRG222.PRODUCTLINE (PRODUCTNAME,PRICE,PRODUCTLINEID) values ('Cream - 18%',169.26,845);
Insert into CRG222.PRODUCTLINE (PRODUCTNAME,PRICE,PRODUCTLINEID) values ('Pasta - Rotini, Colour, Dry',140.87,846);
Insert into CRG222.PRODUCTLINE (PRODUCTNAME,PRICE,PRODUCTLINEID) values ('Monkfish - Fresh',61.04,847);
Insert into CRG222.PRODUCTLINE (PRODUCTNAME,PRICE,PRODUCTLINEID) values ('Pastry - Choclate Baked',125.77,848);
Insert into CRG222.PRODUCTLINE (PRODUCTNAME,PRICE,PRODUCTLINEID) values ('Blue Curacao - Marie Brizard',328.08,849);
Insert into CRG222.PRODUCTLINE (PRODUCTNAME,PRICE,PRODUCTLINEID) values ('Pineapple - Regular',261.11,850);
Insert into CRG222.PRODUCTLINE (PRODUCTNAME,PRICE,PRODUCTLINEID) values ('Soup Campbells Split Pea And Ham',174.46,851);
Insert into CRG222.PRODUCTLINE (PRODUCTNAME,PRICE,PRODUCTLINEID) values ('Chinese Foods - Thick Noodles',48.89,852);
Insert into CRG222.PRODUCTLINE (PRODUCTNAME,PRICE,PRODUCTLINEID) values ('Sage Derby',376.45,853);
Insert into CRG222.PRODUCTLINE (PRODUCTNAME,PRICE,PRODUCTLINEID) values ('Duck - Whole',11.35,854);
Insert into CRG222.PRODUCTLINE (PRODUCTNAME,PRICE,PRODUCTLINEID) values ('Hand Towel',294.82,855);
Insert into CRG222.PRODUCTLINE (PRODUCTNAME,PRICE,PRODUCTLINEID) values ('Corn - Cream, Canned',317.61,856);
Insert into CRG222.PRODUCTLINE (PRODUCTNAME,PRICE,PRODUCTLINEID) values ('Wine - Barolo Fontanafredda',271.64,857);
Insert into CRG222.PRODUCTLINE (PRODUCTNAME,PRICE,PRODUCTLINEID) values ('Lamb - Shoulder',230.42,858);
Insert into CRG222.PRODUCTLINE (PRODUCTNAME,PRICE,PRODUCTLINEID) values ('Crackers - Graham',251.69,859);
Insert into CRG222.PRODUCTLINE (PRODUCTNAME,PRICE,PRODUCTLINEID) values ('Energy Drink - Redbull 355ml',453.07,860);
Insert into CRG222.PRODUCTLINE (PRODUCTNAME,PRICE,PRODUCTLINEID) values ('Cheese - Perron Cheddar',339.98,861);
Insert into CRG222.PRODUCTLINE (PRODUCTNAME,PRICE,PRODUCTLINEID) values ('Eggwhite Frozen',58.96,862);
Insert into CRG222.PRODUCTLINE (PRODUCTNAME,PRICE,PRODUCTLINEID) values ('Truffle Paste',108.99,863);
Insert into CRG222.PRODUCTLINE (PRODUCTNAME,PRICE,PRODUCTLINEID) values ('Pork - Ham Hocks - Smoked',321.54,864);
Insert into CRG222.PRODUCTLINE (PRODUCTNAME,PRICE,PRODUCTLINEID) values ('Monkfish Fresh - Skin Off',205.3,865);
Insert into CRG222.PRODUCTLINE (PRODUCTNAME,PRICE,PRODUCTLINEID) values ('Chicken Breast Wing On',137.73,866);
Insert into CRG222.PRODUCTLINE (PRODUCTNAME,PRICE,PRODUCTLINEID) values ('Napkin Colour',437.75,867);
Insert into CRG222.PRODUCTLINE (PRODUCTNAME,PRICE,PRODUCTLINEID) values ('Pasta - Elbows, Macaroni, Dry',295.46,868);
Insert into CRG222.PRODUCTLINE (PRODUCTNAME,PRICE,PRODUCTLINEID) values ('Mop Head - Cotton, 24 Oz',225.04,869);
Insert into CRG222.PRODUCTLINE (PRODUCTNAME,PRICE,PRODUCTLINEID) values ('Versatainer Nc - 8288',135.13,870);
Insert into CRG222.PRODUCTLINE (PRODUCTNAME,PRICE,PRODUCTLINEID) values ('Juice - Grape, White',37.36,871);
Insert into CRG222.PRODUCTLINE (PRODUCTNAME,PRICE,PRODUCTLINEID) values ('Lemon Pepper',119.57,872);
Insert into CRG222.PRODUCTLINE (PRODUCTNAME,PRICE,PRODUCTLINEID) values ('Pepper - Pablano',326.44,873);
Insert into CRG222.PRODUCTLINE (PRODUCTNAME,PRICE,PRODUCTLINEID) values ('Duck - Breast',193.75,874);
Insert into CRG222.PRODUCTLINE (PRODUCTNAME,PRICE,PRODUCTLINEID) values ('Soupcontfoam16oz 116con',353.51,875);
Insert into CRG222.PRODUCTLINE (PRODUCTNAME,PRICE,PRODUCTLINEID) values ('Gingerale - Diet - Schweppes',459.23,876);
Insert into CRG222.PRODUCTLINE (PRODUCTNAME,PRICE,PRODUCTLINEID) values ('Wine - Malbec Trapiche Reserve',119.95,877);
Insert into CRG222.PRODUCTLINE (PRODUCTNAME,PRICE,PRODUCTLINEID) values ('Bread - Roll, Canadian Dinner',38.1,878);
Insert into CRG222.PRODUCTLINE (PRODUCTNAME,PRICE,PRODUCTLINEID) values ('Pails With Lids',373.51,879);
Insert into CRG222.PRODUCTLINE (PRODUCTNAME,PRICE,PRODUCTLINEID) values ('Onions - Cooking',471,880);
Insert into CRG222.PRODUCTLINE (PRODUCTNAME,PRICE,PRODUCTLINEID) values ('Chutney Sauce - Mango',55.87,881);
Insert into CRG222.PRODUCTLINE (PRODUCTNAME,PRICE,PRODUCTLINEID) values ('Crackers - Melba Toast',87.66,882);
Insert into CRG222.PRODUCTLINE (PRODUCTNAME,PRICE,PRODUCTLINEID) values ('Beef - Rib Eye Aaa',481.55,883);
Insert into CRG222.PRODUCTLINE (PRODUCTNAME,PRICE,PRODUCTLINEID) values ('Oneshot Automatic Soap System',257.83,884);
Insert into CRG222.PRODUCTLINE (PRODUCTNAME,PRICE,PRODUCTLINEID) values ('Wine - Sogrape Mateus Rose',199.32,885);
Insert into CRG222.PRODUCTLINE (PRODUCTNAME,PRICE,PRODUCTLINEID) values ('Longos - Assorted Sandwich',213,886);
Insert into CRG222.PRODUCTLINE (PRODUCTNAME,PRICE,PRODUCTLINEID) values ('Beets - Golden',402.51,887);
Insert into CRG222.PRODUCTLINE (PRODUCTNAME,PRICE,PRODUCTLINEID) values ('Beans - Green',183.63,888);
Insert into CRG222.PRODUCTLINE (PRODUCTNAME,PRICE,PRODUCTLINEID) values ('Sultanas',380.2,889);
Insert into CRG222.PRODUCTLINE (PRODUCTNAME,PRICE,PRODUCTLINEID) values ('Almonds Ground Blanched',103.41,890);
Insert into CRG222.PRODUCTLINE (PRODUCTNAME,PRICE,PRODUCTLINEID) values ('Beans - Long, Chinese',360.75,891);
Insert into CRG222.PRODUCTLINE (PRODUCTNAME,PRICE,PRODUCTLINEID) values ('Brandy Apricot',69.2,892);
Insert into CRG222.PRODUCTLINE (PRODUCTNAME,PRICE,PRODUCTLINEID) values ('Beer - Original Organic Lager',317.61,893);
Insert into CRG222.PRODUCTLINE (PRODUCTNAME,PRICE,PRODUCTLINEID) values ('Lamb - Loin, Trimmed, Boneless',324.19,894);
Insert into CRG222.PRODUCTLINE (PRODUCTNAME,PRICE,PRODUCTLINEID) values ('Cream Of Tartar',137.95,895);
Insert into CRG222.PRODUCTLINE (PRODUCTNAME,PRICE,PRODUCTLINEID) values ('Tuna - Canned, Flaked, Light',96.26,896);
Insert into CRG222.PRODUCTLINE (PRODUCTNAME,PRICE,PRODUCTLINEID) values ('Jam - Apricot',123.42,897);
Insert into CRG222.PRODUCTLINE (PRODUCTNAME,PRICE,PRODUCTLINEID) values ('Celery Root',469.09,898);
Insert into CRG222.PRODUCTLINE (PRODUCTNAME,PRICE,PRODUCTLINEID) values ('Jam - Marmalade, Orange',58.33,899);
Insert into CRG222.PRODUCTLINE (PRODUCTNAME,PRICE,PRODUCTLINEID) values ('Extract Vanilla Pure',180.29,900);
Insert into CRG222.PRODUCTLINE (PRODUCTNAME,PRICE,PRODUCTLINEID) values ('Artichoke - Hearts, Canned',104.33,901);
Insert into CRG222.PRODUCTLINE (PRODUCTNAME,PRICE,PRODUCTLINEID) values ('Trout - Rainbow, Frozen',434.32,902);
Insert into CRG222.PRODUCTLINE (PRODUCTNAME,PRICE,PRODUCTLINEID) values ('Ecolab - Hobart Washarm End Cap',175.18,903);
Insert into CRG222.PRODUCTLINE (PRODUCTNAME,PRICE,PRODUCTLINEID) values ('Flower - Carnations',278.6,904);
Insert into CRG222.PRODUCTLINE (PRODUCTNAME,PRICE,PRODUCTLINEID) values ('Chef Hat 20cm',413.47,905);
Insert into CRG222.PRODUCTLINE (PRODUCTNAME,PRICE,PRODUCTLINEID) values ('Cheese - Taleggio D.o.p.',325.65,906);
Insert into CRG222.PRODUCTLINE (PRODUCTNAME,PRICE,PRODUCTLINEID) values ('Beer - Maudite',458.25,907);
Insert into CRG222.PRODUCTLINE (PRODUCTNAME,PRICE,PRODUCTLINEID) values ('Coconut - Shredded, Sweet',206.39,908);
Insert into CRG222.PRODUCTLINE (PRODUCTNAME,PRICE,PRODUCTLINEID) values ('Garam Marsala',135.46,909);
Insert into CRG222.PRODUCTLINE (PRODUCTNAME,PRICE,PRODUCTLINEID) values ('Muffin Batt - Choc Chk',341.54,910);
Insert into CRG222.PRODUCTLINE (PRODUCTNAME,PRICE,PRODUCTLINEID) values ('Wine - Vouvray Cuvee Domaine',320.23,911);
Insert into CRG222.PRODUCTLINE (PRODUCTNAME,PRICE,PRODUCTLINEID) values ('Propel Sport Drink',13.55,912);
Insert into CRG222.PRODUCTLINE (PRODUCTNAME,PRICE,PRODUCTLINEID) values ('Green Tea Refresher',471.72,913);
Insert into CRG222.PRODUCTLINE (PRODUCTNAME,PRICE,PRODUCTLINEID) values ('Flower - Daisies',486.48,914);
Insert into CRG222.PRODUCTLINE (PRODUCTNAME,PRICE,PRODUCTLINEID) values ('Juice - Lime',193.13,915);
Insert into CRG222.PRODUCTLINE (PRODUCTNAME,PRICE,PRODUCTLINEID) values ('Spice - Peppercorn Melange',154.61,916);
Insert into CRG222.PRODUCTLINE (PRODUCTNAME,PRICE,PRODUCTLINEID) values ('Guava',443.44,917);
Insert into CRG222.PRODUCTLINE (PRODUCTNAME,PRICE,PRODUCTLINEID) values ('Pepper - Cubanelle',263.2,918);
Insert into CRG222.PRODUCTLINE (PRODUCTNAME,PRICE,PRODUCTLINEID) values ('Wine - Magnotta - Cab Franc',471.95,919);
Insert into CRG222.PRODUCTLINE (PRODUCTNAME,PRICE,PRODUCTLINEID) values ('Ice Cream Bar - Oreo Cone',75.21,920);
Insert into CRG222.PRODUCTLINE (PRODUCTNAME,PRICE,PRODUCTLINEID) values ('Bar Bran Honey Nut',91.92,921);
Insert into CRG222.PRODUCTLINE (PRODUCTNAME,PRICE,PRODUCTLINEID) values ('Bread Cranberry Foccacia',126.15,922);
Insert into CRG222.PRODUCTLINE (PRODUCTNAME,PRICE,PRODUCTLINEID) values ('Beef - Kobe Striploin',8.2,923);
Insert into CRG222.PRODUCTLINE (PRODUCTNAME,PRICE,PRODUCTLINEID) values ('Food Colouring - Pink',385.95,924);
Insert into CRG222.PRODUCTLINE (PRODUCTNAME,PRICE,PRODUCTLINEID) values ('Water - Perrier',101.07,925);
Insert into CRG222.PRODUCTLINE (PRODUCTNAME,PRICE,PRODUCTLINEID) values ('Plate Foam Laminated 9in Blk',188.77,926);
Insert into CRG222.PRODUCTLINE (PRODUCTNAME,PRICE,PRODUCTLINEID) values ('Urban Zen Drinks',410.28,927);
Insert into CRG222.PRODUCTLINE (PRODUCTNAME,PRICE,PRODUCTLINEID) values ('Rice - Long Grain',349.78,928);
Insert into CRG222.PRODUCTLINE (PRODUCTNAME,PRICE,PRODUCTLINEID) values ('Juice - Apple, 341 Ml',284.64,929);
Insert into CRG222.PRODUCTLINE (PRODUCTNAME,PRICE,PRODUCTLINEID) values ('Apple - Delicious, Red',151.74,930);
Insert into CRG222.PRODUCTLINE (PRODUCTNAME,PRICE,PRODUCTLINEID) values ('Sauce - Roasted Red Pepper',363.15,931);
Insert into CRG222.PRODUCTLINE (PRODUCTNAME,PRICE,PRODUCTLINEID) values ('Wine - Zinfandel California 2002',75.88,932);
Insert into CRG222.PRODUCTLINE (PRODUCTNAME,PRICE,PRODUCTLINEID) values ('Yukon Jack',322.61,933);
Insert into CRG222.PRODUCTLINE (PRODUCTNAME,PRICE,PRODUCTLINEID) values ('Lemonade - Mandarin, 591 Ml',254.44,934);
Insert into CRG222.PRODUCTLINE (PRODUCTNAME,PRICE,PRODUCTLINEID) values ('Crackers - Trio',359.02,935);
Insert into CRG222.PRODUCTLINE (PRODUCTNAME,PRICE,PRODUCTLINEID) values ('Straws - Cocktale',52.13,936);
Insert into CRG222.PRODUCTLINE (PRODUCTNAME,PRICE,PRODUCTLINEID) values ('Rum - Dark, Bacardi, Black',447.22,937);
Insert into CRG222.PRODUCTLINE (PRODUCTNAME,PRICE,PRODUCTLINEID) values ('Trueblue - Blueberry 12x473ml',129.15,938);
Insert into CRG222.PRODUCTLINE (PRODUCTNAME,PRICE,PRODUCTLINEID) values ('Pastry - Baked Scones - Mini',92.51,939);
Insert into CRG222.PRODUCTLINE (PRODUCTNAME,PRICE,PRODUCTLINEID) values ('Wine - Magnotta, Merlot Sr Vqa',124.41,940);
Insert into CRG222.PRODUCTLINE (PRODUCTNAME,PRICE,PRODUCTLINEID) values ('Pasta - Lasagna, Dry',137.4,941);
Insert into CRG222.PRODUCTLINE (PRODUCTNAME,PRICE,PRODUCTLINEID) values ('Parasol Pick Stir Stick',198.17,942);
Insert into CRG222.PRODUCTLINE (PRODUCTNAME,PRICE,PRODUCTLINEID) values ('Muffin Batt - Choc Chk',475.6,943);
Insert into CRG222.PRODUCTLINE (PRODUCTNAME,PRICE,PRODUCTLINEID) values ('Wine - Montecillo Rioja Crianza',22.94,944);
Insert into CRG222.PRODUCTLINE (PRODUCTNAME,PRICE,PRODUCTLINEID) values ('Horseradish - Prepared',321.19,945);
Insert into CRG222.PRODUCTLINE (PRODUCTNAME,PRICE,PRODUCTLINEID) values ('Squid U5 - Thailand',232.74,946);
Insert into CRG222.PRODUCTLINE (PRODUCTNAME,PRICE,PRODUCTLINEID) values ('Lettuce - Red Leaf',449.31,947);
Insert into CRG222.PRODUCTLINE (PRODUCTNAME,PRICE,PRODUCTLINEID) values ('Fireball Whisky',318.07,948);
Insert into CRG222.PRODUCTLINE (PRODUCTNAME,PRICE,PRODUCTLINEID) values ('Bagel - Everything',47.42,949);
Insert into CRG222.PRODUCTLINE (PRODUCTNAME,PRICE,PRODUCTLINEID) values ('Appetizer - Asian Shrimp Roll',236.7,950);
Insert into CRG222.PRODUCTLINE (PRODUCTNAME,PRICE,PRODUCTLINEID) values ('Salmon Atl.whole 8 - 10 Lb',392.07,951);
Insert into CRG222.PRODUCTLINE (PRODUCTNAME,PRICE,PRODUCTLINEID) values ('Jam - Raspberry',112.53,952);
Insert into CRG222.PRODUCTLINE (PRODUCTNAME,PRICE,PRODUCTLINEID) values ('Pepper - Green, Chili',27.16,953);
Insert into CRG222.PRODUCTLINE (PRODUCTNAME,PRICE,PRODUCTLINEID) values ('Ecolab - Solid Fusion',251.02,954);
Insert into CRG222.PRODUCTLINE (PRODUCTNAME,PRICE,PRODUCTLINEID) values ('Pork - Bacon, Double Smoked',341.12,955);
Insert into CRG222.PRODUCTLINE (PRODUCTNAME,PRICE,PRODUCTLINEID) values ('Snapple - Mango Maddness',386.79,956);
Insert into CRG222.PRODUCTLINE (PRODUCTNAME,PRICE,PRODUCTLINEID) values ('Lime Cordial - Roses',140.91,957);
Insert into CRG222.PRODUCTLINE (PRODUCTNAME,PRICE,PRODUCTLINEID) values ('Beef - Bones, Marrow',73.62,958);
Insert into CRG222.PRODUCTLINE (PRODUCTNAME,PRICE,PRODUCTLINEID) values ('Beef - Top Sirloin - Aaa',331.59,959);
Insert into CRG222.PRODUCTLINE (PRODUCTNAME,PRICE,PRODUCTLINEID) values ('Bread - Italian Corn Meal Poly',170.62,960);
Insert into CRG222.PRODUCTLINE (PRODUCTNAME,PRICE,PRODUCTLINEID) values ('Oil - Sesame',40.29,961);
Insert into CRG222.PRODUCTLINE (PRODUCTNAME,PRICE,PRODUCTLINEID) values ('Kale - Red',488.33,962);
Insert into CRG222.PRODUCTLINE (PRODUCTNAME,PRICE,PRODUCTLINEID) values ('Chocolate - Semi Sweet',434.49,963);
Insert into CRG222.PRODUCTLINE (PRODUCTNAME,PRICE,PRODUCTLINEID) values ('Nantucket Orange Juice',166.98,964);
Insert into CRG222.PRODUCTLINE (PRODUCTNAME,PRICE,PRODUCTLINEID) values ('Mix - Cocktail Strawberry Daiquiri',454.31,965);
Insert into CRG222.PRODUCTLINE (PRODUCTNAME,PRICE,PRODUCTLINEID) values ('Napkin - Beverge, White 2 - Ply',421.02,966);
Insert into CRG222.PRODUCTLINE (PRODUCTNAME,PRICE,PRODUCTLINEID) values ('Sauce - Vodka Blush',254.82,967);
Insert into CRG222.PRODUCTLINE (PRODUCTNAME,PRICE,PRODUCTLINEID) values ('Juice - Clam, 46 Oz',128.07,968);
Insert into CRG222.PRODUCTLINE (PRODUCTNAME,PRICE,PRODUCTLINEID) values ('Cinnamon - Stick',423.09,969);
Insert into CRG222.PRODUCTLINE (PRODUCTNAME,PRICE,PRODUCTLINEID) values ('Chocolate - Liqueur Cups With Foil',82.4,970);
Insert into CRG222.PRODUCTLINE (PRODUCTNAME,PRICE,PRODUCTLINEID) values ('Pie Shell - 9',271.73,971);
Insert into CRG222.PRODUCTLINE (PRODUCTNAME,PRICE,PRODUCTLINEID) values ('V8 Pet',134.01,972);
Insert into CRG222.PRODUCTLINE (PRODUCTNAME,PRICE,PRODUCTLINEID) values ('Catfish - Fillets',101.27,973);
Insert into CRG222.PRODUCTLINE (PRODUCTNAME,PRICE,PRODUCTLINEID) values ('Cake Circle, Foil, Scallop',395.13,974);
Insert into CRG222.PRODUCTLINE (PRODUCTNAME,PRICE,PRODUCTLINEID) values ('Thyme - Dried',315.07,975);
Insert into CRG222.PRODUCTLINE (PRODUCTNAME,PRICE,PRODUCTLINEID) values ('Chocolate - Milk Coating',117.57,976);
Insert into CRG222.PRODUCTLINE (PRODUCTNAME,PRICE,PRODUCTLINEID) values ('Beer - Sleemans Cream Ale',173.32,977);
Insert into CRG222.PRODUCTLINE (PRODUCTNAME,PRICE,PRODUCTLINEID) values ('Lettuce - Sea / Sea Asparagus',433.07,978);
Insert into CRG222.PRODUCTLINE (PRODUCTNAME,PRICE,PRODUCTLINEID) values ('Table Cloth 120 Round White',224.49,979);
Insert into CRG222.PRODUCTLINE (PRODUCTNAME,PRICE,PRODUCTLINEID) values ('Bread - Pumpernickel',12.42,980);
Insert into CRG222.PRODUCTLINE (PRODUCTNAME,PRICE,PRODUCTLINEID) values ('Kiwano',155.4,981);
Insert into CRG222.PRODUCTLINE (PRODUCTNAME,PRICE,PRODUCTLINEID) values ('Water - Spring Water 500ml',411.31,982);
Insert into CRG222.PRODUCTLINE (PRODUCTNAME,PRICE,PRODUCTLINEID) values ('Cakes Assorted',188.97,983);
Insert into CRG222.PRODUCTLINE (PRODUCTNAME,PRICE,PRODUCTLINEID) values ('Crab Brie In Phyllo',213.33,984);
Insert into CRG222.PRODUCTLINE (PRODUCTNAME,PRICE,PRODUCTLINEID) values ('Lemonade - Kiwi, 591 Ml',349.63,985);
Insert into CRG222.PRODUCTLINE (PRODUCTNAME,PRICE,PRODUCTLINEID) values ('Wine - Taylors Reserve',85.64,986);
Insert into CRG222.PRODUCTLINE (PRODUCTNAME,PRICE,PRODUCTLINEID) values ('Snapple Half and Half',1.59,987);
Insert into CRG222.PRODUCTLINE (PRODUCTNAME,PRICE,PRODUCTLINEID) values ('Pasta - Penne, Lisce, Dry',461.91,988);
Insert into CRG222.PRODUCTLINE (PRODUCTNAME,PRICE,PRODUCTLINEID) values ('Beets - Mini Golden',249.65,989);
Insert into CRG222.PRODUCTLINE (PRODUCTNAME,PRICE,PRODUCTLINEID) values ('Tuna - Sushi Grade',471.62,990);
Insert into CRG222.PRODUCTLINE (PRODUCTNAME,PRICE,PRODUCTLINEID) values ('Bread - Onion Focaccia',149.82,991);
Insert into CRG222.PRODUCTLINE (PRODUCTNAME,PRICE,PRODUCTLINEID) values ('Couscous',339.11,992);
Insert into CRG222.PRODUCTLINE (PRODUCTNAME,PRICE,PRODUCTLINEID) values ('Curry Powder Madras',453.81,993);
Insert into CRG222.PRODUCTLINE (PRODUCTNAME,PRICE,PRODUCTLINEID) values ('Cheese - Mozzarella, Buffalo',329.91,994);
Insert into CRG222.PRODUCTLINE (PRODUCTNAME,PRICE,PRODUCTLINEID) values ('Lid - 3oz Med Rec',432.78,995);
Insert into CRG222.PRODUCTLINE (PRODUCTNAME,PRICE,PRODUCTLINEID) values ('Tia Maria',111.5,996);
Insert into CRG222.PRODUCTLINE (PRODUCTNAME,PRICE,PRODUCTLINEID) values ('Cheese - La Sauvagine',401.99,997);
Insert into CRG222.PRODUCTLINE (PRODUCTNAME,PRICE,PRODUCTLINEID) values ('Sardines',43.27,998);
Insert into CRG222.PRODUCTLINE (PRODUCTNAME,PRICE,PRODUCTLINEID) values ('Campari',312.54,999);
Insert into CRG222.PRODUCTLINE (PRODUCTNAME,PRICE,PRODUCTLINEID) values ('Chicken - Tenderloin',447.14,1000);
REM INSERTING into CRG222.RECEIVES
SET DEFINE OFF;
Insert into CRG222.RECEIVES (SHIPMENTID,SUPPLIERID,QUANTITY) values (273,null,null);
Insert into CRG222.RECEIVES (SHIPMENTID,SUPPLIERID,QUANTITY) values (942,null,null);
Insert into CRG222.RECEIVES (SHIPMENTID,SUPPLIERID,QUANTITY) values (47,null,null);
Insert into CRG222.RECEIVES (SHIPMENTID,SUPPLIERID,QUANTITY) values (898,null,null);
Insert into CRG222.RECEIVES (SHIPMENTID,SUPPLIERID,QUANTITY) values (255,null,null);
Insert into CRG222.RECEIVES (SHIPMENTID,SUPPLIERID,QUANTITY) values (32,null,null);
Insert into CRG222.RECEIVES (SHIPMENTID,SUPPLIERID,QUANTITY) values (425,null,null);
Insert into CRG222.RECEIVES (SHIPMENTID,SUPPLIERID,QUANTITY) values (637,null,null);
Insert into CRG222.RECEIVES (SHIPMENTID,SUPPLIERID,QUANTITY) values (678,null,null);
Insert into CRG222.RECEIVES (SHIPMENTID,SUPPLIERID,QUANTITY) values (334,null,null);
Insert into CRG222.RECEIVES (SHIPMENTID,SUPPLIERID,QUANTITY) values (350,null,null);
Insert into CRG222.RECEIVES (SHIPMENTID,SUPPLIERID,QUANTITY) values (397,null,null);
Insert into CRG222.RECEIVES (SHIPMENTID,SUPPLIERID,QUANTITY) values (100,null,null);
Insert into CRG222.RECEIVES (SHIPMENTID,SUPPLIERID,QUANTITY) values (749,null,null);
Insert into CRG222.RECEIVES (SHIPMENTID,SUPPLIERID,QUANTITY) values (195,null,null);
Insert into CRG222.RECEIVES (SHIPMENTID,SUPPLIERID,QUANTITY) values (909,null,null);
Insert into CRG222.RECEIVES (SHIPMENTID,SUPPLIERID,QUANTITY) values (664,null,null);
Insert into CRG222.RECEIVES (SHIPMENTID,SUPPLIERID,QUANTITY) values (945,null,null);
Insert into CRG222.RECEIVES (SHIPMENTID,SUPPLIERID,QUANTITY) values (84,null,null);
Insert into CRG222.RECEIVES (SHIPMENTID,SUPPLIERID,QUANTITY) values (616,null,null);
Insert into CRG222.RECEIVES (SHIPMENTID,SUPPLIERID,QUANTITY) values (324,null,null);
Insert into CRG222.RECEIVES (SHIPMENTID,SUPPLIERID,QUANTITY) values (575,null,null);
Insert into CRG222.RECEIVES (SHIPMENTID,SUPPLIERID,QUANTITY) values (474,null,null);
Insert into CRG222.RECEIVES (SHIPMENTID,SUPPLIERID,QUANTITY) values (912,null,null);
Insert into CRG222.RECEIVES (SHIPMENTID,SUPPLIERID,QUANTITY) values (768,null,null);
Insert into CRG222.RECEIVES (SHIPMENTID,SUPPLIERID,QUANTITY) values (154,null,null);
Insert into CRG222.RECEIVES (SHIPMENTID,SUPPLIERID,QUANTITY) values (759,null,null);
Insert into CRG222.RECEIVES (SHIPMENTID,SUPPLIERID,QUANTITY) values (514,null,null);
Insert into CRG222.RECEIVES (SHIPMENTID,SUPPLIERID,QUANTITY) values (222,null,null);
Insert into CRG222.RECEIVES (SHIPMENTID,SUPPLIERID,QUANTITY) values (114,null,null);
Insert into CRG222.RECEIVES (SHIPMENTID,SUPPLIERID,QUANTITY) values (137,null,null);
Insert into CRG222.RECEIVES (SHIPMENTID,SUPPLIERID,QUANTITY) values (715,null,null);
Insert into CRG222.RECEIVES (SHIPMENTID,SUPPLIERID,QUANTITY) values (992,null,null);
Insert into CRG222.RECEIVES (SHIPMENTID,SUPPLIERID,QUANTITY) values (469,null,null);
Insert into CRG222.RECEIVES (SHIPMENTID,SUPPLIERID,QUANTITY) values (573,null,null);
Insert into CRG222.RECEIVES (SHIPMENTID,SUPPLIERID,QUANTITY) values (257,null,null);
Insert into CRG222.RECEIVES (SHIPMENTID,SUPPLIERID,QUANTITY) values (882,null,null);
Insert into CRG222.RECEIVES (SHIPMENTID,SUPPLIERID,QUANTITY) values (740,null,null);
Insert into CRG222.RECEIVES (SHIPMENTID,SUPPLIERID,QUANTITY) values (717,null,null);
Insert into CRG222.RECEIVES (SHIPMENTID,SUPPLIERID,QUANTITY) values (335,null,null);
Insert into CRG222.RECEIVES (SHIPMENTID,SUPPLIERID,QUANTITY) values (184,null,null);
Insert into CRG222.RECEIVES (SHIPMENTID,SUPPLIERID,QUANTITY) values (212,null,null);
Insert into CRG222.RECEIVES (SHIPMENTID,SUPPLIERID,QUANTITY) values (175,null,null);
Insert into CRG222.RECEIVES (SHIPMENTID,SUPPLIERID,QUANTITY) values (25,null,null);
Insert into CRG222.RECEIVES (SHIPMENTID,SUPPLIERID,QUANTITY) values (35,null,null);
Insert into CRG222.RECEIVES (SHIPMENTID,SUPPLIERID,QUANTITY) values (427,null,null);
Insert into CRG222.RECEIVES (SHIPMENTID,SUPPLIERID,QUANTITY) values (984,null,null);
Insert into CRG222.RECEIVES (SHIPMENTID,SUPPLIERID,QUANTITY) values (173,null,null);
Insert into CRG222.RECEIVES (SHIPMENTID,SUPPLIERID,QUANTITY) values (862,null,null);
Insert into CRG222.RECEIVES (SHIPMENTID,SUPPLIERID,QUANTITY) values (253,null,null);
Insert into CRG222.RECEIVES (SHIPMENTID,SUPPLIERID,QUANTITY) values (681,null,null);
Insert into CRG222.RECEIVES (SHIPMENTID,SUPPLIERID,QUANTITY) values (176,null,null);
Insert into CRG222.RECEIVES (SHIPMENTID,SUPPLIERID,QUANTITY) values (557,null,null);
Insert into CRG222.RECEIVES (SHIPMENTID,SUPPLIERID,QUANTITY) values (546,null,null);
Insert into CRG222.RECEIVES (SHIPMENTID,SUPPLIERID,QUANTITY) values (820,null,null);
Insert into CRG222.RECEIVES (SHIPMENTID,SUPPLIERID,QUANTITY) values (887,null,null);
Insert into CRG222.RECEIVES (SHIPMENTID,SUPPLIERID,QUANTITY) values (262,null,null);
Insert into CRG222.RECEIVES (SHIPMENTID,SUPPLIERID,QUANTITY) values (430,null,null);
Insert into CRG222.RECEIVES (SHIPMENTID,SUPPLIERID,QUANTITY) values (246,null,null);
Insert into CRG222.RECEIVES (SHIPMENTID,SUPPLIERID,QUANTITY) values (418,null,null);
Insert into CRG222.RECEIVES (SHIPMENTID,SUPPLIERID,QUANTITY) values (893,null,null);
Insert into CRG222.RECEIVES (SHIPMENTID,SUPPLIERID,QUANTITY) values (6,null,null);
Insert into CRG222.RECEIVES (SHIPMENTID,SUPPLIERID,QUANTITY) values (196,null,null);
Insert into CRG222.RECEIVES (SHIPMENTID,SUPPLIERID,QUANTITY) values (538,null,null);
Insert into CRG222.RECEIVES (SHIPMENTID,SUPPLIERID,QUANTITY) values (504,null,null);
Insert into CRG222.RECEIVES (SHIPMENTID,SUPPLIERID,QUANTITY) values (72,null,null);
Insert into CRG222.RECEIVES (SHIPMENTID,SUPPLIERID,QUANTITY) values (156,null,null);
Insert into CRG222.RECEIVES (SHIPMENTID,SUPPLIERID,QUANTITY) values (712,null,null);
Insert into CRG222.RECEIVES (SHIPMENTID,SUPPLIERID,QUANTITY) values (618,null,null);
Insert into CRG222.RECEIVES (SHIPMENTID,SUPPLIERID,QUANTITY) values (393,null,null);
Insert into CRG222.RECEIVES (SHIPMENTID,SUPPLIERID,QUANTITY) values (445,null,null);
Insert into CRG222.RECEIVES (SHIPMENTID,SUPPLIERID,QUANTITY) values (417,null,null);
Insert into CRG222.RECEIVES (SHIPMENTID,SUPPLIERID,QUANTITY) values (841,null,null);
Insert into CRG222.RECEIVES (SHIPMENTID,SUPPLIERID,QUANTITY) values (298,null,null);
Insert into CRG222.RECEIVES (SHIPMENTID,SUPPLIERID,QUANTITY) values (242,null,null);
Insert into CRG222.RECEIVES (SHIPMENTID,SUPPLIERID,QUANTITY) values (205,null,null);
Insert into CRG222.RECEIVES (SHIPMENTID,SUPPLIERID,QUANTITY) values (654,null,null);
Insert into CRG222.RECEIVES (SHIPMENTID,SUPPLIERID,QUANTITY) values (562,null,null);
Insert into CRG222.RECEIVES (SHIPMENTID,SUPPLIERID,QUANTITY) values (660,null,null);
Insert into CRG222.RECEIVES (SHIPMENTID,SUPPLIERID,QUANTITY) values (781,null,null);
Insert into CRG222.RECEIVES (SHIPMENTID,SUPPLIERID,QUANTITY) values (178,null,null);
Insert into CRG222.RECEIVES (SHIPMENTID,SUPPLIERID,QUANTITY) values (460,null,null);
Insert into CRG222.RECEIVES (SHIPMENTID,SUPPLIERID,QUANTITY) values (738,null,null);
Insert into CRG222.RECEIVES (SHIPMENTID,SUPPLIERID,QUANTITY) values (832,null,null);
Insert into CRG222.RECEIVES (SHIPMENTID,SUPPLIERID,QUANTITY) values (903,null,null);
Insert into CRG222.RECEIVES (SHIPMENTID,SUPPLIERID,QUANTITY) values (803,null,null);
Insert into CRG222.RECEIVES (SHIPMENTID,SUPPLIERID,QUANTITY) values (684,null,null);
Insert into CRG222.RECEIVES (SHIPMENTID,SUPPLIERID,QUANTITY) values (221,null,null);
Insert into CRG222.RECEIVES (SHIPMENTID,SUPPLIERID,QUANTITY) values (884,null,null);
Insert into CRG222.RECEIVES (SHIPMENTID,SUPPLIERID,QUANTITY) values (932,null,null);
Insert into CRG222.RECEIVES (SHIPMENTID,SUPPLIERID,QUANTITY) values (737,null,null);
Insert into CRG222.RECEIVES (SHIPMENTID,SUPPLIERID,QUANTITY) values (141,null,null);
Insert into CRG222.RECEIVES (SHIPMENTID,SUPPLIERID,QUANTITY) values (558,null,null);
Insert into CRG222.RECEIVES (SHIPMENTID,SUPPLIERID,QUANTITY) values (635,null,null);
Insert into CRG222.RECEIVES (SHIPMENTID,SUPPLIERID,QUANTITY) values (370,null,null);
Insert into CRG222.RECEIVES (SHIPMENTID,SUPPLIERID,QUANTITY) values (219,null,null);
Insert into CRG222.RECEIVES (SHIPMENTID,SUPPLIERID,QUANTITY) values (800,null,null);
Insert into CRG222.RECEIVES (SHIPMENTID,SUPPLIERID,QUANTITY) values (473,null,null);
Insert into CRG222.RECEIVES (SHIPMENTID,SUPPLIERID,QUANTITY) values (332,null,null);
Insert into CRG222.RECEIVES (SHIPMENTID,SUPPLIERID,QUANTITY) values (295,null,null);
Insert into CRG222.RECEIVES (SHIPMENTID,SUPPLIERID,QUANTITY) values (961,null,null);
Insert into CRG222.RECEIVES (SHIPMENTID,SUPPLIERID,QUANTITY) values (987,null,null);
Insert into CRG222.RECEIVES (SHIPMENTID,SUPPLIERID,QUANTITY) values (835,null,null);
Insert into CRG222.RECEIVES (SHIPMENTID,SUPPLIERID,QUANTITY) values (574,null,null);
Insert into CRG222.RECEIVES (SHIPMENTID,SUPPLIERID,QUANTITY) values (628,null,null);
Insert into CRG222.RECEIVES (SHIPMENTID,SUPPLIERID,QUANTITY) values (455,null,null);
Insert into CRG222.RECEIVES (SHIPMENTID,SUPPLIERID,QUANTITY) values (587,null,null);
Insert into CRG222.RECEIVES (SHIPMENTID,SUPPLIERID,QUANTITY) values (767,null,null);
Insert into CRG222.RECEIVES (SHIPMENTID,SUPPLIERID,QUANTITY) values (973,null,null);
Insert into CRG222.RECEIVES (SHIPMENTID,SUPPLIERID,QUANTITY) values (842,null,null);
Insert into CRG222.RECEIVES (SHIPMENTID,SUPPLIERID,QUANTITY) values (408,null,null);
Insert into CRG222.RECEIVES (SHIPMENTID,SUPPLIERID,QUANTITY) values (576,null,null);
Insert into CRG222.RECEIVES (SHIPMENTID,SUPPLIERID,QUANTITY) values (405,null,null);
REM INSERTING into CRG222.SHIPMENT
SET DEFINE OFF;
Insert into CRG222.SHIPMENT (SHIPMENTID,UNITPRICE,QUANTITY,SHIPMENTDATE) values (708,24.45,4001,to_date('29-AUG-04','DD-MON-RR'));
Insert into CRG222.SHIPMENT (SHIPMENTID,UNITPRICE,QUANTITY,SHIPMENTDATE) values (712,27.82,2191,to_date('29-FEB-08','DD-MON-RR'));
Insert into CRG222.SHIPMENT (SHIPMENTID,UNITPRICE,QUANTITY,SHIPMENTDATE) values (715,82.7,3583,to_date('06-NOV-14','DD-MON-RR'));
Insert into CRG222.SHIPMENT (SHIPMENTID,UNITPRICE,QUANTITY,SHIPMENTDATE) values (717,89.05,4864,to_date('16-MAY-10','DD-MON-RR'));
Insert into CRG222.SHIPMENT (SHIPMENTID,UNITPRICE,QUANTITY,SHIPMENTDATE) values (723,97.82,294,to_date('15-JUN-07','DD-MON-RR'));
Insert into CRG222.SHIPMENT (SHIPMENTID,UNITPRICE,QUANTITY,SHIPMENTDATE) values (730,12.79,567,to_date('05-FEB-16','DD-MON-RR'));
Insert into CRG222.SHIPMENT (SHIPMENTID,UNITPRICE,QUANTITY,SHIPMENTDATE) values (736,15.4,3939,to_date('28-MAR-17','DD-MON-RR'));
Insert into CRG222.SHIPMENT (SHIPMENTID,UNITPRICE,QUANTITY,SHIPMENTDATE) values (737,93,208,to_date('05-DEC-07','DD-MON-RR'));
Insert into CRG222.SHIPMENT (SHIPMENTID,UNITPRICE,QUANTITY,SHIPMENTDATE) values (738,56.62,2168,to_date('30-MAY-15','DD-MON-RR'));
Insert into CRG222.SHIPMENT (SHIPMENTID,UNITPRICE,QUANTITY,SHIPMENTDATE) values (740,15.04,2066,to_date('19-JAN-11','DD-MON-RR'));
Insert into CRG222.SHIPMENT (SHIPMENTID,UNITPRICE,QUANTITY,SHIPMENTDATE) values (749,61.21,1670,to_date('31-JAN-05','DD-MON-RR'));
Insert into CRG222.SHIPMENT (SHIPMENTID,UNITPRICE,QUANTITY,SHIPMENTDATE) values (759,20.86,3803,to_date('03-JUL-08','DD-MON-RR'));
Insert into CRG222.SHIPMENT (SHIPMENTID,UNITPRICE,QUANTITY,SHIPMENTDATE) values (763,5.01,1854,to_date('14-MAY-06','DD-MON-RR'));
Insert into CRG222.SHIPMENT (SHIPMENTID,UNITPRICE,QUANTITY,SHIPMENTDATE) values (767,42.4,2203,to_date('28-JAN-06','DD-MON-RR'));
Insert into CRG222.SHIPMENT (SHIPMENTID,UNITPRICE,QUANTITY,SHIPMENTDATE) values (768,11.7,1714,to_date('11-NOV-10','DD-MON-RR'));
Insert into CRG222.SHIPMENT (SHIPMENTID,UNITPRICE,QUANTITY,SHIPMENTDATE) values (781,69.13,481,to_date('18-MAY-09','DD-MON-RR'));
Insert into CRG222.SHIPMENT (SHIPMENTID,UNITPRICE,QUANTITY,SHIPMENTDATE) values (792,96.35,729,to_date('19-JUN-07','DD-MON-RR'));
Insert into CRG222.SHIPMENT (SHIPMENTID,UNITPRICE,QUANTITY,SHIPMENTDATE) values (799,12.73,1393,to_date('17-MAR-12','DD-MON-RR'));
Insert into CRG222.SHIPMENT (SHIPMENTID,UNITPRICE,QUANTITY,SHIPMENTDATE) values (800,4.21,2516,to_date('28-MAY-02','DD-MON-RR'));
Insert into CRG222.SHIPMENT (SHIPMENTID,UNITPRICE,QUANTITY,SHIPMENTDATE) values (803,90.75,1198,to_date('08-DEC-17','DD-MON-RR'));
Insert into CRG222.SHIPMENT (SHIPMENTID,UNITPRICE,QUANTITY,SHIPMENTDATE) values (817,54.34,2933,to_date('07-MAR-00','DD-MON-RR'));
Insert into CRG222.SHIPMENT (SHIPMENTID,UNITPRICE,QUANTITY,SHIPMENTDATE) values (820,13.96,3718,to_date('14-NOV-14','DD-MON-RR'));
Insert into CRG222.SHIPMENT (SHIPMENTID,UNITPRICE,QUANTITY,SHIPMENTDATE) values (832,99.66,3121,to_date('01-MAR-14','DD-MON-RR'));
Insert into CRG222.SHIPMENT (SHIPMENTID,UNITPRICE,QUANTITY,SHIPMENTDATE) values (833,98.11,3971,to_date('14-NOV-00','DD-MON-RR'));
Insert into CRG222.SHIPMENT (SHIPMENTID,UNITPRICE,QUANTITY,SHIPMENTDATE) values (835,78.78,4920,to_date('28-AUG-04','DD-MON-RR'));
Insert into CRG222.SHIPMENT (SHIPMENTID,UNITPRICE,QUANTITY,SHIPMENTDATE) values (836,11.61,2170,to_date('29-DEC-10','DD-MON-RR'));
Insert into CRG222.SHIPMENT (SHIPMENTID,UNITPRICE,QUANTITY,SHIPMENTDATE) values (837,78.44,2591,to_date('30-JUL-15','DD-MON-RR'));
Insert into CRG222.SHIPMENT (SHIPMENTID,UNITPRICE,QUANTITY,SHIPMENTDATE) values (841,62.52,3597,to_date('18-AUG-13','DD-MON-RR'));
Insert into CRG222.SHIPMENT (SHIPMENTID,UNITPRICE,QUANTITY,SHIPMENTDATE) values (842,22.89,3024,to_date('06-SEP-13','DD-MON-RR'));
Insert into CRG222.SHIPMENT (SHIPMENTID,UNITPRICE,QUANTITY,SHIPMENTDATE) values (858,66.13,3244,to_date('15-AUG-00','DD-MON-RR'));
Insert into CRG222.SHIPMENT (SHIPMENTID,UNITPRICE,QUANTITY,SHIPMENTDATE) values (861,86.43,2888,to_date('25-OCT-02','DD-MON-RR'));
Insert into CRG222.SHIPMENT (SHIPMENTID,UNITPRICE,QUANTITY,SHIPMENTDATE) values (862,58.33,3610,to_date('08-SEP-09','DD-MON-RR'));
Insert into CRG222.SHIPMENT (SHIPMENTID,UNITPRICE,QUANTITY,SHIPMENTDATE) values (878,54.64,3428,to_date('02-NOV-09','DD-MON-RR'));
Insert into CRG222.SHIPMENT (SHIPMENTID,UNITPRICE,QUANTITY,SHIPMENTDATE) values (882,26.36,2599,to_date('16-AUG-02','DD-MON-RR'));
Insert into CRG222.SHIPMENT (SHIPMENTID,UNITPRICE,QUANTITY,SHIPMENTDATE) values (884,55.8,4983,to_date('27-DEC-03','DD-MON-RR'));
Insert into CRG222.SHIPMENT (SHIPMENTID,UNITPRICE,QUANTITY,SHIPMENTDATE) values (887,35.31,3551,to_date('05-APR-08','DD-MON-RR'));
Insert into CRG222.SHIPMENT (SHIPMENTID,UNITPRICE,QUANTITY,SHIPMENTDATE) values (893,51.4,1669,to_date('08-FEB-12','DD-MON-RR'));
Insert into CRG222.SHIPMENT (SHIPMENTID,UNITPRICE,QUANTITY,SHIPMENTDATE) values (898,84.57,4964,to_date('20-OCT-02','DD-MON-RR'));
Insert into CRG222.SHIPMENT (SHIPMENTID,UNITPRICE,QUANTITY,SHIPMENTDATE) values (900,33.43,1114,to_date('26-DEC-04','DD-MON-RR'));
Insert into CRG222.SHIPMENT (SHIPMENTID,UNITPRICE,QUANTITY,SHIPMENTDATE) values (903,12.88,170,to_date('09-SEP-15','DD-MON-RR'));
Insert into CRG222.SHIPMENT (SHIPMENTID,UNITPRICE,QUANTITY,SHIPMENTDATE) values (908,71.11,3300,to_date('16-JAN-09','DD-MON-RR'));
Insert into CRG222.SHIPMENT (SHIPMENTID,UNITPRICE,QUANTITY,SHIPMENTDATE) values (909,68.39,147,to_date('20-SEP-01','DD-MON-RR'));
Insert into CRG222.SHIPMENT (SHIPMENTID,UNITPRICE,QUANTITY,SHIPMENTDATE) values (911,91.95,4913,to_date('07-MAR-09','DD-MON-RR'));
Insert into CRG222.SHIPMENT (SHIPMENTID,UNITPRICE,QUANTITY,SHIPMENTDATE) values (912,69.69,4613,to_date('24-JUL-01','DD-MON-RR'));
Insert into CRG222.SHIPMENT (SHIPMENTID,UNITPRICE,QUANTITY,SHIPMENTDATE) values (932,75.43,2391,to_date('17-AUG-12','DD-MON-RR'));
Insert into CRG222.SHIPMENT (SHIPMENTID,UNITPRICE,QUANTITY,SHIPMENTDATE) values (942,66.64,3772,to_date('11-JUN-17','DD-MON-RR'));
Insert into CRG222.SHIPMENT (SHIPMENTID,UNITPRICE,QUANTITY,SHIPMENTDATE) values (945,58.21,2399,to_date('24-JUL-00','DD-MON-RR'));
Insert into CRG222.SHIPMENT (SHIPMENTID,UNITPRICE,QUANTITY,SHIPMENTDATE) values (947,83.03,2208,to_date('18-NOV-05','DD-MON-RR'));
Insert into CRG222.SHIPMENT (SHIPMENTID,UNITPRICE,QUANTITY,SHIPMENTDATE) values (961,14.15,1660,to_date('24-SEP-01','DD-MON-RR'));
Insert into CRG222.SHIPMENT (SHIPMENTID,UNITPRICE,QUANTITY,SHIPMENTDATE) values (971,71.58,2691,to_date('15-JUL-12','DD-MON-RR'));
Insert into CRG222.SHIPMENT (SHIPMENTID,UNITPRICE,QUANTITY,SHIPMENTDATE) values (973,7.12,4499,to_date('11-DEC-15','DD-MON-RR'));
Insert into CRG222.SHIPMENT (SHIPMENTID,UNITPRICE,QUANTITY,SHIPMENTDATE) values (975,15.3,726,to_date('16-APR-19','DD-MON-RR'));
Insert into CRG222.SHIPMENT (SHIPMENTID,UNITPRICE,QUANTITY,SHIPMENTDATE) values (977,76.72,1174,to_date('14-MAR-02','DD-MON-RR'));
Insert into CRG222.SHIPMENT (SHIPMENTID,UNITPRICE,QUANTITY,SHIPMENTDATE) values (984,4.59,1161,to_date('14-FEB-13','DD-MON-RR'));
Insert into CRG222.SHIPMENT (SHIPMENTID,UNITPRICE,QUANTITY,SHIPMENTDATE) values (987,3.37,2847,to_date('02-JUL-01','DD-MON-RR'));
Insert into CRG222.SHIPMENT (SHIPMENTID,UNITPRICE,QUANTITY,SHIPMENTDATE) values (990,30.73,3682,to_date('24-JUN-12','DD-MON-RR'));
Insert into CRG222.SHIPMENT (SHIPMENTID,UNITPRICE,QUANTITY,SHIPMENTDATE) values (992,10.01,4780,to_date('28-DEC-18','DD-MON-RR'));
Insert into CRG222.SHIPMENT (SHIPMENTID,UNITPRICE,QUANTITY,SHIPMENTDATE) values (997,60.34,3817,to_date('22-AUG-14','DD-MON-RR'));
Insert into CRG222.SHIPMENT (SHIPMENTID,UNITPRICE,QUANTITY,SHIPMENTDATE) values (1000,34.43,1199,to_date('27-MAR-05','DD-MON-RR'));
Insert into CRG222.SHIPMENT (SHIPMENTID,UNITPRICE,QUANTITY,SHIPMENTDATE) values (323,98.12,2246,to_date('01-JUN-00','DD-MON-RR'));
Insert into CRG222.SHIPMENT (SHIPMENTID,UNITPRICE,QUANTITY,SHIPMENTDATE) values (327,66.25,3075,to_date('27-SEP-05','DD-MON-RR'));
Insert into CRG222.SHIPMENT (SHIPMENTID,UNITPRICE,QUANTITY,SHIPMENTDATE) values (332,61.2,1662,to_date('16-APR-13','DD-MON-RR'));
Insert into CRG222.SHIPMENT (SHIPMENTID,UNITPRICE,QUANTITY,SHIPMENTDATE) values (334,88.18,4582,to_date('03-JUN-18','DD-MON-RR'));
Insert into CRG222.SHIPMENT (SHIPMENTID,UNITPRICE,QUANTITY,SHIPMENTDATE) values (350,58.38,4105,to_date('22-OCT-13','DD-MON-RR'));
Insert into CRG222.SHIPMENT (SHIPMENTID,UNITPRICE,QUANTITY,SHIPMENTDATE) values (463,85.3,3753,to_date('12-AUG-17','DD-MON-RR'));
Insert into CRG222.SHIPMENT (SHIPMENTID,UNITPRICE,QUANTITY,SHIPMENTDATE) values (469,23.66,1433,to_date('31-JAN-15','DD-MON-RR'));
Insert into CRG222.SHIPMENT (SHIPMENTID,UNITPRICE,QUANTITY,SHIPMENTDATE) values (473,17.25,234,to_date('18-MAR-11','DD-MON-RR'));
Insert into CRG222.SHIPMENT (SHIPMENTID,UNITPRICE,QUANTITY,SHIPMENTDATE) values (483,43.94,4191,to_date('21-FEB-02','DD-MON-RR'));
Insert into CRG222.SHIPMENT (SHIPMENTID,UNITPRICE,QUANTITY,SHIPMENTDATE) values (490,17.36,704,to_date('23-JUL-17','DD-MON-RR'));
Insert into CRG222.SHIPMENT (SHIPMENTID,UNITPRICE,QUANTITY,SHIPMENTDATE) values (496,28.25,4952,to_date('08-NOV-07','DD-MON-RR'));
Insert into CRG222.SHIPMENT (SHIPMENTID,UNITPRICE,QUANTITY,SHIPMENTDATE) values (499,18.52,4530,to_date('15-FEB-02','DD-MON-RR'));
Insert into CRG222.SHIPMENT (SHIPMENTID,UNITPRICE,QUANTITY,SHIPMENTDATE) values (504,52.78,792,to_date('22-AUG-03','DD-MON-RR'));
Insert into CRG222.SHIPMENT (SHIPMENTID,UNITPRICE,QUANTITY,SHIPMENTDATE) values (525,26.55,1440,to_date('17-DEC-03','DD-MON-RR'));
Insert into CRG222.SHIPMENT (SHIPMENTID,UNITPRICE,QUANTITY,SHIPMENTDATE) values (528,73.47,2191,to_date('03-JAN-19','DD-MON-RR'));
Insert into CRG222.SHIPMENT (SHIPMENTID,UNITPRICE,QUANTITY,SHIPMENTDATE) values (546,84.23,1248,to_date('02-JUN-18','DD-MON-RR'));
Insert into CRG222.SHIPMENT (SHIPMENTID,UNITPRICE,QUANTITY,SHIPMENTDATE) values (556,10.54,2425,to_date('22-FEB-15','DD-MON-RR'));
Insert into CRG222.SHIPMENT (SHIPMENTID,UNITPRICE,QUANTITY,SHIPMENTDATE) values (558,38.21,2542,to_date('06-MAR-08','DD-MON-RR'));
Insert into CRG222.SHIPMENT (SHIPMENTID,UNITPRICE,QUANTITY,SHIPMENTDATE) values (562,79.52,1918,to_date('19-OCT-00','DD-MON-RR'));
Insert into CRG222.SHIPMENT (SHIPMENTID,UNITPRICE,QUANTITY,SHIPMENTDATE) values (574,16.67,1630,to_date('25-APR-00','DD-MON-RR'));
Insert into CRG222.SHIPMENT (SHIPMENTID,UNITPRICE,QUANTITY,SHIPMENTDATE) values (576,48.66,3800,to_date('13-DEC-09','DD-MON-RR'));
Insert into CRG222.SHIPMENT (SHIPMENTID,UNITPRICE,QUANTITY,SHIPMENTDATE) values (600,38.82,3920,to_date('03-MAR-15','DD-MON-RR'));
Insert into CRG222.SHIPMENT (SHIPMENTID,UNITPRICE,QUANTITY,SHIPMENTDATE) values (648,30.36,134,to_date('12-AUG-07','DD-MON-RR'));
Insert into CRG222.SHIPMENT (SHIPMENTID,UNITPRICE,QUANTITY,SHIPMENTDATE) values (654,69.25,4198,to_date('16-APR-16','DD-MON-RR'));
Insert into CRG222.SHIPMENT (SHIPMENTID,UNITPRICE,QUANTITY,SHIPMENTDATE) values (664,61.57,1361,to_date('30-MAY-13','DD-MON-RR'));
Insert into CRG222.SHIPMENT (SHIPMENTID,UNITPRICE,QUANTITY,SHIPMENTDATE) values (666,58.84,2176,to_date('21-SEP-00','DD-MON-RR'));
Insert into CRG222.SHIPMENT (SHIPMENTID,UNITPRICE,QUANTITY,SHIPMENTDATE) values (678,68.92,1828,to_date('28-NOV-08','DD-MON-RR'));
Insert into CRG222.SHIPMENT (SHIPMENTID,UNITPRICE,QUANTITY,SHIPMENTDATE) values (681,10.61,3096,to_date('26-NOV-04','DD-MON-RR'));
Insert into CRG222.SHIPMENT (SHIPMENTID,UNITPRICE,QUANTITY,SHIPMENTDATE) values (6,19.13,4278,to_date('15-JUN-02','DD-MON-RR'));
Insert into CRG222.SHIPMENT (SHIPMENTID,UNITPRICE,QUANTITY,SHIPMENTDATE) values (7,36.42,391,to_date('02-FEB-16','DD-MON-RR'));
Insert into CRG222.SHIPMENT (SHIPMENTID,UNITPRICE,QUANTITY,SHIPMENTDATE) values (25,34.86,1178,to_date('22-SEP-15','DD-MON-RR'));
Insert into CRG222.SHIPMENT (SHIPMENTID,UNITPRICE,QUANTITY,SHIPMENTDATE) values (32,54.99,4881,to_date('23-FEB-17','DD-MON-RR'));
Insert into CRG222.SHIPMENT (SHIPMENTID,UNITPRICE,QUANTITY,SHIPMENTDATE) values (33,90.12,1184,to_date('11-MAY-14','DD-MON-RR'));
Insert into CRG222.SHIPMENT (SHIPMENTID,UNITPRICE,QUANTITY,SHIPMENTDATE) values (35,34.21,1351,to_date('22-MAY-08','DD-MON-RR'));
Insert into CRG222.SHIPMENT (SHIPMENTID,UNITPRICE,QUANTITY,SHIPMENTDATE) values (47,60.27,3567,to_date('17-APR-07','DD-MON-RR'));
Insert into CRG222.SHIPMENT (SHIPMENTID,UNITPRICE,QUANTITY,SHIPMENTDATE) values (66,64.64,1771,to_date('30-JAN-10','DD-MON-RR'));
Insert into CRG222.SHIPMENT (SHIPMENTID,UNITPRICE,QUANTITY,SHIPMENTDATE) values (70,39.06,896,to_date('29-NOV-08','DD-MON-RR'));
Insert into CRG222.SHIPMENT (SHIPMENTID,UNITPRICE,QUANTITY,SHIPMENTDATE) values (72,40.44,2745,to_date('04-MAR-06','DD-MON-RR'));
Insert into CRG222.SHIPMENT (SHIPMENTID,UNITPRICE,QUANTITY,SHIPMENTDATE) values (84,15.86,4916,to_date('28-AUG-10','DD-MON-RR'));
Insert into CRG222.SHIPMENT (SHIPMENTID,UNITPRICE,QUANTITY,SHIPMENTDATE) values (94,14.31,696,to_date('06-NOV-10','DD-MON-RR'));
Insert into CRG222.SHIPMENT (SHIPMENTID,UNITPRICE,QUANTITY,SHIPMENTDATE) values (98,85.98,2994,to_date('21-MAR-17','DD-MON-RR'));
Insert into CRG222.SHIPMENT (SHIPMENTID,UNITPRICE,QUANTITY,SHIPMENTDATE) values (100,28.25,3924,to_date('30-OCT-00','DD-MON-RR'));
Insert into CRG222.SHIPMENT (SHIPMENTID,UNITPRICE,QUANTITY,SHIPMENTDATE) values (114,54.4,4350,to_date('25-NOV-16','DD-MON-RR'));
Insert into CRG222.SHIPMENT (SHIPMENTID,UNITPRICE,QUANTITY,SHIPMENTDATE) values (118,16.94,4582,to_date('12-NOV-03','DD-MON-RR'));
Insert into CRG222.SHIPMENT (SHIPMENTID,UNITPRICE,QUANTITY,SHIPMENTDATE) values (137,87.71,760,to_date('27-NOV-11','DD-MON-RR'));
Insert into CRG222.SHIPMENT (SHIPMENTID,UNITPRICE,QUANTITY,SHIPMENTDATE) values (141,40.71,4113,to_date('15-AUG-13','DD-MON-RR'));
Insert into CRG222.SHIPMENT (SHIPMENTID,UNITPRICE,QUANTITY,SHIPMENTDATE) values (154,18.52,2913,to_date('28-NOV-11','DD-MON-RR'));
Insert into CRG222.SHIPMENT (SHIPMENTID,UNITPRICE,QUANTITY,SHIPMENTDATE) values (155,65.85,4701,to_date('18-NOV-10','DD-MON-RR'));
Insert into CRG222.SHIPMENT (SHIPMENTID,UNITPRICE,QUANTITY,SHIPMENTDATE) values (156,27.78,1107,to_date('15-AUG-13','DD-MON-RR'));
Insert into CRG222.SHIPMENT (SHIPMENTID,UNITPRICE,QUANTITY,SHIPMENTDATE) values (172,26.69,158,to_date('20-FEB-01','DD-MON-RR'));
Insert into CRG222.SHIPMENT (SHIPMENTID,UNITPRICE,QUANTITY,SHIPMENTDATE) values (173,17.56,3,to_date('22-JUN-13','DD-MON-RR'));
Insert into CRG222.SHIPMENT (SHIPMENTID,UNITPRICE,QUANTITY,SHIPMENTDATE) values (175,0.71,1371,to_date('27-OCT-01','DD-MON-RR'));
Insert into CRG222.SHIPMENT (SHIPMENTID,UNITPRICE,QUANTITY,SHIPMENTDATE) values (176,1.33,2732,to_date('04-JAN-04','DD-MON-RR'));
Insert into CRG222.SHIPMENT (SHIPMENTID,UNITPRICE,QUANTITY,SHIPMENTDATE) values (178,49.15,1166,to_date('14-MAR-06','DD-MON-RR'));
Insert into CRG222.SHIPMENT (SHIPMENTID,UNITPRICE,QUANTITY,SHIPMENTDATE) values (184,25.21,3331,to_date('26-JUN-08','DD-MON-RR'));
Insert into CRG222.SHIPMENT (SHIPMENTID,UNITPRICE,QUANTITY,SHIPMENTDATE) values (190,73.36,4775,to_date('12-MAR-08','DD-MON-RR'));
Insert into CRG222.SHIPMENT (SHIPMENTID,UNITPRICE,QUANTITY,SHIPMENTDATE) values (195,52.52,4319,to_date('16-JUN-01','DD-MON-RR'));
Insert into CRG222.SHIPMENT (SHIPMENTID,UNITPRICE,QUANTITY,SHIPMENTDATE) values (196,85.09,3134,to_date('22-MAY-08','DD-MON-RR'));
Insert into CRG222.SHIPMENT (SHIPMENTID,UNITPRICE,QUANTITY,SHIPMENTDATE) values (204,9.66,232,to_date('11-JUL-04','DD-MON-RR'));
Insert into CRG222.SHIPMENT (SHIPMENTID,UNITPRICE,QUANTITY,SHIPMENTDATE) values (205,58.44,1190,to_date('16-MAR-15','DD-MON-RR'));
Insert into CRG222.SHIPMENT (SHIPMENTID,UNITPRICE,QUANTITY,SHIPMENTDATE) values (212,55.23,4568,to_date('18-APR-05','DD-MON-RR'));
Insert into CRG222.SHIPMENT (SHIPMENTID,UNITPRICE,QUANTITY,SHIPMENTDATE) values (219,34.16,455,to_date('11-OCT-09','DD-MON-RR'));
Insert into CRG222.SHIPMENT (SHIPMENTID,UNITPRICE,QUANTITY,SHIPMENTDATE) values (221,83.57,498,to_date('19-FEB-02','DD-MON-RR'));
Insert into CRG222.SHIPMENT (SHIPMENTID,UNITPRICE,QUANTITY,SHIPMENTDATE) values (222,63.37,2063,to_date('29-OCT-13','DD-MON-RR'));
Insert into CRG222.SHIPMENT (SHIPMENTID,UNITPRICE,QUANTITY,SHIPMENTDATE) values (225,58.57,4979,to_date('12-FEB-02','DD-MON-RR'));
Insert into CRG222.SHIPMENT (SHIPMENTID,UNITPRICE,QUANTITY,SHIPMENTDATE) values (242,47.17,3530,to_date('27-APR-10','DD-MON-RR'));
Insert into CRG222.SHIPMENT (SHIPMENTID,UNITPRICE,QUANTITY,SHIPMENTDATE) values (246,27.19,2056,to_date('21-DEC-17','DD-MON-RR'));
Insert into CRG222.SHIPMENT (SHIPMENTID,UNITPRICE,QUANTITY,SHIPMENTDATE) values (253,57.21,3843,to_date('23-MAR-18','DD-MON-RR'));
Insert into CRG222.SHIPMENT (SHIPMENTID,UNITPRICE,QUANTITY,SHIPMENTDATE) values (255,30.02,4268,to_date('12-FEB-07','DD-MON-RR'));
Insert into CRG222.SHIPMENT (SHIPMENTID,UNITPRICE,QUANTITY,SHIPMENTDATE) values (257,62.25,1868,to_date('16-JUL-16','DD-MON-RR'));
Insert into CRG222.SHIPMENT (SHIPMENTID,UNITPRICE,QUANTITY,SHIPMENTDATE) values (262,26.95,2999,to_date('11-MAY-13','DD-MON-RR'));
Insert into CRG222.SHIPMENT (SHIPMENTID,UNITPRICE,QUANTITY,SHIPMENTDATE) values (273,69.92,3306,to_date('25-DEC-07','DD-MON-RR'));
Insert into CRG222.SHIPMENT (SHIPMENTID,UNITPRICE,QUANTITY,SHIPMENTDATE) values (293,41.9,1525,to_date('18-AUG-05','DD-MON-RR'));
Insert into CRG222.SHIPMENT (SHIPMENTID,UNITPRICE,QUANTITY,SHIPMENTDATE) values (298,11.22,3590,to_date('26-NOV-15','DD-MON-RR'));
Insert into CRG222.SHIPMENT (SHIPMENTID,UNITPRICE,QUANTITY,SHIPMENTDATE) values (303,71.32,994,to_date('21-MAR-13','DD-MON-RR'));
Insert into CRG222.SHIPMENT (SHIPMENTID,UNITPRICE,QUANTITY,SHIPMENTDATE) values (319,41.69,1357,to_date('08-JUN-01','DD-MON-RR'));
Insert into CRG222.SHIPMENT (SHIPMENTID,UNITPRICE,QUANTITY,SHIPMENTDATE) values (324,9.76,4696,to_date('19-JUN-10','DD-MON-RR'));
Insert into CRG222.SHIPMENT (SHIPMENTID,UNITPRICE,QUANTITY,SHIPMENTDATE) values (335,32.4,1782,to_date('28-NOV-16','DD-MON-RR'));
Insert into CRG222.SHIPMENT (SHIPMENTID,UNITPRICE,QUANTITY,SHIPMENTDATE) values (338,77.64,2276,to_date('16-MAR-00','DD-MON-RR'));
Insert into CRG222.SHIPMENT (SHIPMENTID,UNITPRICE,QUANTITY,SHIPMENTDATE) values (340,78.16,3998,to_date('05-NOV-14','DD-MON-RR'));
Insert into CRG222.SHIPMENT (SHIPMENTID,UNITPRICE,QUANTITY,SHIPMENTDATE) values (370,69.85,222,to_date('06-JUN-07','DD-MON-RR'));
Insert into CRG222.SHIPMENT (SHIPMENTID,UNITPRICE,QUANTITY,SHIPMENTDATE) values (381,91.9,4125,to_date('10-AUG-02','DD-MON-RR'));
Insert into CRG222.SHIPMENT (SHIPMENTID,UNITPRICE,QUANTITY,SHIPMENTDATE) values (382,21.71,3423,to_date('12-OCT-01','DD-MON-RR'));
Insert into CRG222.SHIPMENT (SHIPMENTID,UNITPRICE,QUANTITY,SHIPMENTDATE) values (393,30.07,2341,to_date('23-JUN-13','DD-MON-RR'));
Insert into CRG222.SHIPMENT (SHIPMENTID,UNITPRICE,QUANTITY,SHIPMENTDATE) values (397,26.41,1497,to_date('01-MAR-02','DD-MON-RR'));
Insert into CRG222.SHIPMENT (SHIPMENTID,UNITPRICE,QUANTITY,SHIPMENTDATE) values (401,58.58,2328,to_date('12-NOV-08','DD-MON-RR'));
Insert into CRG222.SHIPMENT (SHIPMENTID,UNITPRICE,QUANTITY,SHIPMENTDATE) values (405,29.46,1578,to_date('24-FEB-09','DD-MON-RR'));
Insert into CRG222.SHIPMENT (SHIPMENTID,UNITPRICE,QUANTITY,SHIPMENTDATE) values (408,48.67,988,to_date('23-APR-14','DD-MON-RR'));
Insert into CRG222.SHIPMENT (SHIPMENTID,UNITPRICE,QUANTITY,SHIPMENTDATE) values (417,56.58,3555,to_date('17-NOV-11','DD-MON-RR'));
Insert into CRG222.SHIPMENT (SHIPMENTID,UNITPRICE,QUANTITY,SHIPMENTDATE) values (418,70.32,75,to_date('12-MAR-05','DD-MON-RR'));
Insert into CRG222.SHIPMENT (SHIPMENTID,UNITPRICE,QUANTITY,SHIPMENTDATE) values (425,6.94,2903,to_date('22-NOV-11','DD-MON-RR'));
Insert into CRG222.SHIPMENT (SHIPMENTID,UNITPRICE,QUANTITY,SHIPMENTDATE) values (427,61.73,153,to_date('23-JAN-00','DD-MON-RR'));
Insert into CRG222.SHIPMENT (SHIPMENTID,UNITPRICE,QUANTITY,SHIPMENTDATE) values (430,21.89,3742,to_date('26-AUG-04','DD-MON-RR'));
Insert into CRG222.SHIPMENT (SHIPMENTID,UNITPRICE,QUANTITY,SHIPMENTDATE) values (435,48.91,1730,to_date('14-AUG-06','DD-MON-RR'));
Insert into CRG222.SHIPMENT (SHIPMENTID,UNITPRICE,QUANTITY,SHIPMENTDATE) values (437,37.11,1572,to_date('17-JAN-13','DD-MON-RR'));
Insert into CRG222.SHIPMENT (SHIPMENTID,UNITPRICE,QUANTITY,SHIPMENTDATE) values (445,53.18,2082,to_date('24-APR-05','DD-MON-RR'));
Insert into CRG222.SHIPMENT (SHIPMENTID,UNITPRICE,QUANTITY,SHIPMENTDATE) values (452,10.41,3434,to_date('23-FEB-05','DD-MON-RR'));
Insert into CRG222.SHIPMENT (SHIPMENTID,UNITPRICE,QUANTITY,SHIPMENTDATE) values (455,28.9,349,to_date('20-DEC-15','DD-MON-RR'));
Insert into CRG222.SHIPMENT (SHIPMENTID,UNITPRICE,QUANTITY,SHIPMENTDATE) values (460,44.35,42,to_date('05-JUL-03','DD-MON-RR'));
Insert into CRG222.SHIPMENT (SHIPMENTID,UNITPRICE,QUANTITY,SHIPMENTDATE) values (474,6.58,4472,to_date('10-JUL-18','DD-MON-RR'));
Insert into CRG222.SHIPMENT (SHIPMENTID,UNITPRICE,QUANTITY,SHIPMENTDATE) values (514,56.04,2337,to_date('30-APR-07','DD-MON-RR'));
Insert into CRG222.SHIPMENT (SHIPMENTID,UNITPRICE,QUANTITY,SHIPMENTDATE) values (521,97.9,1367,to_date('21-DEC-11','DD-MON-RR'));
Insert into CRG222.SHIPMENT (SHIPMENTID,UNITPRICE,QUANTITY,SHIPMENTDATE) values (531,17.48,1445,to_date('22-JUN-14','DD-MON-RR'));
Insert into CRG222.SHIPMENT (SHIPMENTID,UNITPRICE,QUANTITY,SHIPMENTDATE) values (538,32.45,1628,to_date('29-JUN-15','DD-MON-RR'));
Insert into CRG222.SHIPMENT (SHIPMENTID,UNITPRICE,QUANTITY,SHIPMENTDATE) values (557,9.06,4656,to_date('04-OCT-13','DD-MON-RR'));
Insert into CRG222.SHIPMENT (SHIPMENTID,UNITPRICE,QUANTITY,SHIPMENTDATE) values (571,17.35,3198,to_date('01-NOV-08','DD-MON-RR'));
Insert into CRG222.SHIPMENT (SHIPMENTID,UNITPRICE,QUANTITY,SHIPMENTDATE) values (573,93,3113,to_date('05-DEC-14','DD-MON-RR'));
Insert into CRG222.SHIPMENT (SHIPMENTID,UNITPRICE,QUANTITY,SHIPMENTDATE) values (575,16.97,668,to_date('18-SEP-06','DD-MON-RR'));
Insert into CRG222.SHIPMENT (SHIPMENTID,UNITPRICE,QUANTITY,SHIPMENTDATE) values (587,83.18,398,to_date('25-JAN-09','DD-MON-RR'));
Insert into CRG222.SHIPMENT (SHIPMENTID,UNITPRICE,QUANTITY,SHIPMENTDATE) values (613,9.29,4466,to_date('20-FEB-17','DD-MON-RR'));
Insert into CRG222.SHIPMENT (SHIPMENTID,UNITPRICE,QUANTITY,SHIPMENTDATE) values (616,99.65,2921,to_date('25-MAY-15','DD-MON-RR'));
Insert into CRG222.SHIPMENT (SHIPMENTID,UNITPRICE,QUANTITY,SHIPMENTDATE) values (618,99.49,979,to_date('24-OCT-01','DD-MON-RR'));
Insert into CRG222.SHIPMENT (SHIPMENTID,UNITPRICE,QUANTITY,SHIPMENTDATE) values (623,92.25,3752,to_date('09-JUL-17','DD-MON-RR'));
Insert into CRG222.SHIPMENT (SHIPMENTID,UNITPRICE,QUANTITY,SHIPMENTDATE) values (628,81.02,489,to_date('17-OCT-18','DD-MON-RR'));
Insert into CRG222.SHIPMENT (SHIPMENTID,UNITPRICE,QUANTITY,SHIPMENTDATE) values (635,94.45,3790,to_date('10-NOV-12','DD-MON-RR'));
Insert into CRG222.SHIPMENT (SHIPMENTID,UNITPRICE,QUANTITY,SHIPMENTDATE) values (637,78.61,1330,to_date('10-AUG-01','DD-MON-RR'));
Insert into CRG222.SHIPMENT (SHIPMENTID,UNITPRICE,QUANTITY,SHIPMENTDATE) values (646,49.82,2463,to_date('18-JUL-06','DD-MON-RR'));
Insert into CRG222.SHIPMENT (SHIPMENTID,UNITPRICE,QUANTITY,SHIPMENTDATE) values (649,2.41,929,to_date('01-FEB-01','DD-MON-RR'));
Insert into CRG222.SHIPMENT (SHIPMENTID,UNITPRICE,QUANTITY,SHIPMENTDATE) values (653,11.4,4808,to_date('28-JAN-00','DD-MON-RR'));
Insert into CRG222.SHIPMENT (SHIPMENTID,UNITPRICE,QUANTITY,SHIPMENTDATE) values (660,13.11,2026,to_date('06-MAR-06','DD-MON-RR'));
Insert into CRG222.SHIPMENT (SHIPMENTID,UNITPRICE,QUANTITY,SHIPMENTDATE) values (684,30.87,1888,to_date('24-AUG-09','DD-MON-RR'));
Insert into CRG222.SHIPMENT (SHIPMENTID,UNITPRICE,QUANTITY,SHIPMENTDATE) values (691,66.6,4501,to_date('10-MAR-03','DD-MON-RR'));
Insert into CRG222.SHIPMENT (SHIPMENTID,UNITPRICE,QUANTITY,SHIPMENTDATE) values (287,0.86,2139,to_date('03-MAR-16','DD-MON-RR'));
Insert into CRG222.SHIPMENT (SHIPMENTID,UNITPRICE,QUANTITY,SHIPMENTDATE) values (295,92.74,859,to_date('25-JUN-07','DD-MON-RR'));
Insert into CRG222.SHIPMENT (SHIPMENTID,UNITPRICE,QUANTITY,SHIPMENTDATE) values (309,14.17,2113,to_date('05-JAN-04','DD-MON-RR'));
REM INSERTING into CRG222.SHIPS
SET DEFINE OFF;
Insert into CRG222.SHIPS (SHIPMENTID,SUPPLIERID) values (800,241);
Insert into CRG222.SHIPS (SHIPMENTID,SUPPLIERID) values (334,924);
Insert into CRG222.SHIPS (SHIPMENTID,SUPPLIERID) values (684,508);
Insert into CRG222.SHIPS (SHIPMENTID,SUPPLIERID) values (430,885);
Insert into CRG222.SHIPS (SHIPMENTID,SUPPLIERID) values (273,46);
Insert into CRG222.SHIPS (SHIPMENTID,SUPPLIERID) values (452,181);
Insert into CRG222.SHIPS (SHIPMENTID,SUPPLIERID) values (190,195);
Insert into CRG222.SHIPS (SHIPMENTID,SUPPLIERID) values (898,904);
Insert into CRG222.SHIPS (SHIPMENTID,SUPPLIERID) values (759,436);
Insert into CRG222.SHIPS (SHIPMENTID,SUPPLIERID) values (628,852);
Insert into CRG222.SHIPS (SHIPMENTID,SUPPLIERID) values (178,561);
Insert into CRG222.SHIPS (SHIPMENTID,SUPPLIERID) values (971,963);
Insert into CRG222.SHIPS (SHIPMENTID,SUPPLIERID) values (303,153);
Insert into CRG222.SHIPS (SHIPMENTID,SUPPLIERID) values (576,882);
Insert into CRG222.SHIPS (SHIPMENTID,SUPPLIERID) values (118,534);
Insert into CRG222.SHIPS (SHIPMENTID,SUPPLIERID) values (417,988);
Insert into CRG222.SHIPS (SHIPMENTID,SUPPLIERID) values (338,560);
Insert into CRG222.SHIPS (SHIPMENTID,SUPPLIERID) values (323,221);
Insert into CRG222.SHIPS (SHIPMENTID,SUPPLIERID) values (666,413);
Insert into CRG222.SHIPS (SHIPMENTID,SUPPLIERID) values (792,955);
Insert into CRG222.SHIPS (SHIPMENTID,SUPPLIERID) values (623,266);
Insert into CRG222.SHIPS (SHIPMENTID,SUPPLIERID) values (35,730);
Insert into CRG222.SHIPS (SHIPMENTID,SUPPLIERID) values (841,765);
Insert into CRG222.SHIPS (SHIPMENTID,SUPPLIERID) values (575,311);
Insert into CRG222.SHIPS (SHIPMENTID,SUPPLIERID) values (309,64);
Insert into CRG222.SHIPS (SHIPMENTID,SUPPLIERID) values (573,597);
Insert into CRG222.SHIPS (SHIPMENTID,SUPPLIERID) values (257,986);
Insert into CRG222.SHIPS (SHIPMENTID,SUPPLIERID) values (173,499);
Insert into CRG222.SHIPS (SHIPMENTID,SUPPLIERID) values (654,416);
Insert into CRG222.SHIPS (SHIPMENTID,SUPPLIERID) values (842,633);
Insert into CRG222.SHIPS (SHIPMENTID,SUPPLIERID) values (558,947);
Insert into CRG222.SHIPS (SHIPMENTID,SUPPLIERID) values (25,222);
Insert into CRG222.SHIPS (SHIPMENTID,SUPPLIERID) values (525,127);
Insert into CRG222.SHIPS (SHIPMENTID,SUPPLIERID) values (900,987);
Insert into CRG222.SHIPS (SHIPMENTID,SUPPLIERID) values (961,585);
Insert into CRG222.SHIPS (SHIPMENTID,SUPPLIERID) values (767,233);
Insert into CRG222.SHIPS (SHIPMENTID,SUPPLIERID) values (909,523);
Insert into CRG222.SHIPS (SHIPMENTID,SUPPLIERID) values (98,36);
Insert into CRG222.SHIPS (SHIPMENTID,SUPPLIERID) values (749,505);
Insert into CRG222.SHIPS (SHIPMENTID,SUPPLIERID) values (205,545);
Insert into CRG222.SHIPS (SHIPMENTID,SUPPLIERID) values (653,818);
Insert into CRG222.SHIPS (SHIPMENTID,SUPPLIERID) values (975,632);
Insert into CRG222.SHIPS (SHIPMENTID,SUPPLIERID) values (418,413);
Insert into CRG222.SHIPS (SHIPMENTID,SUPPLIERID) values (887,876);
Insert into CRG222.SHIPS (SHIPMENTID,SUPPLIERID) values (327,912);
Insert into CRG222.SHIPS (SHIPMENTID,SUPPLIERID) values (737,433);
Insert into CRG222.SHIPS (SHIPMENTID,SUPPLIERID) values (861,489);
Insert into CRG222.SHIPS (SHIPMENTID,SUPPLIERID) values (335,730);
Insert into CRG222.SHIPS (SHIPMENTID,SUPPLIERID) values (397,618);
Insert into CRG222.SHIPS (SHIPMENTID,SUPPLIERID) values (803,605);
Insert into CRG222.SHIPS (SHIPMENTID,SUPPLIERID) values (255,801);
Insert into CRG222.SHIPS (SHIPMENTID,SUPPLIERID) values (496,575);
Insert into CRG222.SHIPS (SHIPMENTID,SUPPLIERID) values (562,134);
Insert into CRG222.SHIPS (SHIPMENTID,SUPPLIERID) values (381,699);
Insert into CRG222.SHIPS (SHIPMENTID,SUPPLIERID) values (613,912);
Insert into CRG222.SHIPS (SHIPMENTID,SUPPLIERID) values (973,521);
Insert into CRG222.SHIPS (SHIPMENTID,SUPPLIERID) values (1000,727);
Insert into CRG222.SHIPS (SHIPMENTID,SUPPLIERID) values (740,152);
Insert into CRG222.SHIPS (SHIPMENTID,SUPPLIERID) values (990,237);
Insert into CRG222.SHIPS (SHIPMENTID,SUPPLIERID) values (221,533);
Insert into CRG222.SHIPS (SHIPMENTID,SUPPLIERID) values (324,400);
Insert into CRG222.SHIPS (SHIPMENTID,SUPPLIERID) values (587,117);
Insert into CRG222.SHIPS (SHIPMENTID,SUPPLIERID) values (681,704);
Insert into CRG222.SHIPS (SHIPMENTID,SUPPLIERID) values (908,239);
Insert into CRG222.SHIPS (SHIPMENTID,SUPPLIERID) values (196,884);
Insert into CRG222.SHIPS (SHIPMENTID,SUPPLIERID) values (463,119);
Insert into CRG222.SHIPS (SHIPMENTID,SUPPLIERID) values (176,298);
Insert into CRG222.SHIPS (SHIPMENTID,SUPPLIERID) values (370,994);
Insert into CRG222.SHIPS (SHIPMENTID,SUPPLIERID) values (84,314);
Insert into CRG222.SHIPS (SHIPMENTID,SUPPLIERID) values (242,491);
Insert into CRG222.SHIPS (SHIPMENTID,SUPPLIERID) values (504,248);
Insert into CRG222.SHIPS (SHIPMENTID,SUPPLIERID) values (882,996);
Insert into CRG222.SHIPS (SHIPMENTID,SUPPLIERID) values (195,453);
Insert into CRG222.SHIPS (SHIPMENTID,SUPPLIERID) values (295,961);
Insert into CRG222.SHIPS (SHIPMENTID,SUPPLIERID) values (319,868);
Insert into CRG222.SHIPS (SHIPMENTID,SUPPLIERID) values (287,79);
Insert into CRG222.SHIPS (SHIPMENTID,SUPPLIERID) values (730,138);
Insert into CRG222.SHIPS (SHIPMENTID,SUPPLIERID) values (835,616);
Insert into CRG222.SHIPS (SHIPMENTID,SUPPLIERID) values (435,488);
Insert into CRG222.SHIPS (SHIPMENTID,SUPPLIERID) values (172,905);
Insert into CRG222.SHIPS (SHIPMENTID,SUPPLIERID) values (723,401);
Insert into CRG222.SHIPS (SHIPMENTID,SUPPLIERID) values (499,841);
Insert into CRG222.SHIPS (SHIPMENTID,SUPPLIERID) values (114,354);
Insert into CRG222.SHIPS (SHIPMENTID,SUPPLIERID) values (884,301);
Insert into CRG222.SHIPS (SHIPMENTID,SUPPLIERID) values (717,692);
Insert into CRG222.SHIPS (SHIPMENTID,SUPPLIERID) values (32,786);
Insert into CRG222.SHIPS (SHIPMENTID,SUPPLIERID) values (736,124);
Insert into CRG222.SHIPS (SHIPMENTID,SUPPLIERID) values (154,948);
Insert into CRG222.SHIPS (SHIPMENTID,SUPPLIERID) values (763,307);
Insert into CRG222.SHIPS (SHIPMENTID,SUPPLIERID) values (893,428);
Insert into CRG222.SHIPS (SHIPMENTID,SUPPLIERID) values (531,916);
Insert into CRG222.SHIPS (SHIPMENTID,SUPPLIERID) values (987,271);
Insert into CRG222.SHIPS (SHIPMENTID,SUPPLIERID) values (618,65);
Insert into CRG222.SHIPS (SHIPMENTID,SUPPLIERID) values (293,194);
Insert into CRG222.SHIPS (SHIPMENTID,SUPPLIERID) values (225,227);
Insert into CRG222.SHIPS (SHIPMENTID,SUPPLIERID) values (600,572);
Insert into CRG222.SHIPS (SHIPMENTID,SUPPLIERID) values (862,295);
Insert into CRG222.SHIPS (SHIPMENTID,SUPPLIERID) values (137,835);
Insert into CRG222.SHIPS (SHIPMENTID,SUPPLIERID) values (100,217);
Insert into CRG222.SHIPS (SHIPMENTID,SUPPLIERID) values (837,376);
Insert into CRG222.SHIPS (SHIPMENTID,SUPPLIERID) values (445,527);
Insert into CRG222.SHIPS (SHIPMENTID,SUPPLIERID) values (538,545);
Insert into CRG222.SHIPS (SHIPMENTID,SUPPLIERID) values (473,649);
Insert into CRG222.SHIPS (SHIPMENTID,SUPPLIERID) values (942,847);
Insert into CRG222.SHIPS (SHIPMENTID,SUPPLIERID) values (903,844);
Insert into CRG222.SHIPS (SHIPMENTID,SUPPLIERID) values (637,856);
Insert into CRG222.SHIPS (SHIPMENTID,SUPPLIERID) values (817,428);
Insert into CRG222.SHIPS (SHIPMENTID,SUPPLIERID) values (141,307);
Insert into CRG222.SHIPS (SHIPMENTID,SUPPLIERID) values (945,720);
Insert into CRG222.SHIPS (SHIPMENTID,SUPPLIERID) values (528,417);
Insert into CRG222.SHIPS (SHIPMENTID,SUPPLIERID) values (298,642);
Insert into CRG222.SHIPS (SHIPMENTID,SUPPLIERID) values (712,779);
Insert into CRG222.SHIPS (SHIPMENTID,SUPPLIERID) values (833,538);
Insert into CRG222.SHIPS (SHIPMENTID,SUPPLIERID) values (715,810);
Insert into CRG222.SHIPS (SHIPMENTID,SUPPLIERID) values (738,653);
Insert into CRG222.SHIPS (SHIPMENTID,SUPPLIERID) values (799,705);
Insert into CRG222.SHIPS (SHIPMENTID,SUPPLIERID) values (878,419);
Insert into CRG222.SHIPS (SHIPMENTID,SUPPLIERID) values (455,370);
Insert into CRG222.SHIPS (SHIPMENTID,SUPPLIERID) values (253,191);
Insert into CRG222.SHIPS (SHIPMENTID,SUPPLIERID) values (911,835);
Insert into CRG222.SHIPS (SHIPMENTID,SUPPLIERID) values (469,573);
Insert into CRG222.SHIPS (SHIPMENTID,SUPPLIERID) values (660,71);
REM INSERTING into CRG222.SUPPLIER
SET DEFINE OFF;
Insert into CRG222.SUPPLIER (SUPPLIERID,SUPPLIERNAME,STREETNUMBER,STREETNAME,CITY,STATE,ZIPCODE) values (904,'Bauch and Sons',3,'Garrison','Hyattsville','Maryland',20784);
Insert into CRG222.SUPPLIER (SUPPLIERID,SUPPLIERNAME,STREETNUMBER,STREETNAME,CITY,STATE,ZIPCODE) values (905,'Thiel, Kunze and DuBuque',4,'Manley','Charleston','West Virginia',25331);
Insert into CRG222.SUPPLIER (SUPPLIERID,SUPPLIERNAME,STREETNUMBER,STREETNAME,CITY,STATE,ZIPCODE) values (912,'Walsh-Romaguera',41092,'Sugar','Tulsa','Oklahoma',74149);
Insert into CRG222.SUPPLIER (SUPPLIERID,SUPPLIERNAME,STREETNUMBER,STREETNAME,CITY,STATE,ZIPCODE) values (916,'Leannon, Feil and Schuppe',4,'Bobwhite','Birmingham','Alabama',35231);
Insert into CRG222.SUPPLIER (SUPPLIERID,SUPPLIERNAME,STREETNUMBER,STREETNAME,CITY,STATE,ZIPCODE) values (924,'Ernser, MacGyver and Berge',7,'Morningstar','Modesto','California',95397);
Insert into CRG222.SUPPLIER (SUPPLIERID,SUPPLIERNAME,STREETNUMBER,STREETNAME,CITY,STATE,ZIPCODE) values (947,'Okuneva Inc',4,'Caliangt','Tacoma','Washington',98424);
Insert into CRG222.SUPPLIER (SUPPLIERID,SUPPLIERNAME,STREETNUMBER,STREETNAME,CITY,STATE,ZIPCODE) values (948,'Ratke, Waters and Marvin',286,'Swallow','El Paso','Texas',79928);
Insert into CRG222.SUPPLIER (SUPPLIERID,SUPPLIERNAME,STREETNUMBER,STREETNAME,CITY,STATE,ZIPCODE) values (955,'Hettinger, Crona and Koelpin',82,'Morning','Glendale','California',91210);
Insert into CRG222.SUPPLIER (SUPPLIERID,SUPPLIERNAME,STREETNUMBER,STREETNAME,CITY,STATE,ZIPCODE) values (961,'Bartell-Gleichner',89825,'Atwood','Harrisburg','Pennsylvania',17105);
Insert into CRG222.SUPPLIER (SUPPLIERID,SUPPLIERNAME,STREETNUMBER,STREETNAME,CITY,STATE,ZIPCODE) values (963,'Hackett-Hermiston',693,'Mallard','Huntsville','Texas',77343);
Insert into CRG222.SUPPLIER (SUPPLIERID,SUPPLIERNAME,STREETNUMBER,STREETNAME,CITY,STATE,ZIPCODE) values (986,'Reichert, Gibson and Witting',6,'Fisk','Virginia Beach','Virginia',23471);
Insert into CRG222.SUPPLIER (SUPPLIERID,SUPPLIERNAME,STREETNUMBER,STREETNAME,CITY,STATE,ZIPCODE) values (987,'Willms, Adams and Blanda',562,'Summer Ridge','El Paso','Texas',88525);
Insert into CRG222.SUPPLIER (SUPPLIERID,SUPPLIERNAME,STREETNUMBER,STREETNAME,CITY,STATE,ZIPCODE) values (988,'Lowe-Fisher',72015,'Weeping Birch','Tallahassee','Florida',32399);
Insert into CRG222.SUPPLIER (SUPPLIERID,SUPPLIERNAME,STREETNUMBER,STREETNAME,CITY,STATE,ZIPCODE) values (994,'Hickle, Wilderman and Swift',1,'Manley','Littleton','Colorado',80127);
Insert into CRG222.SUPPLIER (SUPPLIERID,SUPPLIERNAME,STREETNUMBER,STREETNAME,CITY,STATE,ZIPCODE) values (996,'Prohaska LLC',42,'Jana','Burbank','California',91505);
Insert into CRG222.SUPPLIER (SUPPLIERID,SUPPLIERNAME,STREETNUMBER,STREETNAME,CITY,STATE,ZIPCODE) values (36,'Ziemann-Becker',40,'Schlimgen','Amarillo','Texas',79176);
Insert into CRG222.SUPPLIER (SUPPLIERID,SUPPLIERNAME,STREETNUMBER,STREETNAME,CITY,STATE,ZIPCODE) values (46,'Senger-Veum',35,'Homewood','Chicago','Illinois',60630);
Insert into CRG222.SUPPLIER (SUPPLIERID,SUPPLIERNAME,STREETNUMBER,STREETNAME,CITY,STATE,ZIPCODE) values (64,'Predovic-Bauch',36333,'Jenna','New York City','New York',10280);
Insert into CRG222.SUPPLIER (SUPPLIERID,SUPPLIERNAME,STREETNUMBER,STREETNAME,CITY,STATE,ZIPCODE) values (65,'Nader-Harber',3,'Barnett','Fresno','California',93726);
Insert into CRG222.SUPPLIER (SUPPLIERID,SUPPLIERNAME,STREETNUMBER,STREETNAME,CITY,STATE,ZIPCODE) values (71,'Herman and Sons',1709,'Hintze','Dallas','Texas',75277);
Insert into CRG222.SUPPLIER (SUPPLIERID,SUPPLIERNAME,STREETNUMBER,STREETNAME,CITY,STATE,ZIPCODE) values (79,'Kutch Inc',880,'Mallard','Tampa','Florida',33673);
Insert into CRG222.SUPPLIER (SUPPLIERID,SUPPLIERNAME,STREETNUMBER,STREETNAME,CITY,STATE,ZIPCODE) values (117,'Gislason, McLaughlin and Streich',57,'Mayer','Orange','California',92862);
Insert into CRG222.SUPPLIER (SUPPLIERID,SUPPLIERNAME,STREETNUMBER,STREETNAME,CITY,STATE,ZIPCODE) values (119,'Stracke-Feeney',3448,'Gerald','West Palm Beach','Florida',33416);
Insert into CRG222.SUPPLIER (SUPPLIERID,SUPPLIERNAME,STREETNUMBER,STREETNAME,CITY,STATE,ZIPCODE) values (124,'Parker Inc',75,'Killdeer','Saint Paul','Minnesota',55172);
Insert into CRG222.SUPPLIER (SUPPLIERID,SUPPLIERNAME,STREETNUMBER,STREETNAME,CITY,STATE,ZIPCODE) values (127,'Rau, Green and Hermiston',343,'Mayer','Santa Monica','California',90410);
Insert into CRG222.SUPPLIER (SUPPLIERID,SUPPLIERNAME,STREETNUMBER,STREETNAME,CITY,STATE,ZIPCODE) values (134,'Considine LLC',604,'Hanson','Virginia Beach','Virginia',23464);
Insert into CRG222.SUPPLIER (SUPPLIERID,SUPPLIERNAME,STREETNUMBER,STREETNAME,CITY,STATE,ZIPCODE) values (138,'MacGyver-Strosin',96992,'Eliot','Amarillo','Texas',79176);
Insert into CRG222.SUPPLIER (SUPPLIERID,SUPPLIERNAME,STREETNUMBER,STREETNAME,CITY,STATE,ZIPCODE) values (152,'Rodriguez Inc',83,'Golf Course','Baltimore','Maryland',21290);
Insert into CRG222.SUPPLIER (SUPPLIERID,SUPPLIERNAME,STREETNUMBER,STREETNAME,CITY,STATE,ZIPCODE) values (153,'Harris-Lind',9,'Spohn','Trenton','New Jersey',8608);
Insert into CRG222.SUPPLIER (SUPPLIERID,SUPPLIERNAME,STREETNUMBER,STREETNAME,CITY,STATE,ZIPCODE) values (181,'Luettgen and Sons',7,'Susan','Akron','Ohio',44321);
Insert into CRG222.SUPPLIER (SUPPLIERID,SUPPLIERNAME,STREETNUMBER,STREETNAME,CITY,STATE,ZIPCODE) values (191,'Gibson Inc',1870,'Becker','Seattle','Washington',98133);
Insert into CRG222.SUPPLIER (SUPPLIERID,SUPPLIERNAME,STREETNUMBER,STREETNAME,CITY,STATE,ZIPCODE) values (194,'McCullough LLC',64,'Eliot','Albany','New York',12210);
Insert into CRG222.SUPPLIER (SUPPLIERID,SUPPLIERNAME,STREETNUMBER,STREETNAME,CITY,STATE,ZIPCODE) values (195,'West-Homenick',54405,'Badeau','Detroit','Michigan',48295);
Insert into CRG222.SUPPLIER (SUPPLIERID,SUPPLIERNAME,STREETNUMBER,STREETNAME,CITY,STATE,ZIPCODE) values (217,'Roberts Group',2,'Cherokee','Garden Grove','California',92645);
Insert into CRG222.SUPPLIER (SUPPLIERID,SUPPLIERNAME,STREETNUMBER,STREETNAME,CITY,STATE,ZIPCODE) values (221,'Walker-Roob',1823,'Mariners Cove','San Antonio','Texas',78230);
Insert into CRG222.SUPPLIER (SUPPLIERID,SUPPLIERNAME,STREETNUMBER,STREETNAME,CITY,STATE,ZIPCODE) values (222,'Lockman, Bruen and Boyle',8,'Acker','Boston','Massachusetts',2119);
Insert into CRG222.SUPPLIER (SUPPLIERID,SUPPLIERNAME,STREETNUMBER,STREETNAME,CITY,STATE,ZIPCODE) values (227,'Mertz-Romaguera',531,'Southridge','San Diego','California',92191);
Insert into CRG222.SUPPLIER (SUPPLIERID,SUPPLIERNAME,STREETNUMBER,STREETNAME,CITY,STATE,ZIPCODE) values (233,'Mann-Reynolds',11229,'Dexter','Buffalo','New York',14263);
Insert into CRG222.SUPPLIER (SUPPLIERID,SUPPLIERNAME,STREETNUMBER,STREETNAME,CITY,STATE,ZIPCODE) values (237,'Upton-Donnelly',6,'Ronald Regan','Dallas','Texas',75205);
Insert into CRG222.SUPPLIER (SUPPLIERID,SUPPLIERNAME,STREETNUMBER,STREETNAME,CITY,STATE,ZIPCODE) values (239,'Stark, Funk and Lubowitz',2298,'Veith','Minneapolis','Minnesota',55480);
Insert into CRG222.SUPPLIER (SUPPLIERID,SUPPLIERNAME,STREETNUMBER,STREETNAME,CITY,STATE,ZIPCODE) values (241,'Schuster-Wuckert',14443,'Barnett','Jamaica','New York',11499);
Insert into CRG222.SUPPLIER (SUPPLIERID,SUPPLIERNAME,STREETNUMBER,STREETNAME,CITY,STATE,ZIPCODE) values (248,'Dooley-Hermann',88,'Ilene','Topeka','Kansas',66606);
Insert into CRG222.SUPPLIER (SUPPLIERID,SUPPLIERNAME,STREETNUMBER,STREETNAME,CITY,STATE,ZIPCODE) values (266,'Ruecker-Russel',47408,'Derek','Atlanta','Georgia',30392);
Insert into CRG222.SUPPLIER (SUPPLIERID,SUPPLIERNAME,STREETNUMBER,STREETNAME,CITY,STATE,ZIPCODE) values (271,'Shanahan and Sons',8952,'Dixon','Plano','Texas',75074);
Insert into CRG222.SUPPLIER (SUPPLIERID,SUPPLIERNAME,STREETNUMBER,STREETNAME,CITY,STATE,ZIPCODE) values (295,'Upton, Larson and Oberbrunner',10,'Green Ridge','Los Angeles','California',90065);
Insert into CRG222.SUPPLIER (SUPPLIERID,SUPPLIERNAME,STREETNUMBER,STREETNAME,CITY,STATE,ZIPCODE) values (298,'McClure, Harris and Emmerich',112,'Myrtle','San Francisco','California',94159);
Insert into CRG222.SUPPLIER (SUPPLIERID,SUPPLIERNAME,STREETNUMBER,STREETNAME,CITY,STATE,ZIPCODE) values (301,'Hessel-Marquardt',64,'Delladonna','Saint Louis','Missouri',63196);
Insert into CRG222.SUPPLIER (SUPPLIERID,SUPPLIERNAME,STREETNUMBER,STREETNAME,CITY,STATE,ZIPCODE) values (307,'Grimes Group',643,'Roxbury','Houston','Texas',77020);
Insert into CRG222.SUPPLIER (SUPPLIERID,SUPPLIERNAME,STREETNUMBER,STREETNAME,CITY,STATE,ZIPCODE) values (311,'Bailey, Lind and Mann',20,'Maryland','Wilmington','Delaware',19886);
Insert into CRG222.SUPPLIER (SUPPLIERID,SUPPLIERNAME,STREETNUMBER,STREETNAME,CITY,STATE,ZIPCODE) values (314,'Fritsch Inc',2,'Tony','New York City','New York',10125);
Insert into CRG222.SUPPLIER (SUPPLIERID,SUPPLIERNAME,STREETNUMBER,STREETNAME,CITY,STATE,ZIPCODE) values (354,'Rohan-Collins',73,'Hayes','Columbus','Ohio',43204);
Insert into CRG222.SUPPLIER (SUPPLIERID,SUPPLIERNAME,STREETNUMBER,STREETNAME,CITY,STATE,ZIPCODE) values (370,'Kutch-Ernser',6198,'Scoville','Wilmington','Delaware',19805);
Insert into CRG222.SUPPLIER (SUPPLIERID,SUPPLIERNAME,STREETNUMBER,STREETNAME,CITY,STATE,ZIPCODE) values (376,'Legros, Treutel and Marquardt',4862,'Arizona','Madison','Wisconsin',53726);
Insert into CRG222.SUPPLIER (SUPPLIERID,SUPPLIERNAME,STREETNUMBER,STREETNAME,CITY,STATE,ZIPCODE) values (400,'Kilback, Powlowski and Purdy',6767,'Waxwing','Scranton','Pennsylvania',18505);
Insert into CRG222.SUPPLIER (SUPPLIERID,SUPPLIERNAME,STREETNUMBER,STREETNAME,CITY,STATE,ZIPCODE) values (401,'Hintz, Simonis and Rohan',462,'Sunbrook','Jacksonville','Florida',32204);
Insert into CRG222.SUPPLIER (SUPPLIERID,SUPPLIERNAME,STREETNUMBER,STREETNAME,CITY,STATE,ZIPCODE) values (413,'Rice Group',6,'Monica','Lexington','Kentucky',40505);
Insert into CRG222.SUPPLIER (SUPPLIERID,SUPPLIERNAME,STREETNUMBER,STREETNAME,CITY,STATE,ZIPCODE) values (416,'Boyer LLC',65503,'Stuart','Columbus','Georgia',31904);
Insert into CRG222.SUPPLIER (SUPPLIERID,SUPPLIERNAME,STREETNUMBER,STREETNAME,CITY,STATE,ZIPCODE) values (417,'Stanton-Boehm',40,'Dunning','Omaha','Nebraska',68197);
Insert into CRG222.SUPPLIER (SUPPLIERID,SUPPLIERNAME,STREETNUMBER,STREETNAME,CITY,STATE,ZIPCODE) values (419,'Schneider Group',4804,'Myrtle','San Jose','California',95128);
Insert into CRG222.SUPPLIER (SUPPLIERID,SUPPLIERNAME,STREETNUMBER,STREETNAME,CITY,STATE,ZIPCODE) values (428,'Reichert-Bartell',8,'Larry','Lake Worth','Florida',33462);
Insert into CRG222.SUPPLIER (SUPPLIERID,SUPPLIERNAME,STREETNUMBER,STREETNAME,CITY,STATE,ZIPCODE) values (433,'Heathcote, Quigley and Walter',7642,'Havey','Atlanta','Georgia',30392);
Insert into CRG222.SUPPLIER (SUPPLIERID,SUPPLIERNAME,STREETNUMBER,STREETNAME,CITY,STATE,ZIPCODE) values (436,'Vandervort-Larkin',34,'Village Green','Cleveland','Ohio',44111);
Insert into CRG222.SUPPLIER (SUPPLIERID,SUPPLIERNAME,STREETNUMBER,STREETNAME,CITY,STATE,ZIPCODE) values (453,'Gaylord-Koepp',98,'Arapahoe','Salt Lake City','Utah',84105);
Insert into CRG222.SUPPLIER (SUPPLIERID,SUPPLIERNAME,STREETNUMBER,STREETNAME,CITY,STATE,ZIPCODE) values (488,'Walker-Bechtelar',7,'Drewry','Torrance','California',90510);
Insert into CRG222.SUPPLIER (SUPPLIERID,SUPPLIERNAME,STREETNUMBER,STREETNAME,CITY,STATE,ZIPCODE) values (489,'Turcotte-Bruen',4,'American Ash','Omaha','Nebraska',68197);
Insert into CRG222.SUPPLIER (SUPPLIERID,SUPPLIERNAME,STREETNUMBER,STREETNAME,CITY,STATE,ZIPCODE) values (491,'Gutkowski-Abbott',990,'Walton','Arlington','Virginia',22234);
Insert into CRG222.SUPPLIER (SUPPLIERID,SUPPLIERNAME,STREETNUMBER,STREETNAME,CITY,STATE,ZIPCODE) values (499,'Mosciski-Mante',74,'Longview','Huntington','West Virginia',25721);
Insert into CRG222.SUPPLIER (SUPPLIERID,SUPPLIERNAME,STREETNUMBER,STREETNAME,CITY,STATE,ZIPCODE) values (505,'Stroman-McGlynn',788,'Shelley','El Paso','Texas',79989);
Insert into CRG222.SUPPLIER (SUPPLIERID,SUPPLIERNAME,STREETNUMBER,STREETNAME,CITY,STATE,ZIPCODE) values (508,'Grant-Bartell',816,'Ilene','New York City','New York',10203);
Insert into CRG222.SUPPLIER (SUPPLIERID,SUPPLIERNAME,STREETNUMBER,STREETNAME,CITY,STATE,ZIPCODE) values (521,'Bartell-Flatley',427,'West','Kansas City','Missouri',64160);
Insert into CRG222.SUPPLIER (SUPPLIERID,SUPPLIERNAME,STREETNUMBER,STREETNAME,CITY,STATE,ZIPCODE) values (523,'Medhurst Group',269,'Gateway','Atlanta','Georgia',30368);
Insert into CRG222.SUPPLIER (SUPPLIERID,SUPPLIERNAME,STREETNUMBER,STREETNAME,CITY,STATE,ZIPCODE) values (527,'Gutmann, McClure and Emmerich',59,'Claremont','Columbus','Ohio',43220);
Insert into CRG222.SUPPLIER (SUPPLIERID,SUPPLIERNAME,STREETNUMBER,STREETNAME,CITY,STATE,ZIPCODE) values (533,'Herzog, Emard and Pacocha',55,'Florence','London','Kentucky',40745);
Insert into CRG222.SUPPLIER (SUPPLIERID,SUPPLIERNAME,STREETNUMBER,STREETNAME,CITY,STATE,ZIPCODE) values (534,'Frami Inc',73,'Hermina','Saint Louis','Missouri',63180);
Insert into CRG222.SUPPLIER (SUPPLIERID,SUPPLIERNAME,STREETNUMBER,STREETNAME,CITY,STATE,ZIPCODE) values (538,'Paucek and Sons',3247,'Valley Edge','Charleston','South Carolina',29424);
Insert into CRG222.SUPPLIER (SUPPLIERID,SUPPLIERNAME,STREETNUMBER,STREETNAME,CITY,STATE,ZIPCODE) values (545,'Christiansen-Schmidt',629,'Transport','Atlanta','Georgia',30343);
Insert into CRG222.SUPPLIER (SUPPLIERID,SUPPLIERNAME,STREETNUMBER,STREETNAME,CITY,STATE,ZIPCODE) values (560,'Schamberger, Simonis and Monahan',494,'Sunnyside','Dallas','Texas',75367);
Insert into CRG222.SUPPLIER (SUPPLIERID,SUPPLIERNAME,STREETNUMBER,STREETNAME,CITY,STATE,ZIPCODE) values (561,'Braun, Rowe and Luettgen',145,'Johnson','Arlington','Virginia',22212);
Insert into CRG222.SUPPLIER (SUPPLIERID,SUPPLIERNAME,STREETNUMBER,STREETNAME,CITY,STATE,ZIPCODE) values (572,'Cassin, Bashirian and Boehm',23837,'Jana','Bradenton','Florida',34210);
Insert into CRG222.SUPPLIER (SUPPLIERID,SUPPLIERNAME,STREETNUMBER,STREETNAME,CITY,STATE,ZIPCODE) values (573,'Corwin-Brown',8493,'Kings','New Haven','Connecticut',6533);
Insert into CRG222.SUPPLIER (SUPPLIERID,SUPPLIERNAME,STREETNUMBER,STREETNAME,CITY,STATE,ZIPCODE) values (575,'Connelly, Rowe and Vandervort',4128,'Ridge Oak','Louisville','Kentucky',40250);
Insert into CRG222.SUPPLIER (SUPPLIERID,SUPPLIERNAME,STREETNUMBER,STREETNAME,CITY,STATE,ZIPCODE) values (585,'Goldner-Kuhic',5,'Dawn','Omaha','Nebraska',68164);
Insert into CRG222.SUPPLIER (SUPPLIERID,SUPPLIERNAME,STREETNUMBER,STREETNAME,CITY,STATE,ZIPCODE) values (597,'Douglas Group',83,'Prentice','Albany','New York',12210);
Insert into CRG222.SUPPLIER (SUPPLIERID,SUPPLIERNAME,STREETNUMBER,STREETNAME,CITY,STATE,ZIPCODE) values (605,'Runolfsdottir, Kuphal and Schmidt',34,'Chive','San Diego','California',92105);
Insert into CRG222.SUPPLIER (SUPPLIERID,SUPPLIERNAME,STREETNUMBER,STREETNAME,CITY,STATE,ZIPCODE) values (616,'Moore, Emmerich and Johnston',800,'Bartillon','Saint Cloud','Minnesota',56372);
Insert into CRG222.SUPPLIER (SUPPLIERID,SUPPLIERNAME,STREETNUMBER,STREETNAME,CITY,STATE,ZIPCODE) values (618,'Casper, Yundt and Barrows',58254,'Caliangt','Maple Plain','Minnesota',55572);
Insert into CRG222.SUPPLIER (SUPPLIERID,SUPPLIERNAME,STREETNUMBER,STREETNAME,CITY,STATE,ZIPCODE) values (632,'McClure, Kunze and McGlynn',10195,'Gerald','Atlanta','Georgia',30316);
Insert into CRG222.SUPPLIER (SUPPLIERID,SUPPLIERNAME,STREETNUMBER,STREETNAME,CITY,STATE,ZIPCODE) values (633,'Morissette, Orn and Schneider',631,'Daystar','Los Angeles','California',90094);
Insert into CRG222.SUPPLIER (SUPPLIERID,SUPPLIERNAME,STREETNUMBER,STREETNAME,CITY,STATE,ZIPCODE) values (642,'Bogisich Inc',5,'Lyons','Mesa','Arizona',85205);
Insert into CRG222.SUPPLIER (SUPPLIERID,SUPPLIERNAME,STREETNUMBER,STREETNAME,CITY,STATE,ZIPCODE) values (649,'Koch-Jaskolski',60,'Spenser','Washington','District of Columbia',56944);
Insert into CRG222.SUPPLIER (SUPPLIERID,SUPPLIERNAME,STREETNUMBER,STREETNAME,CITY,STATE,ZIPCODE) values (653,'Doyle, Hettinger and Powlowski',36235,'Forest Dale','Phoenix','Arizona',85005);
Insert into CRG222.SUPPLIER (SUPPLIERID,SUPPLIERNAME,STREETNUMBER,STREETNAME,CITY,STATE,ZIPCODE) values (692,'Orn LLC',9,'Gerald','Lincoln','Nebraska',68517);
Insert into CRG222.SUPPLIER (SUPPLIERID,SUPPLIERNAME,STREETNUMBER,STREETNAME,CITY,STATE,ZIPCODE) values (699,'Simonis-O''Hara',2905,'Mayer','New Haven','Connecticut',6510);
Insert into CRG222.SUPPLIER (SUPPLIERID,SUPPLIERNAME,STREETNUMBER,STREETNAME,CITY,STATE,ZIPCODE) values (704,'Gottlieb-Konopelski',697,'Ryan','Dallas','Texas',75277);
Insert into CRG222.SUPPLIER (SUPPLIERID,SUPPLIERNAME,STREETNUMBER,STREETNAME,CITY,STATE,ZIPCODE) values (705,'Abernathy, Abshire and Miller',3255,'Division','Toledo','Ohio',43635);
Insert into CRG222.SUPPLIER (SUPPLIERID,SUPPLIERNAME,STREETNUMBER,STREETNAME,CITY,STATE,ZIPCODE) values (720,'Gibson-Renner',2879,'Carpenter','Shawnee Mission','Kansas',66220);
Insert into CRG222.SUPPLIER (SUPPLIERID,SUPPLIERNAME,STREETNUMBER,STREETNAME,CITY,STATE,ZIPCODE) values (727,'Schmidt-Fritsch',36,'Old Shore','Brooklyn','New York',11241);
Insert into CRG222.SUPPLIER (SUPPLIERID,SUPPLIERNAME,STREETNUMBER,STREETNAME,CITY,STATE,ZIPCODE) values (730,'Torp Group',701,'Pine View','Lexington','Kentucky',40546);
Insert into CRG222.SUPPLIER (SUPPLIERID,SUPPLIERNAME,STREETNUMBER,STREETNAME,CITY,STATE,ZIPCODE) values (765,'Howe Group',836,'Morningstar','New York City','New York',10275);
Insert into CRG222.SUPPLIER (SUPPLIERID,SUPPLIERNAME,STREETNUMBER,STREETNAME,CITY,STATE,ZIPCODE) values (779,'Lueilwitz-Davis',107,'Saint Paul','Fort Smith','Arkansas',72905);
Insert into CRG222.SUPPLIER (SUPPLIERID,SUPPLIERNAME,STREETNUMBER,STREETNAME,CITY,STATE,ZIPCODE) values (786,'Lakin Inc',8,'Columbus','Hagerstown','Maryland',21747);
Insert into CRG222.SUPPLIER (SUPPLIERID,SUPPLIERNAME,STREETNUMBER,STREETNAME,CITY,STATE,ZIPCODE) values (801,'Herman-Schuster',6502,'Dexter','San Rafael','California',94913);
Insert into CRG222.SUPPLIER (SUPPLIERID,SUPPLIERNAME,STREETNUMBER,STREETNAME,CITY,STATE,ZIPCODE) values (810,'Simonis, Stracke and Gerhold',3,'American Ash','Sacramento','California',94250);
Insert into CRG222.SUPPLIER (SUPPLIERID,SUPPLIERNAME,STREETNUMBER,STREETNAME,CITY,STATE,ZIPCODE) values (818,'Hintz LLC',2,'7th','Washington','District of Columbia',20005);
Insert into CRG222.SUPPLIER (SUPPLIERID,SUPPLIERNAME,STREETNUMBER,STREETNAME,CITY,STATE,ZIPCODE) values (835,'Goodwin, Fay and Treutel',8840,'Corscot','Delray Beach','Florida',33448);
Insert into CRG222.SUPPLIER (SUPPLIERID,SUPPLIERNAME,STREETNUMBER,STREETNAME,CITY,STATE,ZIPCODE) values (841,'Roberts-Robel',91,'Rigney','Phoenix','Arizona',85083);
Insert into CRG222.SUPPLIER (SUPPLIERID,SUPPLIERNAME,STREETNUMBER,STREETNAME,CITY,STATE,ZIPCODE) values (844,'Renner, Feest and Jacobi',1,'Melby','Long Beach','California',90805);
Insert into CRG222.SUPPLIER (SUPPLIERID,SUPPLIERNAME,STREETNUMBER,STREETNAME,CITY,STATE,ZIPCODE) values (847,'Mitchell LLC',5675,'Springview','Columbia','South Carolina',29203);
Insert into CRG222.SUPPLIER (SUPPLIERID,SUPPLIERNAME,STREETNUMBER,STREETNAME,CITY,STATE,ZIPCODE) values (852,'Crist-Hyatt',58062,'Nova','Phoenix','Arizona',85099);
Insert into CRG222.SUPPLIER (SUPPLIERID,SUPPLIERNAME,STREETNUMBER,STREETNAME,CITY,STATE,ZIPCODE) values (856,'Reichert and Sons',2,'Continental','Temple','Texas',76505);
Insert into CRG222.SUPPLIER (SUPPLIERID,SUPPLIERNAME,STREETNUMBER,STREETNAME,CITY,STATE,ZIPCODE) values (868,'Kuhic, Torp and Bode',772,'Sutteridge','San Francisco','California',94147);
Insert into CRG222.SUPPLIER (SUPPLIERID,SUPPLIERNAME,STREETNUMBER,STREETNAME,CITY,STATE,ZIPCODE) values (876,'Bogan, Wiegand and Ebert',60,'Lotheville','Los Angeles','California',90081);
Insert into CRG222.SUPPLIER (SUPPLIERID,SUPPLIERNAME,STREETNUMBER,STREETNAME,CITY,STATE,ZIPCODE) values (882,'Huel, Treutel and Streich',53914,'Blue Bill Park','Pinellas Park','Florida',34665);
Insert into CRG222.SUPPLIER (SUPPLIERID,SUPPLIERNAME,STREETNUMBER,STREETNAME,CITY,STATE,ZIPCODE) values (884,'Miller, Johnston and Price',2,'Coolidge','Los Angeles','California',90081);
Insert into CRG222.SUPPLIER (SUPPLIERID,SUPPLIERNAME,STREETNUMBER,STREETNAME,CITY,STATE,ZIPCODE) values (885,'Hills LLC',850,'Bultman','Reston','Virginia',22096);
REM INSERTING into CRG222.SUPPLIERPHONE
SET DEFINE OFF;
Insert into CRG222.SUPPLIERPHONE (SUPPLIERID,PHONENUMBER) values (538,'117-999-2743');
Insert into CRG222.SUPPLIERPHONE (SUPPLIERID,PHONENUMBER) values (885,'633-142-4482');
Insert into CRG222.SUPPLIERPHONE (SUPPLIERID,PHONENUMBER) values (241,'114-675-5863');
Insert into CRG222.SUPPLIERPHONE (SUPPLIERID,PHONENUMBER) values (801,'672-906-5790');
Insert into CRG222.SUPPLIERPHONE (SUPPLIERID,PHONENUMBER) values (916,'301-285-4133');
Insert into CRG222.SUPPLIERPHONE (SUPPLIERID,PHONENUMBER) values (523,'484-112-9398');
Insert into CRG222.SUPPLIERPHONE (SUPPLIERID,PHONENUMBER) values (835,'353-469-2837');
Insert into CRG222.SUPPLIERPHONE (SUPPLIERID,PHONENUMBER) values (585,'111-270-8167');
Insert into CRG222.SUPPLIERPHONE (SUPPLIERID,PHONENUMBER) values (413,'268-827-5700');
Insert into CRG222.SUPPLIERPHONE (SUPPLIERID,PHONENUMBER) values (885,'411-989-1023');
Insert into CRG222.SUPPLIERPHONE (SUPPLIERID,PHONENUMBER) values (572,'753-601-7813');
Insert into CRG222.SUPPLIERPHONE (SUPPLIERID,PHONENUMBER) values (947,'987-736-8943');
Insert into CRG222.SUPPLIERPHONE (SUPPLIERID,PHONENUMBER) values (618,'111-655-0672');
Insert into CRG222.SUPPLIERPHONE (SUPPLIERID,PHONENUMBER) values (117,'777-763-4459');
Insert into CRG222.SUPPLIERPHONE (SUPPLIERID,PHONENUMBER) values (508,'648-973-8571');
Insert into CRG222.SUPPLIERPHONE (SUPPLIERID,PHONENUMBER) values (79,'239-451-0647');
Insert into CRG222.SUPPLIERPHONE (SUPPLIERID,PHONENUMBER) values (720,'508-455-9936');
Insert into CRG222.SUPPLIERPHONE (SUPPLIERID,PHONENUMBER) values (994,'801-910-4120');
Insert into CRG222.SUPPLIERPHONE (SUPPLIERID,PHONENUMBER) values (376,'403-483-1168');
Insert into CRG222.SUPPLIERPHONE (SUPPLIERID,PHONENUMBER) values (298,'934-896-0150');
Insert into CRG222.SUPPLIERPHONE (SUPPLIERID,PHONENUMBER) values (271,'917-772-7470');
Insert into CRG222.SUPPLIERPHONE (SUPPLIERID,PHONENUMBER) values (618,'201-787-1715');
Insert into CRG222.SUPPLIERPHONE (SUPPLIERID,PHONENUMBER) values (852,'498-791-8511');
Insert into CRG222.SUPPLIERPHONE (SUPPLIERID,PHONENUMBER) values (271,'772-709-0959');
Insert into CRG222.SUPPLIERPHONE (SUPPLIERID,PHONENUMBER) values (138,'799-116-0843');
Insert into CRG222.SUPPLIERPHONE (SUPPLIERID,PHONENUMBER) values (46,'630-518-9000');
Insert into CRG222.SUPPLIERPHONE (SUPPLIERID,PHONENUMBER) values (585,'733-300-0399');
Insert into CRG222.SUPPLIERPHONE (SUPPLIERID,PHONENUMBER) values (904,'118-312-5920');
Insert into CRG222.SUPPLIERPHONE (SUPPLIERID,PHONENUMBER) values (885,'616-420-5100');
Insert into CRG222.SUPPLIERPHONE (SUPPLIERID,PHONENUMBER) values (453,'140-172-2443');
Insert into CRG222.SUPPLIERPHONE (SUPPLIERID,PHONENUMBER) values (221,'862-401-3172');
Insert into CRG222.SUPPLIERPHONE (SUPPLIERID,PHONENUMBER) values (841,'430-838-4310');
Insert into CRG222.SUPPLIERPHONE (SUPPLIERID,PHONENUMBER) values (885,'717-396-3175');
Insert into CRG222.SUPPLIERPHONE (SUPPLIERID,PHONENUMBER) values (370,'862-906-9531');
Insert into CRG222.SUPPLIERPHONE (SUPPLIERID,PHONENUMBER) values (545,'323-785-7578');
Insert into CRG222.SUPPLIERPHONE (SUPPLIERID,PHONENUMBER) values (692,'500-950-1694');
Insert into CRG222.SUPPLIERPHONE (SUPPLIERID,PHONENUMBER) values (195,'433-205-6852');
Insert into CRG222.SUPPLIERPHONE (SUPPLIERID,PHONENUMBER) values (765,'480-300-0881');
Insert into CRG222.SUPPLIERPHONE (SUPPLIERID,PHONENUMBER) values (605,'654-288-9840');
Insert into CRG222.SUPPLIERPHONE (SUPPLIERID,PHONENUMBER) values (882,'820-714-8174');
Insert into CRG222.SUPPLIERPHONE (SUPPLIERID,PHONENUMBER) values (699,'671-210-1904');
Insert into CRG222.SUPPLIERPHONE (SUPPLIERID,PHONENUMBER) values (852,'210-488-6275');
Insert into CRG222.SUPPLIERPHONE (SUPPLIERID,PHONENUMBER) values (117,'160-408-7740');
Insert into CRG222.SUPPLIERPHONE (SUPPLIERID,PHONENUMBER) values (311,'983-470-2020');
Insert into CRG222.SUPPLIERPHONE (SUPPLIERID,PHONENUMBER) values (152,'770-749-9907');
Insert into CRG222.SUPPLIERPHONE (SUPPLIERID,PHONENUMBER) values (237,'865-268-4069');
Insert into CRG222.SUPPLIERPHONE (SUPPLIERID,PHONENUMBER) values (876,'438-552-4333');
Insert into CRG222.SUPPLIERPHONE (SUPPLIERID,PHONENUMBER) values (705,'746-791-1494');
Insert into CRG222.SUPPLIERPHONE (SUPPLIERID,PHONENUMBER) values (904,'840-938-4164');
Insert into CRG222.SUPPLIERPHONE (SUPPLIERID,PHONENUMBER) values (727,'625-158-7285');
Insert into CRG222.SUPPLIERPHONE (SUPPLIERID,PHONENUMBER) values (295,'640-179-2527');
Insert into CRG222.SUPPLIERPHONE (SUPPLIERID,PHONENUMBER) values (428,'674-881-0346');
Insert into CRG222.SUPPLIERPHONE (SUPPLIERID,PHONENUMBER) values (436,'402-285-4893');
Insert into CRG222.SUPPLIERPHONE (SUPPLIERID,PHONENUMBER) values (417,'475-565-3919');
Insert into CRG222.SUPPLIERPHONE (SUPPLIERID,PHONENUMBER) values (248,'406-236-0598');
Insert into CRG222.SUPPLIERPHONE (SUPPLIERID,PHONENUMBER) values (994,'551-138-0839');
Insert into CRG222.SUPPLIERPHONE (SUPPLIERID,PHONENUMBER) values (401,'140-702-7552');
Insert into CRG222.SUPPLIERPHONE (SUPPLIERID,PHONENUMBER) values (699,'799-877-8436');
Insert into CRG222.SUPPLIERPHONE (SUPPLIERID,PHONENUMBER) values (994,'899-583-0750');
Insert into CRG222.SUPPLIERPHONE (SUPPLIERID,PHONENUMBER) values (727,'443-544-3774');
Insert into CRG222.SUPPLIERPHONE (SUPPLIERID,PHONENUMBER) values (354,'167-491-4461');
Insert into CRG222.SUPPLIERPHONE (SUPPLIERID,PHONENUMBER) values (65,'108-198-6975');
Insert into CRG222.SUPPLIERPHONE (SUPPLIERID,PHONENUMBER) values (916,'214-610-8633');
Insert into CRG222.SUPPLIERPHONE (SUPPLIERID,PHONENUMBER) values (884,'497-523-4230');
Insert into CRG222.SUPPLIERPHONE (SUPPLIERID,PHONENUMBER) values (433,'467-452-8787');
Insert into CRG222.SUPPLIERPHONE (SUPPLIERID,PHONENUMBER) values (221,'930-429-1803');
Insert into CRG222.SUPPLIERPHONE (SUPPLIERID,PHONENUMBER) values (401,'222-177-0901');
Insert into CRG222.SUPPLIERPHONE (SUPPLIERID,PHONENUMBER) values (533,'527-243-3535');
Insert into CRG222.SUPPLIERPHONE (SUPPLIERID,PHONENUMBER) values (649,'372-965-0003');
Insert into CRG222.SUPPLIERPHONE (SUPPLIERID,PHONENUMBER) values (523,'242-879-7289');
Insert into CRG222.SUPPLIERPHONE (SUPPLIERID,PHONENUMBER) values (307,'350-184-1196');
Insert into CRG222.SUPPLIERPHONE (SUPPLIERID,PHONENUMBER) values (575,'832-708-2661');
Insert into CRG222.SUPPLIERPHONE (SUPPLIERID,PHONENUMBER) values (428,'582-165-1819');
Insert into CRG222.SUPPLIERPHONE (SUPPLIERID,PHONENUMBER) values (499,'516-958-9054');
Insert into CRG222.SUPPLIERPHONE (SUPPLIERID,PHONENUMBER) values (947,'907-867-4775');
Insert into CRG222.SUPPLIERPHONE (SUPPLIERID,PHONENUMBER) values (632,'978-372-4437');
Insert into CRG222.SUPPLIERPHONE (SUPPLIERID,PHONENUMBER) values (699,'212-939-7073');
Insert into CRG222.SUPPLIERPHONE (SUPPLIERID,PHONENUMBER) values (416,'267-562-4088');
Insert into CRG222.SUPPLIERPHONE (SUPPLIERID,PHONENUMBER) values (572,'874-382-7250');
Insert into CRG222.SUPPLIERPHONE (SUPPLIERID,PHONENUMBER) values (904,'522-545-8268');
Insert into CRG222.SUPPLIERPHONE (SUPPLIERID,PHONENUMBER) values (705,'526-371-2784');
Insert into CRG222.SUPPLIERPHONE (SUPPLIERID,PHONENUMBER) values (955,'110-905-7374');
Insert into CRG222.SUPPLIERPHONE (SUPPLIERID,PHONENUMBER) values (884,'119-184-0860');
Insert into CRG222.SUPPLIERPHONE (SUPPLIERID,PHONENUMBER) values (947,'852-853-3223');
Insert into CRG222.SUPPLIERPHONE (SUPPLIERID,PHONENUMBER) values (79,'283-258-6030');
Insert into CRG222.SUPPLIERPHONE (SUPPLIERID,PHONENUMBER) values (988,'152-462-7275');
Insert into CRG222.SUPPLIERPHONE (SUPPLIERID,PHONENUMBER) values (453,'291-171-2402');
Insert into CRG222.SUPPLIERPHONE (SUPPLIERID,PHONENUMBER) values (266,'113-126-2113');
Insert into CRG222.SUPPLIERPHONE (SUPPLIERID,PHONENUMBER) values (730,'107-935-9138');
Insert into CRG222.SUPPLIERPHONE (SUPPLIERID,PHONENUMBER) values (221,'750-660-9967');
Insert into CRG222.SUPPLIERPHONE (SUPPLIERID,PHONENUMBER) values (616,'754-327-7979');
Insert into CRG222.SUPPLIERPHONE (SUPPLIERID,PHONENUMBER) values (963,'607-283-0332');
Insert into CRG222.SUPPLIERPHONE (SUPPLIERID,PHONENUMBER) values (138,'731-877-5655');
Insert into CRG222.SUPPLIERPHONE (SUPPLIERID,PHONENUMBER) values (841,'790-377-9705');
Insert into CRG222.SUPPLIERPHONE (SUPPLIERID,PHONENUMBER) values (882,'677-881-7882');
Insert into CRG222.SUPPLIERPHONE (SUPPLIERID,PHONENUMBER) values (428,'757-212-7139');
Insert into CRG222.SUPPLIERPHONE (SUPPLIERID,PHONENUMBER) values (561,'713-626-4063');
Insert into CRG222.SUPPLIERPHONE (SUPPLIERID,PHONENUMBER) values (521,'743-197-7524');
Insert into CRG222.SUPPLIERPHONE (SUPPLIERID,PHONENUMBER) values (354,'666-710-7018');
Insert into CRG222.SUPPLIERPHONE (SUPPLIERID,PHONENUMBER) values (416,'637-731-3271');
Insert into CRG222.SUPPLIERPHONE (SUPPLIERID,PHONENUMBER) values (779,'499-627-0937');
Insert into CRG222.SUPPLIERPHONE (SUPPLIERID,PHONENUMBER) values (489,'622-675-2959');
Insert into CRG222.SUPPLIERPHONE (SUPPLIERID,PHONENUMBER) values (134,'749-588-4913');
Insert into CRG222.SUPPLIERPHONE (SUPPLIERID,PHONENUMBER) values (227,'969-101-8509');
Insert into CRG222.SUPPLIERPHONE (SUPPLIERID,PHONENUMBER) values (489,'885-502-9915');
Insert into CRG222.SUPPLIERPHONE (SUPPLIERID,PHONENUMBER) values (538,'403-742-4531');
Insert into CRG222.SUPPLIERPHONE (SUPPLIERID,PHONENUMBER) values (963,'732-385-0935');
Insert into CRG222.SUPPLIERPHONE (SUPPLIERID,PHONENUMBER) values (924,'775-861-4613');
Insert into CRG222.SUPPLIERPHONE (SUPPLIERID,PHONENUMBER) values (987,'346-192-9614');
REM INSERTING into CRG222.SUPPLIES
SET DEFINE OFF;
Insert into CRG222.SUPPLIES (SUPPLIERID,RECEIVERID) values (779,561);
Insert into CRG222.SUPPLIES (SUPPLIERID,RECEIVERID) values (801,416);
Insert into CRG222.SUPPLIES (SUPPLIERID,RECEIVERID) values (844,311);
Insert into CRG222.SUPPLIES (SUPPLIERID,RECEIVERID) values (882,248);
Insert into CRG222.SUPPLIES (SUPPLIERID,RECEIVERID) values (904,575);
Insert into CRG222.SUPPLIES (SUPPLIERID,RECEIVERID) values (924,241);
Insert into CRG222.SUPPLIES (SUPPLIERID,RECEIVERID) values (64,884);
Insert into CRG222.SUPPLIES (SUPPLIERID,RECEIVERID) values (153,134);
Insert into CRG222.SUPPLIES (SUPPLIERID,RECEIVERID) values (521,705);
Insert into CRG222.SUPPLIES (SUPPLIERID,RECEIVERID) values (521,884);
Insert into CRG222.SUPPLIES (SUPPLIERID,RECEIVERID) values (533,419);
Insert into CRG222.SUPPLIES (SUPPLIERID,RECEIVERID) values (575,488);
Insert into CRG222.SUPPLIES (SUPPLIERID,RECEIVERID) values (307,505);
Insert into CRG222.SUPPLIES (SUPPLIERID,RECEIVERID) values (428,436);
Insert into CRG222.SUPPLIES (SUPPLIERID,RECEIVERID) values (489,233);
--------------------------------------------------------
--  DDL for Index SYS_C0027398
--------------------------------------------------------

  CREATE UNIQUE INDEX "CRG222"."SYS_C0027398" ON "CRG222"."BATCH" ("BATCHID") 
  PCTFREE 10 INITRANS 2 MAXTRANS 255 COMPUTE STATISTICS 
  STORAGE(INITIAL 65536 NEXT 1048576 MINEXTENTS 1 MAXEXTENTS 2147483645
  PCTINCREASE 0 FREELISTS 1 FREELIST GROUPS 1
  BUFFER_POOL DEFAULT FLASH_CACHE DEFAULT CELL_FLASH_CACHE DEFAULT)
  TABLESPACE "USERS" ;
--------------------------------------------------------
--  DDL for Index INGREDIENTS_PRODUCTID_IDX
--------------------------------------------------------

  CREATE INDEX "CRG222"."INGREDIENTS_PRODUCTID_IDX" ON "CRG222"."INGREDIENTS" ("PRODUCTID") 
  PCTFREE 10 INITRANS 2 MAXTRANS 255 COMPUTE STATISTICS 
  STORAGE(INITIAL 65536 NEXT 1048576 MINEXTENTS 1 MAXEXTENTS 2147483645
  PCTINCREASE 0 FREELISTS 1 FREELIST GROUPS 1
  BUFFER_POOL DEFAULT FLASH_CACHE DEFAULT CELL_FLASH_CACHE DEFAULT)
  TABLESPACE "USERS" ;
--------------------------------------------------------
--  DDL for Index INGREDIENTS_COMPONENTID_IDX_IDX
--------------------------------------------------------

  CREATE INDEX "CRG222"."INGREDIENTS_COMPONENTID_IDX_IDX" ON "CRG222"."INGREDIENTS" ("COMPONENTID") 
  PCTFREE 10 INITRANS 2 MAXTRANS 255 COMPUTE STATISTICS 
  STORAGE(INITIAL 65536 NEXT 1048576 MINEXTENTS 1 MAXEXTENTS 2147483645
  PCTINCREASE 0 FREELISTS 1 FREELIST GROUPS 1
  BUFFER_POOL DEFAULT FLASH_CACHE DEFAULT CELL_FLASH_CACHE DEFAULT)
  TABLESPACE "USERS" ;
--------------------------------------------------------
--  DDL for Index INGREDIENTS_PK
--------------------------------------------------------

  CREATE UNIQUE INDEX "CRG222"."INGREDIENTS_PK" ON "CRG222"."INGREDIENTS" ("PRODUCTID", "COMPONENTID") 
  PCTFREE 10 INITRANS 2 MAXTRANS 255 COMPUTE STATISTICS 
  STORAGE(INITIAL 65536 NEXT 1048576 MINEXTENTS 1 MAXEXTENTS 2147483645
  PCTINCREASE 0 FREELISTS 1 FREELIST GROUPS 1
  BUFFER_POOL DEFAULT FLASH_CACHE DEFAULT CELL_FLASH_CACHE DEFAULT)
  TABLESPACE "USERS" ;
--------------------------------------------------------
--  DDL for Index MADEFROM_PK
--------------------------------------------------------

  CREATE UNIQUE INDEX "CRG222"."MADEFROM_PK" ON "CRG222"."MADEFROM" ("BATCHID") 
  PCTFREE 10 INITRANS 2 MAXTRANS 255 COMPUTE STATISTICS 
  STORAGE(INITIAL 65536 NEXT 1048576 MINEXTENTS 1 MAXEXTENTS 2147483645
  PCTINCREASE 0 FREELISTS 1 FREELIST GROUPS 1
  BUFFER_POOL DEFAULT FLASH_CACHE DEFAULT CELL_FLASH_CACHE DEFAULT)
  TABLESPACE "USERS" ;
--------------------------------------------------------
--  DDL for Index MANUFACTURES_PK
--------------------------------------------------------

  CREATE UNIQUE INDEX "CRG222"."MANUFACTURES_PK" ON "CRG222"."MANUFACTURES" ("BATCHID", "SUPPLIERID") 
  PCTFREE 10 INITRANS 2 MAXTRANS 255 COMPUTE STATISTICS 
  STORAGE(INITIAL 65536 NEXT 1048576 MINEXTENTS 1 MAXEXTENTS 2147483645
  PCTINCREASE 0 FREELISTS 1 FREELIST GROUPS 1
  BUFFER_POOL DEFAULT FLASH_CACHE DEFAULT CELL_FLASH_CACHE DEFAULT)
  TABLESPACE "USERS" ;
--------------------------------------------------------
--  DDL for Index SELLS_PK
--------------------------------------------------------

  CREATE UNIQUE INDEX "CRG222"."SELLS_PK" ON "CRG222"."OFFERS" ("SUPPLIERID", "PRODUCTLINEID") 
  PCTFREE 10 INITRANS 2 MAXTRANS 255 COMPUTE STATISTICS 
  STORAGE(INITIAL 65536 NEXT 1048576 MINEXTENTS 1 MAXEXTENTS 2147483645
  PCTINCREASE 0 FREELISTS 1 FREELIST GROUPS 1
  BUFFER_POOL DEFAULT FLASH_CACHE DEFAULT CELL_FLASH_CACHE DEFAULT)
  TABLESPACE "USERS" ;
--------------------------------------------------------
--  DDL for Index PRODUCTLINE_PK
--------------------------------------------------------

  CREATE UNIQUE INDEX "CRG222"."PRODUCTLINE_PK" ON "CRG222"."PRODUCTLINE" ("PRODUCTLINEID") 
  PCTFREE 10 INITRANS 2 MAXTRANS 255 COMPUTE STATISTICS 
  STORAGE(INITIAL 65536 NEXT 1048576 MINEXTENTS 1 MAXEXTENTS 2147483645
  PCTINCREASE 0 FREELISTS 1 FREELIST GROUPS 1
  BUFFER_POOL DEFAULT FLASH_CACHE DEFAULT CELL_FLASH_CACHE DEFAULT)
  TABLESPACE "USERS" ;
--------------------------------------------------------
--  DDL for Index RECEIVES_SUPPLIERID_IDX
--------------------------------------------------------

  CREATE INDEX "CRG222"."RECEIVES_SUPPLIERID_IDX" ON "CRG222"."RECEIVES" ("SUPPLIERID") 
  PCTFREE 10 INITRANS 2 MAXTRANS 255 COMPUTE STATISTICS 
  STORAGE(INITIAL 65536 NEXT 1048576 MINEXTENTS 1 MAXEXTENTS 2147483645
  PCTINCREASE 0 FREELISTS 1 FREELIST GROUPS 1
  BUFFER_POOL DEFAULT FLASH_CACHE DEFAULT CELL_FLASH_CACHE DEFAULT)
  TABLESPACE "USERS" ;
--------------------------------------------------------
--  DDL for Index SYS_C0027833
--------------------------------------------------------

  CREATE UNIQUE INDEX "CRG222"."SYS_C0027833" ON "CRG222"."RECEIVES" ("SHIPMENTID") 
  PCTFREE 10 INITRANS 2 MAXTRANS 255 COMPUTE STATISTICS 
  STORAGE(INITIAL 65536 NEXT 1048576 MINEXTENTS 1 MAXEXTENTS 2147483645
  PCTINCREASE 0 FREELISTS 1 FREELIST GROUPS 1
  BUFFER_POOL DEFAULT FLASH_CACHE DEFAULT CELL_FLASH_CACHE DEFAULT)
  TABLESPACE "USERS" ;
--------------------------------------------------------
--  DDL for Index SYS_C0027402
--------------------------------------------------------

  CREATE UNIQUE INDEX "CRG222"."SYS_C0027402" ON "CRG222"."SHIPMENT" ("SHIPMENTID") 
  PCTFREE 10 INITRANS 2 MAXTRANS 255 COMPUTE STATISTICS 
  STORAGE(INITIAL 65536 NEXT 1048576 MINEXTENTS 1 MAXEXTENTS 2147483645
  PCTINCREASE 0 FREELISTS 1 FREELIST GROUPS 1
  BUFFER_POOL DEFAULT FLASH_CACHE DEFAULT CELL_FLASH_CACHE DEFAULT)
  TABLESPACE "USERS" ;
--------------------------------------------------------
--  DDL for Index SYS_C0027836
--------------------------------------------------------

  CREATE UNIQUE INDEX "CRG222"."SYS_C0027836" ON "CRG222"."SHIPS" ("SHIPMENTID") 
  PCTFREE 10 INITRANS 2 MAXTRANS 255 COMPUTE STATISTICS 
  STORAGE(INITIAL 65536 NEXT 1048576 MINEXTENTS 1 MAXEXTENTS 2147483645
  PCTINCREASE 0 FREELISTS 1 FREELIST GROUPS 1
  BUFFER_POOL DEFAULT FLASH_CACHE DEFAULT CELL_FLASH_CACHE DEFAULT)
  TABLESPACE "USERS" ;
--------------------------------------------------------
--  DDL for Index SHIPS_SUPPLIERID_IDX
--------------------------------------------------------

  CREATE INDEX "CRG222"."SHIPS_SUPPLIERID_IDX" ON "CRG222"."SHIPS" ("SUPPLIERID") 
  PCTFREE 10 INITRANS 2 MAXTRANS 255 COMPUTE STATISTICS 
  STORAGE(INITIAL 65536 NEXT 1048576 MINEXTENTS 1 MAXEXTENTS 2147483645
  PCTINCREASE 0 FREELISTS 1 FREELIST GROUPS 1
  BUFFER_POOL DEFAULT FLASH_CACHE DEFAULT CELL_FLASH_CACHE DEFAULT)
  TABLESPACE "USERS" ;
--------------------------------------------------------
--  DDL for Index SYS_C0027395
--------------------------------------------------------

  CREATE UNIQUE INDEX "CRG222"."SYS_C0027395" ON "CRG222"."SUPPLIER" ("SUPPLIERID") 
  PCTFREE 10 INITRANS 2 MAXTRANS 255 COMPUTE STATISTICS 
  STORAGE(INITIAL 65536 NEXT 1048576 MINEXTENTS 1 MAXEXTENTS 2147483645
  PCTINCREASE 0 FREELISTS 1 FREELIST GROUPS 1
  BUFFER_POOL DEFAULT FLASH_CACHE DEFAULT CELL_FLASH_CACHE DEFAULT)
  TABLESPACE "USERS" ;
--------------------------------------------------------
--  DDL for Index SUPPLIERPHONE_SUPPLIERID_IDX
--------------------------------------------------------

  CREATE INDEX "CRG222"."SUPPLIERPHONE_SUPPLIERID_IDX" ON "CRG222"."SUPPLIERPHONE" ("SUPPLIERID") 
  PCTFREE 10 INITRANS 2 MAXTRANS 255 COMPUTE STATISTICS 
  STORAGE(INITIAL 65536 NEXT 1048576 MINEXTENTS 1 MAXEXTENTS 2147483645
  PCTINCREASE 0 FREELISTS 1 FREELIST GROUPS 1
  BUFFER_POOL DEFAULT FLASH_CACHE DEFAULT CELL_FLASH_CACHE DEFAULT)
  TABLESPACE "USERS" ;
--------------------------------------------------------
--  DDL for Index SUPPLIES_PK
--------------------------------------------------------

  CREATE UNIQUE INDEX "CRG222"."SUPPLIES_PK" ON "CRG222"."SUPPLIES" ("SUPPLIERID", "RECEIVERID") 
  PCTFREE 10 INITRANS 2 MAXTRANS 255 COMPUTE STATISTICS 
  STORAGE(INITIAL 65536 NEXT 1048576 MINEXTENTS 1 MAXEXTENTS 2147483645
  PCTINCREASE 0 FREELISTS 1 FREELIST GROUPS 1
  BUFFER_POOL DEFAULT FLASH_CACHE DEFAULT CELL_FLASH_CACHE DEFAULT)
  TABLESPACE "USERS" ;
--------------------------------------------------------
--  Constraints for Table BATCH
--------------------------------------------------------

  ALTER TABLE "CRG222"."BATCH" ADD PRIMARY KEY ("BATCHID")
  USING INDEX PCTFREE 10 INITRANS 2 MAXTRANS 255 COMPUTE STATISTICS 
  STORAGE(INITIAL 65536 NEXT 1048576 MINEXTENTS 1 MAXEXTENTS 2147483645
  PCTINCREASE 0 FREELISTS 1 FREELIST GROUPS 1
  BUFFER_POOL DEFAULT FLASH_CACHE DEFAULT CELL_FLASH_CACHE DEFAULT)
  TABLESPACE "USERS"  ENABLE;
--------------------------------------------------------
--  Constraints for Table INGREDIENTS
--------------------------------------------------------

  ALTER TABLE "CRG222"."INGREDIENTS" ADD CONSTRAINT "INGREDIENTS_PK" PRIMARY KEY ("PRODUCTID", "COMPONENTID")
  USING INDEX PCTFREE 10 INITRANS 2 MAXTRANS 255 COMPUTE STATISTICS 
  STORAGE(INITIAL 65536 NEXT 1048576 MINEXTENTS 1 MAXEXTENTS 2147483645
  PCTINCREASE 0 FREELISTS 1 FREELIST GROUPS 1
  BUFFER_POOL DEFAULT FLASH_CACHE DEFAULT CELL_FLASH_CACHE DEFAULT)
  TABLESPACE "USERS"  ENABLE;
  ALTER TABLE "CRG222"."INGREDIENTS" MODIFY ("PRODUCTID" NOT NULL ENABLE);
  ALTER TABLE "CRG222"."INGREDIENTS" MODIFY ("COMPONENTID" NOT NULL ENABLE);
--------------------------------------------------------
--  Constraints for Table MADEFROM
--------------------------------------------------------

  ALTER TABLE "CRG222"."MADEFROM" ADD CONSTRAINT "MADEFROM_PK" PRIMARY KEY ("BATCHID")
  USING INDEX PCTFREE 10 INITRANS 2 MAXTRANS 255 COMPUTE STATISTICS 
  STORAGE(INITIAL 65536 NEXT 1048576 MINEXTENTS 1 MAXEXTENTS 2147483645
  PCTINCREASE 0 FREELISTS 1 FREELIST GROUPS 1
  BUFFER_POOL DEFAULT FLASH_CACHE DEFAULT CELL_FLASH_CACHE DEFAULT)
  TABLESPACE "USERS"  ENABLE;
--------------------------------------------------------
--  Constraints for Table MANUFACTURES
--------------------------------------------------------

  ALTER TABLE "CRG222"."MANUFACTURES" ADD CONSTRAINT "MANUFACTURES_PK" PRIMARY KEY ("BATCHID", "SUPPLIERID")
  USING INDEX PCTFREE 10 INITRANS 2 MAXTRANS 255 COMPUTE STATISTICS 
  STORAGE(INITIAL 65536 NEXT 1048576 MINEXTENTS 1 MAXEXTENTS 2147483645
  PCTINCREASE 0 FREELISTS 1 FREELIST GROUPS 1
  BUFFER_POOL DEFAULT FLASH_CACHE DEFAULT CELL_FLASH_CACHE DEFAULT)
  TABLESPACE "USERS"  ENABLE;
  ALTER TABLE "CRG222"."MANUFACTURES" MODIFY ("BATCHID" NOT NULL ENABLE);
  ALTER TABLE "CRG222"."MANUFACTURES" MODIFY ("SUPPLIERID" NOT NULL ENABLE);
--------------------------------------------------------
--  Constraints for Table OFFERS
--------------------------------------------------------

  ALTER TABLE "CRG222"."OFFERS" ADD CONSTRAINT "SELLS_PK" PRIMARY KEY ("SUPPLIERID", "PRODUCTLINEID")
  USING INDEX PCTFREE 10 INITRANS 2 MAXTRANS 255 COMPUTE STATISTICS 
  STORAGE(INITIAL 65536 NEXT 1048576 MINEXTENTS 1 MAXEXTENTS 2147483645
  PCTINCREASE 0 FREELISTS 1 FREELIST GROUPS 1
  BUFFER_POOL DEFAULT FLASH_CACHE DEFAULT CELL_FLASH_CACHE DEFAULT)
  TABLESPACE "USERS"  ENABLE;
--------------------------------------------------------
--  Constraints for Table PRODUCTLINE
--------------------------------------------------------

  ALTER TABLE "CRG222"."PRODUCTLINE" ADD CONSTRAINT "PRODUCTLINE_PK" PRIMARY KEY ("PRODUCTLINEID")
  USING INDEX PCTFREE 10 INITRANS 2 MAXTRANS 255 COMPUTE STATISTICS 
  STORAGE(INITIAL 65536 NEXT 1048576 MINEXTENTS 1 MAXEXTENTS 2147483645
  PCTINCREASE 0 FREELISTS 1 FREELIST GROUPS 1
  BUFFER_POOL DEFAULT FLASH_CACHE DEFAULT CELL_FLASH_CACHE DEFAULT)
  TABLESPACE "USERS"  ENABLE;
  ALTER TABLE "CRG222"."PRODUCTLINE" MODIFY ("PRODUCTLINEID" NOT NULL ENABLE);
--------------------------------------------------------
--  Constraints for Table RECEIVES
--------------------------------------------------------

  ALTER TABLE "CRG222"."RECEIVES" ADD PRIMARY KEY ("SHIPMENTID")
  USING INDEX PCTFREE 10 INITRANS 2 MAXTRANS 255 COMPUTE STATISTICS 
  STORAGE(INITIAL 65536 NEXT 1048576 MINEXTENTS 1 MAXEXTENTS 2147483645
  PCTINCREASE 0 FREELISTS 1 FREELIST GROUPS 1
  BUFFER_POOL DEFAULT FLASH_CACHE DEFAULT CELL_FLASH_CACHE DEFAULT)
  TABLESPACE "USERS"  ENABLE;
--------------------------------------------------------
--  Constraints for Table SHIPMENT
--------------------------------------------------------

  ALTER TABLE "CRG222"."SHIPMENT" MODIFY ("UNITPRICE" NOT NULL ENABLE);
  ALTER TABLE "CRG222"."SHIPMENT" ADD PRIMARY KEY ("SHIPMENTID")
  USING INDEX PCTFREE 10 INITRANS 2 MAXTRANS 255 COMPUTE STATISTICS 
  STORAGE(INITIAL 65536 NEXT 1048576 MINEXTENTS 1 MAXEXTENTS 2147483645
  PCTINCREASE 0 FREELISTS 1 FREELIST GROUPS 1
  BUFFER_POOL DEFAULT FLASH_CACHE DEFAULT CELL_FLASH_CACHE DEFAULT)
  TABLESPACE "USERS"  ENABLE;
  ALTER TABLE "CRG222"."SHIPMENT" MODIFY ("SHIPMENTDATE" NOT NULL ENABLE);
--------------------------------------------------------
--  Constraints for Table SHIPS
--------------------------------------------------------

  ALTER TABLE "CRG222"."SHIPS" ADD CONSTRAINT "SYS_C0027836" PRIMARY KEY ("SHIPMENTID")
  USING INDEX PCTFREE 10 INITRANS 2 MAXTRANS 255 COMPUTE STATISTICS 
  STORAGE(INITIAL 65536 NEXT 1048576 MINEXTENTS 1 MAXEXTENTS 2147483645
  PCTINCREASE 0 FREELISTS 1 FREELIST GROUPS 1
  BUFFER_POOL DEFAULT FLASH_CACHE DEFAULT CELL_FLASH_CACHE DEFAULT)
  TABLESPACE "USERS"  ENABLE;
  ALTER TABLE "CRG222"."SHIPS" MODIFY ("SUPPLIERID" NOT NULL ENABLE);
--------------------------------------------------------
--  Constraints for Table SUPPLIER
--------------------------------------------------------

  ALTER TABLE "CRG222"."SUPPLIER" MODIFY ("SUPPLIERNAME" NOT NULL ENABLE);
  ALTER TABLE "CRG222"."SUPPLIER" ADD PRIMARY KEY ("SUPPLIERID")
  USING INDEX PCTFREE 10 INITRANS 2 MAXTRANS 255 COMPUTE STATISTICS 
  STORAGE(INITIAL 65536 NEXT 1048576 MINEXTENTS 1 MAXEXTENTS 2147483645
  PCTINCREASE 0 FREELISTS 1 FREELIST GROUPS 1
  BUFFER_POOL DEFAULT FLASH_CACHE DEFAULT CELL_FLASH_CACHE DEFAULT)
  TABLESPACE "USERS"  ENABLE;
--------------------------------------------------------
--  Constraints for Table SUPPLIES
--------------------------------------------------------

  ALTER TABLE "CRG222"."SUPPLIES" ADD CONSTRAINT "SUPPLIES_PK" PRIMARY KEY ("SUPPLIERID", "RECEIVERID")
  USING INDEX PCTFREE 10 INITRANS 2 MAXTRANS 255 COMPUTE STATISTICS 
  STORAGE(INITIAL 65536 NEXT 1048576 MINEXTENTS 1 MAXEXTENTS 2147483645
  PCTINCREASE 0 FREELISTS 1 FREELIST GROUPS 1
  BUFFER_POOL DEFAULT FLASH_CACHE DEFAULT CELL_FLASH_CACHE DEFAULT)
  TABLESPACE "USERS"  ENABLE;
--------------------------------------------------------
--  Ref Constraints for Table BATCH
--------------------------------------------------------

  ALTER TABLE "CRG222"."BATCH" ADD FOREIGN KEY ("SUPPLIERID")
	  REFERENCES "CRG222"."SUPPLIER" ("SUPPLIERID") ON DELETE SET NULL ENABLE;
--------------------------------------------------------
--  Ref Constraints for Table CONTAINS
--------------------------------------------------------

  ALTER TABLE "CRG222"."CONTAINS" ADD FOREIGN KEY ("BATCHID")
	  REFERENCES "CRG222"."BATCH" ("BATCHID") ON DELETE CASCADE ENABLE;
  ALTER TABLE "CRG222"."CONTAINS" ADD FOREIGN KEY ("SHIPMENTID")
	  REFERENCES "CRG222"."SHIPMENT" ("SHIPMENTID") ON DELETE CASCADE ENABLE;
--------------------------------------------------------
--  Ref Constraints for Table INGREDIENTS
--------------------------------------------------------

  ALTER TABLE "CRG222"."INGREDIENTS" ADD CONSTRAINT "INGREDIENTS_FK1" FOREIGN KEY ("PRODUCTID")
	  REFERENCES "CRG222"."PRODUCTLINE" ("PRODUCTLINEID") ENABLE;
  ALTER TABLE "CRG222"."INGREDIENTS" ADD CONSTRAINT "INGREDIENTS_FK2" FOREIGN KEY ("COMPONENTID")
	  REFERENCES "CRG222"."PRODUCTLINE" ("PRODUCTLINEID") ENABLE;
--------------------------------------------------------
--  Ref Constraints for Table MADEFROM
--------------------------------------------------------

  ALTER TABLE "CRG222"."MADEFROM" ADD CONSTRAINT "MADEFROM_FK1" FOREIGN KEY ("PRODUCTLINEID")
	  REFERENCES "CRG222"."PRODUCTLINE" ("PRODUCTLINEID") ENABLE;
  ALTER TABLE "CRG222"."MADEFROM" ADD CONSTRAINT "SYS_C0027418" FOREIGN KEY ("BATCHID")
	  REFERENCES "CRG222"."BATCH" ("BATCHID") ON DELETE CASCADE ENABLE;
--------------------------------------------------------
--  Ref Constraints for Table MANUFACTURES
--------------------------------------------------------

  ALTER TABLE "CRG222"."MANUFACTURES" ADD CONSTRAINT "MANUFACTURES_FK1" FOREIGN KEY ("BATCHID")
	  REFERENCES "CRG222"."BATCH" ("BATCHID") ON DELETE CASCADE ENABLE;
  ALTER TABLE "CRG222"."MANUFACTURES" ADD CONSTRAINT "MANUFACTURES_FK2" FOREIGN KEY ("SUPPLIERID")
	  REFERENCES "CRG222"."SUPPLIER" ("SUPPLIERID") ON DELETE CASCADE ENABLE;
--------------------------------------------------------
--  Ref Constraints for Table OFFERS
--------------------------------------------------------

  ALTER TABLE "CRG222"."OFFERS" ADD CONSTRAINT "OFFERS_FK1" FOREIGN KEY ("PRODUCTLINEID")
	  REFERENCES "CRG222"."PRODUCTLINE" ("PRODUCTLINEID") ENABLE;
  ALTER TABLE "CRG222"."OFFERS" ADD CONSTRAINT "SYS_C0027420" FOREIGN KEY ("SUPPLIERID")
	  REFERENCES "CRG222"."SUPPLIER" ("SUPPLIERID") ON DELETE CASCADE ENABLE;
--------------------------------------------------------
--  Ref Constraints for Table RECEIVES
--------------------------------------------------------

  ALTER TABLE "CRG222"."RECEIVES" ADD FOREIGN KEY ("SHIPMENTID")
	  REFERENCES "CRG222"."SHIPMENT" ("SHIPMENTID") ON DELETE CASCADE ENABLE;
  ALTER TABLE "CRG222"."RECEIVES" ADD CONSTRAINT "SYS_C0027835" FOREIGN KEY ("SUPPLIERID")
	  REFERENCES "CRG222"."SUPPLIER" ("SUPPLIERID") ON DELETE SET NULL ENABLE;
--------------------------------------------------------
--  Ref Constraints for Table SHIPS
--------------------------------------------------------

  ALTER TABLE "CRG222"."SHIPS" ADD FOREIGN KEY ("SHIPMENTID")
	  REFERENCES "CRG222"."SHIPMENT" ("SHIPMENTID") ON DELETE CASCADE ENABLE;
  ALTER TABLE "CRG222"."SHIPS" ADD CONSTRAINT "SYS_C0027838" FOREIGN KEY ("SUPPLIERID")
	  REFERENCES "CRG222"."SUPPLIER" ("SUPPLIERID") ON DELETE CASCADE ENABLE;
--------------------------------------------------------
--  Ref Constraints for Table SUPPLIERPHONE
--------------------------------------------------------

  ALTER TABLE "CRG222"."SUPPLIERPHONE" ADD FOREIGN KEY ("SUPPLIERID")
	  REFERENCES "CRG222"."SUPPLIER" ("SUPPLIERID") ON DELETE CASCADE ENABLE;
--------------------------------------------------------
--  Ref Constraints for Table SUPPLIES
--------------------------------------------------------

  ALTER TABLE "CRG222"."SUPPLIES" ADD CONSTRAINT "SYS_C0027405" FOREIGN KEY ("SUPPLIERID")
	  REFERENCES "CRG222"."SUPPLIER" ("SUPPLIERID") ON DELETE CASCADE ENABLE;
  ALTER TABLE "CRG222"."SUPPLIES" ADD CONSTRAINT "SYS_C0027406" FOREIGN KEY ("RECEIVERID")
	  REFERENCES "CRG222"."SUPPLIER" ("SUPPLIERID") ON DELETE CASCADE ENABLE;
